죄종별,죄종별(2),죄종별(3),연령별,항목,단위,1994 년,1995 년,1996 년,1997 년,1998 년,1999 년,2000 년,2001 년,2002 년,2003 년,2004 년,2005 년,2006 년,2007 년,2008 년,2009 년,2010 년
총범죄,소계,소계,미성년,범죄자[명],명,108681,123372,136323,153380,151383,141519,143018,131059,115210,96697,86861,83477,90628,115661,123044,118058,94862
총범죄,소계,소계,14세미만,범죄자[명],명,2648,2109,2149,1875,1440,1339,1437,1378,1667,1376,1503,1679,1718,2602,5547,2615,621
총범죄,소계,소계,성인,범죄자[명],명,1302941,1325225,1412545,1516202,1707707,1777161,1749212,1841330,1821169,1811469,2093377,1838155,1858300,1955214,2144039,2151798,1836620
총범죄,소계,소계,미상,범죄자[명],명,11996,1562,2532,2773,3906,7478,5185,7785,6608,9044,87666,48194,43849,38670,66037,63859,54837
형법범,소계,소계,미성년,범죄자[명],명,78972,84998,86611,99519,103243,94310,96150,84518,75511,67408,61577,62008,66740,80008,75331,86087,74368
형법범,소계,소계,14세미만,범죄자[명],명,1876,1496,1525,1261,1032,947,1038,957,1209,960,1328,1281,1421,2052,1697,865,381
형법범,소계,소계,성인,범죄자[명],명,534373,557447,606287,609728,716375,848483,828751,833319,771610,794986,925346,882418,929141,923179,951091,1034814,920564
형법범,소계,소계,미상,범죄자[명],명,3895,568,849,1030,1589,4049,2820,3273,3189,4479,56187,36113,31699,28164,38353,43899,39525
형법범,강력범,소계,미성년,범죄자[명],명,5510,3780,3334,4118,4870,3828,3268,2454,2041,2221,1839,1533,1825,2113,2322,2786,3428
형법범,강력범,소계,14세미만,범죄자[명],명,63,40,23,21,18,25,42,26,18,34,19,18,44,44,47,26,17
형법범,강력범,소계,성인,범죄자[명],명,9536,7672,8584,9217,11400,11409,11085,10997,10671,12597,12817,12433,13709,14134,15142,17519,21963
형법범,강력범,소계,미상,범죄자[명],명,80,14,14,16,32,65,49,71,63,79,1037,579,453,440,501,654,595
형법범,강력범,살인,미성년,범죄자[명],명,76,84,61,66,76,68,54,50,53,24,27,32,30,29,19,23,23
형법범,강력범,살인,14세미만,범죄자[명],명,,1,,1,2,1,4,,,2,2,,,1,1,,
형법범,강력범,살인,성인,범죄자[명],명,660,639,714,791,1019,1048,1002,1114,995,1056,1090,1122,1168,1234,1202,1458,1313
형법범,강력범,살인,미상,범죄자[명],명,1,,1,,,9,2,7,3,5,83,24,34,49,30,34,8
형법범,강력범,강도,미성년,범죄자[명],명,4017,2965,2634,3412,4132,3117,2619,1922,1618,1840,1409,1032,1181,1399,1604,2100,1198
형법범,강력범,강도,14세미만,범죄자[명],명,41,17,10,12,10,17,18,11,8,24,8,6,9,16,12,8,
형법범,강력범,강도,성인,범죄자[명],명,2990,2354,2455,2972,4187,3822,3691,3585,3815,5097,4441,3685,3712,3823,4280,6029,4091
형법범,강력범,강도,미상,범죄자[명],명,47,7,9,10,14,27,27,40,20,33,616,367,292,249,290,424,253
형법범,강력범,강간,미성년,범죄자[명],명,1355,665,602,581,584,567,511,391,317,299,321,323,472,467,464,454,2029
형법범,강력범,강간,14세미만,범죄자[명],명,11,14,10,6,2,5,5,5,6,2,4,1,12,4,10,3,9
형법범,강력범,강간,성인,범죄자[명],명,5261,4149,4767,4766,5132,5598,5390,5171,4782,5090,5852,6171,7492,7753,8206,8608,15297
형법범,강력범,강간,미상,범죄자[명],명,32,7,4,6,16,28,19,22,37,36,308,173,120,126,162,153,320
형법범,강력범,방화,미성년,범죄자[명],명,62,66,37,59,78,76,84,91,53,58,82,146,142,218,235,209,178
형법범,강력범,방화,14세미만,범죄자[명],명,11,8,3,2,4,2,15,10,4,6,5,11,23,23,24,15,8
형법범,강력범,방화,성인,범죄자[명],명,625,530,648,688,1062,941,1002,1127,1079,1354,1434,1455,1337,1324,1454,1424,1262
형법범,강력범,방화,미상,범죄자[명],명,,,,,2,1,1,2,3,5,30,15,7,16,19,43,14
형법범,절도범,소계,미성년,범죄자[명],명,29225,30181,31392,34201,41063,32898,32668,25188,26345,24208,23417,27367,30652,38143,36044,43549,37069
형법범,절도범,소계,14세미만,범죄자[명],명,1130,906,878,731,598,453,477,425,702,412,602,723,923,1305,986,512,201
형법범,절도범,소계,성인,범죄자[명],명,23863,21808,20573,21973,31970,33613,33112,34035,36962,37104,40590,42706,46600,53452,58546,79269,79148
형법범,절도범,소계,미상,범죄자[명],명,283,31,65,116,161,300,302,249,337,339,4391,2076,1763,1613,1728,3266,2893
형법범,절도범,절도,미성년,범죄자[명],명,6962,,,,,,,,,,,,,,,,
형법범,절도범,절도,14세미만,범죄자[명],명,150,,,,,,,,,,,,,,,,
형법범,절도범,절도,성인,범죄자[명],명,14427,,,,,,,,,,,,,,,,
형법범,절도범,절도,미상,범죄자[명],명,106,,,,,,,,,,,,,,,,
형법범,절도범,특가법(절도),미성년,범죄자[명],명,1504,,,,,,,,,,,,,,,,
형법범,절도범,특가법(절도),14세미만,범죄자[명],명,63,,,,,,,,,,,,,,,,
형법범,절도범,특가법(절도),성인,범죄자[명],명,1753,,,,,,,,,,,,,,,,
형법범,절도범,특가법(절도),미상,범죄자[명],명,37,,,,,,,,,,,,,,,,
형법범,절도범,특가법(절도강간),미성년,범죄자[명],명,1,,,,,,,,,,,,,,,,
형법범,절도범,야간주거침입절도,미성년,범죄자[명],명,807,,,,,,,,,,,,,,,,
형법범,절도범,야간주거침입절도,14세미만,범죄자[명],명,9,,,,,,,,,,,,,,,,
형법범,절도범,야간주거침입절도,성인,범죄자[명],명,1865,,,,,,,,,,,,,,,,
형법범,절도범,야간주거침입절도,미상,범죄자[명],명,10,,,,,,,,,,,,,,,,
형법범,절도범,야간주거침입절도(상습),미성년,범죄자[명],명,1,,,,,,,,,,,,,,,,
형법범,절도범,야간주거침입절도(상습),성인,범죄자[명],명,5,,,,,,,,,,,,,,,,
형법범,절도범,특수절도,미성년,범죄자[명],명,19815,,,,,,,,,,,,,,,,
형법범,절도범,특수절도,14세미만,범죄자[명],명,901,,,,,,,,,,,,,,,,
형법범,절도범,특수절도,성인,범죄자[명],명,5662,,,,,,,,,,,,,,,,
형법범,절도범,특수절도,미상,범죄자[명],명,129,,,,,,,,,,,,,,,,
형법범,절도범,특수절도(상습),미성년,범죄자[명],명,5,,,,,,,,,,,,,,,,
형법범,절도범,특수절도(상습),14세미만,범죄자[명],명,2,,,,,,,,,,,,,,,,
형법범,절도범,특수절도(상습),성인,범죄자[명],명,5,,,,,,,,,,,,,,,,
형법범,절도범,상습절도,미성년,범죄자[명],명,130,,,,,,,,,,,,,,,,
형법범,절도범,상습절도,14세미만,범죄자[명],명,5,,,,,,,,,,,,,,,,
형법범,절도범,상습절도,성인,범죄자[명],명,146,,,,,,,,,,,,,,,,
형법범,절도범,상습절도,미상,범죄자[명],명,1,,,,,,,,,,,,,,,,
형법범,폭력범,소계,미성년,범죄자[명],명,40611,47317,47735,56747,52111,52205,54178,49410,37375,31510,27424,26635,27223,32265,30294,30241,24578
형법범,폭력범,소계,14세미만,범죄자[명],명,483,376,426,369,305,321,353,345,361,350,326,428,396,646,597,273,133
형법범,폭력범,소계,성인,범죄자[명],명,290172,277499,288029,292906,334480,420955,462110,462869,398113,402128,410404,400788,396763,413009,419512,415786,370120
형법범,폭력범,소계,미상,범죄자[명],명,1964,248,330,368,688,1893,1333,1656,1427,2026,14725,8342,5742,5360,4836,4718,4486
형법범,지능범,소계,미성년,범죄자[명],명,1884,2159,2391,2701,3419,3683,4328,5975,8564,8554,7762,5679,5421,6091,5434,8051,7822
형법범,지능범,소계,14세미만,범죄자[명],명,107,97,112,72,66,93,90,81,79,127,302,91,35,26,42,22,17
형법범,지능범,소계,성인,범죄자[명],명,133070,173719,213360,206990,252609,280536,212703,215181,222009,251832,360782,330064,342810,319102,329810,361060,324279
형법범,지능범,소계,미상,범죄자[명],명,1011,157,253,329,464,1281,737,828,868,1387,28208,19361,19258,17179,27918,31588,28544
형법범,풍속범,소계,미성년,범죄자[명],명,186,169,154,138,146,104,177,120,86,76,40,22,754,72,26,102,48
형법범,풍속범,소계,14세미만,범죄자[명],명,23,16,11,6,10,11,27,14,10,9,9,,,,,,2
형법범,풍속범,소계,성인,범죄자[명],명,45664,45000,42479,42453,45800,54290,62145,61176,55243,42145,48616,39634,62270,45618,45389,70556,42506
형법범,풍속범,소계,미상,범죄자[명],명,334,65,117,123,150,263,158,213,202,256,1937,1369,1183,887,850,1029,637
형법범,기타형법범,소계,미성년,범죄자[명],명,1556,1392,1605,1614,1634,1592,1531,1371,1100,839,1095,772,865,1324,1211,1358,1423
형법범,기타형법범,소계,14세미만,범죄자[명],명,70,61,75,62,35,44,49,66,39,28,70,21,23,31,25,32,11
형법범,기타형법범,소계,성인,범죄자[명],명,32068,31749,33262,36189,40116,47680,47596,49061,48612,49180,52137,56793,66989,77864,82692,90624,82548
형법범,기타형법범,소계,미상,범죄자[명],명,223,53,70,78,94,247,241,256,292,392,5889,4386,3300,2685,2520,2644,2370
형법범,기타형법범,장물에 관한죄,미성년,범죄자[명],명,771,709,638,634,675,554,454,299,291,195,198,213,280,406,346,466,487
형법범,기타형법범,장물에 관한죄,14세미만,범죄자[명],명,14,9,11,5,8,4,2,2,,2,1,1,4,4,,1,
형법범,기타형법범,장물에 관한죄,성인,범죄자[명],명,1423,1297,1350,1374,2550,2923,2413,1800,1496,1580,1705,2131,2441,3176,2103,3386,3962
형법범,기타형법범,장물에 관한죄,미상,범죄자[명],명,7,1,1,3,9,23,17,8,7,10,93,86,89,77,84,73,44
형법범,기타형법범,특가법(장물),미성년,범죄자[명],명,,1,3,,2,,,1,,,,1,2,,,2,
형법범,기타형법범,특가법(장물),성인,범죄자[명],명,,15,41,31,45,79,83,46,25,59,45,118,59,44,23,66,51
형법범,기타형법범,특가법(장물),미상,범죄자[명],명,,,,,1,,,1,,,3,4,5,,,,
형법범,기타형법범,내란의 죄,성인,범죄자[명],명,,,,,,,,,,,2,,,,,,
형법범,기타형법범,외환의 죄,성인,범죄자[명],명,9,,,,1,1,,7,1,,,,,,,,
형법범,기타형법범,국기에 관한 죄,성인,범죄자[명],명,,,,1,,,,1,,,,,,,,,
형법범,기타형법범,공안을 해하는 죄,미성년,범죄자[명],명,7,6,1,51,40,,2,1,1,8,,,,1,,4,
형법범,기타형법범,공안을 해하는 죄,14세미만,범죄자[명],명,1,,,,,,,,,,,,,,,4,
형법범,기타형법범,공안을 해하는 죄,성인,범죄자[명],명,46,48,51,72,41,104,63,79,58,35,40,41,62,46,55,22,21
형법범,기타형법범,공안을 해하는 죄,미상,범죄자[명],명,,,,,,,,,1,,2,,20,4,12,,
형법범,기타형법범,폭발물에 관한 죄,미성년,범죄자[명],명,,,,,,,,4,,,,1,,,6,,2
형법범,기타형법범,폭발물에 관한 죄,성인,범죄자[명],명,,,1,1,2,1,,2,,1,,1,,,3,,2
형법범,기타형법범,폭발물에 관한 죄,미상,범죄자[명],명,,,,,,,,,,,,,,1,,,
형법범,기타형법범,공무방해에 관한 죄,미성년,범죄자[명],명,247,228,371,383,378,428,442,447,372,255,509,214,210,323,241,198,192
형법범,기타형법범,공무방해에 관한 죄,14세미만,범죄자[명],명,3,,3,1,2,3,5,5,4,1,1,,,,,,
형법범,기타형법범,공무방해에 관한 죄,성인,범죄자[명],명,5862,5638,6625,7769,8787,9070,9029,10182,10882,10982,11821,11594,13779,17838,19533,19737,15998
형법범,기타형법범,공무방해에 관한 죄,미상,범죄자[명],명,49,5,7,9,5,39,33,34,42,41,404,172,63,135,104,127,74
형법범,기타형법범,도주와 도주원조죄,미성년,범죄자[명],명,5,2,1,1,3,8,13,4,6,3,,,4,4,3,2,1
형법범,기타형법범,도주와 도주원조죄,성인,범죄자[명],명,74,34,9,27,109,97,169,76,99,107,14,9,7,9,4,10,8
형법범,기타형법범,도주와 도주원조죄,미상,범죄자[명],명,,,,,,1,,,,,,,,3,,,1
형법범,기타형법범,범인은닉·범인도피죄,미성년,범죄자[명],명,44,42,55,66,78,95,91,108,83,87,54,29,18,31,13,29,28
형법범,기타형법범,범인은닉·범인도피죄,14세미만,범죄자[명],명,2,1,,,,1,,1,,2,,,,1,1,,
형법범,기타형법범,범인은닉·범인도피죄,성인,범죄자[명],명,410,425,535,594,689,671,756,944,965,940,791,460,454,486,515,605,557
형법범,기타형법범,범인은닉·범인도피죄,미상,범죄자[명],명,1,,1,,1,1,,2,1,1,15,2,,4,4,6,8
형법범,기타형법범,위증죄,미성년,범죄자[명],명,4,7,3,3,8,8,13,12,5,3,8,2,3,6,1,11,1
형법범,기타형법범,위증죄,14세미만,범죄자[명],명,,1,,2,1,1,1,1,,,1,,,,,,
형법범,기타형법범,위증죄,성인,범죄자[명],명,2438,2176,1987,2165,2256,3022,2867,2617,2311,2095,2546,2594,2613,2720,2872,3002,3008
형법범,기타형법범,위증죄,미상,범죄자[명],명,14,1,1,,1,11,4,7,5,8,213,94,55,53,69,70,36
형법범,기타형법범,허위감정·증거인멸은닉·증인은닉죄,미성년,범죄자[명],명,6,10,8,6,7,8,7,4,1,1,,,2,,3,,
형법범,기타형법범,허위감정·증거인멸은닉·증인은닉죄,성인,범죄자[명],명,55,99,38,39,52,59,66,74,81,66,35,45,68,70,47,67,79
형법범,기타형법범,허위감정·증거인멸은닉·증인은닉죄,미상,범죄자[명],명,,,,,,,1,1,,2,13,7,8,5,1,5,20
형법범,기타형법범,무고의 죄,미성년,범죄자[명],명,18,16,14,25,21,21,44,32,30,30,24,13,18,18,13,24,18
형법범,기타형법범,무고의 죄,14세미만,범죄자[명],명,1,,3,1,,,1,3,,3,6,1,1,,,1,
형법범,기타형법범,무고의 죄,성인,범죄자[명],명,1779,1673,1708,1834,1851,2585,2568,2595,2441,2394,2556,2909,3107,2703,2960,3515,3513
형법범,기타형법범,무고의 죄,미상,범죄자[명],명,8,,1,4,7,19,4,20,18,22,513,340,202,174,137,185,211
형법범,기타형법범,특가법(무고),미성년,범죄자[명],명,,,,,,,,5,2,,1,,,,,,
형법범,기타형법범,특가법(무고),성인,범죄자[명],명,,,,,1,2,2,2,4,1,6,9,2,6,,1,
형법범,기타형법범,신앙에 관한 죄,미성년,범죄자[명],명,7,6,3,2,3,6,1,,,5,6,3,1,,,1,1
형법범,기타형법범,신앙에 관한 죄,14세미만,범죄자[명],명,1,,,,1,,,,,,1,,,,,,
형법범,기타형법범,신앙에 관한 죄,성인,범죄자[명],명,247,228,222,270,209,287,218,329,288,423,446,403,512,556,336,417,383
형법범,기타형법범,신앙에 관한 죄,미상,범죄자[명],명,,,1,,,1,30,,1,1,73,54,26,61,26,29,31
형법범,기타형법범,실화 및 업무상실화죄,미성년,범죄자[명],명,138,130,128,102,93,94,96,80,69,37,49,53,49,81,96,92,72
형법범,기타형법범,실화 및 업무상실화죄,14세미만,범죄자[명],명,28,31,35,38,11,22,24,25,29,11,25,13,10,10,12,10,1
형법범,기타형법범,실화 및 업무상실화죄,성인,범죄자[명],명,1708,1542,1450,1402,1145,1253,1412,1456,1176,1093,1134,1145,1086,1073,1141,1221,1136
형법범,기타형법범,실화 및 업무상실화죄,미상,범죄자[명],명,18,1,,4,2,1,2,1,1,3,88,63,50,34,26,50,37
형법범,기타형법범,일수와 수리에 관한 죄,성인,범죄자[명],명,16,19,12,18,22,19,15,30,17,7,13,15,11,15,16,4,17
형법범,기타형법범,일수와 수리에 관한 죄,미상,범죄자[명],명,,,1,,,,,,,,1,1,5,1,,,
형법범,기타형법범,교통 방해의 죄,미성년,범죄자[명],명,52,7,19,20,14,25,13,54,10,14,6,5,11,19,6,14,14
형법범,기타형법범,교통 방해의 죄,14세미만,범죄자[명],명,,,3,,,,,1,,,,,,,,,
형법범,기타형법범,교통 방해의 죄,성인,범죄자[명],명,1022,926,1041,1013,1209,1038,1117,1228,1045,1699,950,1025,1232,1485,1546,1866,1504
형법범,기타형법범,교통 방해의 죄,미상,범죄자[명],명,3,5,8,3,4,1,5,1,5,10,54,46,26,26,34,15,31
형법범,기타형법범,음용수에 관한 죄,미성년,범죄자[명],명,,,,,,,,,,,,,,,,,2
형법범,기타형법범,음용수에 관한 죄,성인,범죄자[명],명,34,40,21,22,13,59,43,39,28,33,13,29,28,37,27,27,31
형법범,기타형법범,음용수에 관한 죄,미상,범죄자[명],명,,,,,,,,1,,1,3,3,4,3,1,4,1
형법범,기타형법범,"아편, 몰핀에 관한죄",성인,범죄자[명],명,2,,,,,,,,,,,,,,,,
형법범,기타형법범,과실사상의 죄,미성년,범죄자[명],명,67,75,74,71,51,83,84,59,66,58,64,64,52,58,46,84,66
형법범,기타형법범,과실사상의 죄,14세미만,범죄자[명],명,6,11,8,8,5,2,5,6,2,1,7,2,5,7,1,3,5
형법범,기타형법범,과실사상의 죄,성인,범죄자[명],명,4944,4838,4951,4865,4331,4461,4886,4736,4477,4743,4644,4378,4885,4815,4804,5152,5313
형법범,기타형법범,과실사상의 죄,미상,범죄자[명],명,23,8,7,4,12,18,16,10,13,34,375,203,149,110,100,87,104
형법범,기타형법범,낙태의 죄,미성년,범죄자[명],명,2,,,,1,3,3,2,2,1,,4,3,1,,,2
형법범,기타형법범,낙태의 죄,성인,범죄자[명],명,31,37,18,34,42,57,66,68,38,32,44,41,53,33,51,39,102
형법범,기타형법범,낙태의 죄,미상,범죄자[명],명,1,,,,,1,,,1,1,4,2,,,2,1,
형법범,기타형법범,유기의 죄,미성년,범죄자[명],명,13,7,8,13,3,10,9,19,15,10,13,8,5,8,5,7,7
형법범,기타형법범,유기의 죄,성인,범죄자[명],명,84,91,86,76,87,132,112,126,87,114,187,146,126,153,135,126,110
형법범,기타형법범,유기의 죄,미상,범죄자[명],명,,,,2,,,,,,1,12,2,3,5,4,4,5
형법범,기타형법범,명예에 관한 죄,미성년,범죄자[명],명,16,10,20,13,13,48,65,93,52,42,50,48,62,108,105,143,257
형법범,기타형법범,명예에 관한 죄,14세미만,범죄자[명],명,5,2,4,2,,3,2,18,4,4,14,2,,2,3,6,4
형법범,기타형법범,명예에 관한 죄,성인,범죄자[명],명,4010,4130,4017,4105,4305,6472,7093,7507,7304,7372,7950,9538,10411,11748,14072,15836,15523
형법범,기타형법범,명예에 관한 죄,미상,범죄자[명],명,27,18,26,27,24,51,74,77,100,159,2111,1955,1436,1069,1071,1101,1066
형법범,기타형법범,신용·업무와 경매에 관한 죄,미성년,범죄자[명],명,16,31,43,27,57,50,74,60,49,39,45,47,33,61,70,65,56
형법범,기타형법범,신용·업무와 경매에 관한 죄,14세미만,범죄자[명],명,,1,3,2,2,2,2,3,,2,7,,,3,,1,
형법범,기타형법범,신용·업무와 경매에 관한 죄,성인,범죄자[명],명,4533,4828,4843,5635,5748,7677,8320,9269,10481,10336,10767,13143,16157,20051,21518,23895,20405
형법범,기타형법범,신용·업무와 경매에 관한 죄,미상,범죄자[명],명,42,9,9,14,19,36,19,54,72,57,1277,970,772,670,582,666,507
형법범,기타형법범,비밀침해죄,미성년,범죄자[명],명,,,,,,,,,,,1,1,1,,,,
형법범,기타형법범,비밀침해죄,14세미만,범죄자[명],명,,,,,,,,,,,1,,,,,,
형법범,기타형법범,비밀침해죄,성인,범죄자[명],명,6,6,8,10,2,9,9,13,14,7,20,22,42,37,34,39,45
형법범,기타형법범,비밀침해죄,미상,범죄자[명],명,,,,,,,,,,,7,1,2,2,10,3,6
형법범,기타형법범,주거침입의 죄,미성년,범죄자[명],명,136,101,206,187,175,139,113,74,43,40,43,47,102,188,239,194,198
형법범,기타형법범,주거침입의 죄,14세미만,범죄자[명],명,7,2,2,2,4,2,4,1,,1,1,1,3,4,6,6,1
형법범,기타형법범,주거침입의 죄,성인,범죄자[명],명,900,813,1081,1076,1289,1736,1651,1601,1582,1516,1886,2257,4227,5123,5682,6019,5676
형법범,기타형법범,주거침입의 죄,미상,범죄자[명],명,10,,4,4,1,9,15,14,8,15,186,119,158,78,77,91,113
형법범,기타형법범,권리행사를 방해하는 죄,미성년,범죄자[명],명,6,4,10,10,12,12,7,13,3,11,15,5,9,9,13,22,19
형법범,기타형법범,권리행사를 방해하는 죄,14세미만,범죄자[명],명,2,3,3,1,1,4,3,,,1,5,1,,,,,
형법범,기타형법범,권리행사를 방해하는 죄,성인,범죄자[명],명,2396,2846,3167,3754,5330,5859,4638,4234,3710,3545,4400,4688,5557,5223,4777,5557,5096
형법범,기타형법범,권리행사를 방해하는 죄,미상,범죄자[명],명,19,5,3,4,8,35,21,25,17,26,420,262,224,155,165,127,75
형법범,기타형법범,인질강요,성인,범죄자[명],명,,,,2,,1,,,2,,2,,1,,3,,
형법범,기타형법범,인질강요,미상,범죄자[명],명,,,,,,,,,,,1,,,,,,
형법범,기타형법범,인질상해(치상),성인,범죄자[명],명,,,,,,6,,,,,,4,1,1,,,1
형법범,기타형법범,인질살해(치사),성인,범죄자[명],명,,,,,,,,,,,,,,,,,1
형법범,기타형법범,기타,미성년,범죄자[명],명,,,,,,,,,,,9,14,,2,5,,
형법범,기타형법범,기타,14세미만,범죄자[명],명,,,,,,,,,,,,,,,2,,
형법범,기타형법범,기타,성인,범죄자[명],명,,,,,,,,,,,120,48,68,416,435,15,6
형법범,기타형법범,기타,미상,범죄자[명],명,,,,,,,,,,,21,,3,15,11,,
특별법범,소계,소계,미성년,범죄자[명],명,29709,38374,49712,53861,48140,47209,46868,46541,39699,29289,25284,21469,23888,35653,47713,31971,20494
특별법범,소계,소계,14세미만,범죄자[명],명,772,613,624,614,408,392,399,421,458,416,175,398,297,550,3850,1750,240
특별법범,소계,소계,성인,범죄자[명],명,768568,767778,806258,906474,991332,928678,920461,1008011,1049559,1016483,1168031,955737,929159,1032035,1192948,1116984,916056
특별법범,소계,소계,미상,범죄자[명],명,8101,994,1683,1743,2317,3429,2365,4512,3419,4565,31479,12081,12150,10506,27684,19960,15312
특별법범,가정의례에 관한 법률,소계,미성년,범죄자[명],명,5,,,,,,,,,,,,,,,,
특별법범,가정의례에 관한 법률,소계,14세미만,범죄자[명],명,1,,,,,,,,,,,,,,,,
특별법범,가정의례에 관한 법률,소계,성인,범죄자[명],명,576,307,78,149,54,76,13,2,,,,,,,,,
특별법범,가정의례에 관한 법률,소계,미상,범죄자[명],명,8,,,,,,,,,,,,,,,,
특별법범,건설기계관리법,소계,미성년,범죄자[명],명,6,,,,,,,,,,,,,,1,,1
특별법범,건설기계관리법,소계,14세미만,범죄자[명],명,2,,,,,,,,,,,,,,,,1
특별법범,건설기계관리법,소계,성인,범죄자[명],명,909,23,4,,,,,,,,,,,,559,496,601
특별법범,건설기계관리법,소계,미상,범죄자[명],명,128,,,,,,,,,,,,,,13,8,18
특별법범,건설산업기본법,소계,성인,범죄자[명],명,,,,,,,,,,,398,530,398,384,357,582,760
특별법범,건설산업기본법,소계,미상,범죄자[명],명,,,,,,,,,,,90,43,34,11,17,15,76
특별법범,건설업법,소계,미성년,범죄자[명],명,1,1,,,,,,,,,,,,,,,
특별법범,건설업법,소계,14세미만,범죄자[명],명,1,1,,,,,,,,,,,,,,,
특별법범,건설업법,소계,성인,범죄자[명],명,748,932,658,392,132,35,8,2,,,,,,,,,
특별법범,건설업법,소계,미상,범죄자[명],명,8,7,11,10,4,,,1,,,,,,,,,
특별법범,건설폐기물의재활용촉진에관한법률,소계,성인,범죄자[명],명,,,,,,,,,,,,,,,,,118
특별법범,건설폐기물의재활용촉진에관한법률,소계,미상,범죄자[명],명,,,,,,,,,,,,,,,,,6
특별법범,건축법,소계,미성년,범죄자[명],명,24,16,15,13,10,7,9,8,10,10,3,3,,,1,3,
특별법범,건축법,소계,14세미만,범죄자[명],명,11,4,5,5,,2,3,4,2,3,2,,,,,1,
특별법범,건축법,소계,성인,범죄자[명],명,11239,10973,9073,9464,8159,8011,7535,8230,9505,9662,9734,6446,5959,5252,5811,6018,5488
특별법범,건축법,소계,미상,범죄자[명],명,112,19,39,57,37,35,22,38,28,39,366,92,69,57,52,62,108
특별법범,게임산업진흥에 관한 법률,소계,미성년,범죄자[명],명,,,,,,,,,,,,,9,389,155,219,156
특별법범,게임산업진흥에 관한 법률,소계,14세미만,범죄자[명],명,,,,,,,,,,,,,,,,,1
특별법범,게임산업진흥에 관한 법률,소계,성인,범죄자[명],명,,,,,,,,,,,,,1283,30102,25995,29219,19266
특별법범,게임산업진흥에 관한 법률,소계,미상,범죄자[명],명,,,,,,,,,,,,,1,137,355,626,424
특별법범,경범죄처벌법,소계,미성년,범죄자[명],명,1,17,14,15,21,1,1,,,2,,,,,,,1
특별법범,경범죄처벌법,소계,성인,범죄자[명],명,85,66,56,86,79,30,41,55,47,51,64,72,126,114,190,230,200
특별법범,경범죄처벌법,소계,미상,범죄자[명],명,,,,,,,,1,,1,1,,,,,,3
특별법범,경찰관직무집행법,소계,성인,범죄자[명],명,,,,,,1,,,,,,,,,,,
특별법범,계량법,소계,미성년,범죄자[명],명,2,,,,,,,,,,,,,,,,
특별법범,계량법,소계,성인,범죄자[명],명,47,2,1,1,1,12,1,,,1,,,,,,,
특별법범,계량법,소계,미상,범죄자[명],명,2,,,,,,,,,1,,,,,,,
특별법범,계량에 관한 법률,소계,성인,범죄자[명],명,,,,,,,,,,,,,,2,,,
특별법범,고압가스안전관리법,소계,미성년,범죄자[명],명,,1,1,,,,,,1,,,,,,,,
특별법범,고압가스안전관리법,소계,성인,범죄자[명],명,55,81,128,67,34,115,91,80,88,85,74,74,54,79,85,34,
특별법범,고압가스안전관리법,소계,미상,범죄자[명],명,,,2,2,,5,1,1,1,,,4,,1,,1,
특별법범,골재채취법,소계,미성년,범죄자[명],명,,,,,,,,1,,,,,,,,,
특별법범,골재채취법,소계,성인,범죄자[명],명,71,84,81,94,101,116,104,103,131,264,190,151,103,150,115,93,117
특별법범,골재채취법,소계,미상,범죄자[명],명,1,2,3,3,1,2,1,,1,,22,7,1,10,1,1,11
특별법범,공공기관의 개인정보보호에 관한 법률,소계,미성년,범죄자[명],명,,,,,,,,,,,,,,1,,,
특별법범,공공기관의 개인정보보호에 관한 법률,소계,성인,범죄자[명],명,,,,,,,,,,,55,106,102,120,137,81,170
특별법범,공공기관의 개인정보보호에 관한 법률,소계,미상,범죄자[명],명,,,,,,,,,,,24,14,4,12,8,12,16
특별법범,공연법,소계,미성년,범죄자[명],명,,1,,,,,,1,,,,,,,,,
특별법범,공연법,소계,성인,범죄자[명],명,20,25,21,31,6,9,11,13,13,6,,10,1,5,2,3,6
특별법범,공유수면관리법,소계,성인,범죄자[명],명,,,,,,,,,,,319,383,349,551,413,317,324
특별법범,공유수면관리법,소계,미상,범죄자[명],명,,,,,,,,,,,21,1,2,5,1,,7
특별법범,공중위생관리법,소계,미성년,범죄자[명],명,,,,,,,,,,,,,6,2,2,2,5
특별법범,공중위생관리법,소계,성인,범죄자[명],명,,,,,,,,,,,554,254,436,526,525,430,512
특별법범,공중위생관리법,소계,미상,범죄자[명],명,,,,,,,,,,,12,1,5,2,,1,3
특별법범,공중위생법,소계,미성년,범죄자[명],명,6,10,6,14,11,5,,,,,,,,,,,
특별법범,공중위생법,소계,14세미만,범죄자[명],명,1,3,2,1,1,,,,,,,,,,,,
특별법범,공중위생법,소계,성인,범죄자[명],명,2636,3919,3814,4242,6321,3276,242,113,93,97,,,,,,,
특별법범,공중위생법,소계,미상,범죄자[명],명,12,1,2,2,9,11,,,,2,,,,,,,
특별법범,공직선거 및 부정방지법,소계,미성년,범죄자[명],명,,,,,,2,,,,,,,,,,,
특별법범,공직선거 및 부정방지법,소계,성인,범죄자[명],명,,,,,,244,,,,,,,,,,,
특별법범,공직선거 및 선거부정방지법,소계,미성년,범죄자[명],명,,,,5,28,,38,,14,5,36,2,,,,,
특별법범,공직선거 및 선거부정방지법,소계,14세미만,범죄자[명],명,,,,1,,,2,,1,,,,,,,,
특별법범,공직선거 및 선거부정방지법,소계,성인,범죄자[명],명,,,,112,2943,,2328,141,5467,559,2950,276,144,2,1,,2
특별법범,공직선거 및 선거부정방지법,소계,미상,범죄자[명],명,,,,1,2,,11,2,26,,115,3,7,,,,
특별법범,공직선거법,소계,미성년,범죄자[명],명,,,,,,,,,,,,,7,27,5,,3
특별법범,공직선거법,소계,14세미만,범죄자[명],명,,,,,,,,,,,,,,5,,,
특별법범,공직선거법,소계,성인,범죄자[명],명,,,,,,,,,,,,,3877,780,3408,256,3033
특별법범,공직선거법,소계,미상,범죄자[명],명,,,,,,,,,,,,,58,7,48,20,108
특별법범,관세법,소계,성인,범죄자[명],명,16,16,23,2,19,13,8,2,10,5,15,16,43,50,13,27,17
특별법범,관세법,소계,미상,범죄자[명],명,,,,,1,,,,,,1,,2,,,2,5
특별법범,교통사고처리특례법,소계,미성년,범죄자[명],명,,,,,,,,,,,5302,4689,5172,6001,5029,4806,4277
특별법범,교통사고처리특례법,소계,14세미만,범죄자[명],명,,,,,,,,,,,33,77,61,71,54,35,39
특별법범,교통사고처리특례법,소계,성인,범죄자[명],명,,,,,,,,,,,209862,193099,196384,194557,189936,203202,200847
특별법범,교통사고처리특례법,소계,미상,범죄자[명],명,,,,,,,,,,,2583,657,95,77,64,27,625
특별법범,교통사고특례법,소계,미성년,범죄자[명],명,8178,8240,8193,7946,6825,8357,9447,8381,6641,5806,,,,,,,
특별법범,교통사고특례법,소계,14세미만,범죄자[명],명,187,183,192,134,98,116,86,74,77,80,,,,,,,
특별법범,교통사고특례법,소계,성인,범죄자[명],명,245780,230216,241395,224117,208132,235769,251331,231162,208850,209632,,,,,,,
특별법범,교통사고특례법,소계,미상,범죄자[명],명,1188,118,165,138,123,368,272,413,265,484,,,,,,,
특별법범,구국가보안법,소계,미성년,범죄자[명],명,4,2,17,6,8,5,,,1,1,,,,,,,
특별법범,구국가보안법,소계,14세미만,범죄자[명],명,1,,,,,,,,,,,,,,,,
특별법범,구국가보안법,소계,성인,범죄자[명],명,96,44,78,88,78,55,37,17,9,1,,,,,,,
특별법범,국가보안법,소계,미성년,범죄자[명],명,11,4,6,11,8,4,2,,,,1,,,,,,
특별법범,국가보안법,소계,14세미만,범죄자[명],명,,,1,,,,,,,,,,,,,,
특별법범,국가보안법,소계,성인,범죄자[명],명,323,206,369,529,378,226,102,49,33,33,86,37,39,48,33,37,74
특별법범,국가보안법,소계,미상,범죄자[명],명,,4,,,2,2,,1,2,,1,2,,2,,,
특별법범,국민건강보험법,소계,성인,범죄자[명],명,,,,,,,,,,,7,11,8,29,29,59,31
특별법범,국민건강보험법,소계,미상,범죄자[명],명,,,,,,,,,,,2,2,,1,6,3,2
특별법범,국민연금법,소계,성인,범죄자[명],명,,,,,,,,,,,166,77,96,37,39,27,37
특별법범,국민연금법,소계,미상,범죄자[명],명,,,,,,,,,,,17,9,1,,1,1,1
특별법범,국토의계획 및 이용에 관한 법률,소계,미성년,범죄자[명],명,,,,,,,,,,,,,,3,1,,
특별법범,국토의계획 및 이용에 관한 법률,소계,성인,범죄자[명],명,,,,,,,,,,,1810,2971,2190,2013,1705,1285,1236
특별법범,국토의계획 및 이용에 관한 법률,소계,미상,범죄자[명],명,,,,,,,,,,,50,28,14,27,22,16,25
특별법범,국회의원 선거법,소계,성인,범죄자[명],명,1,,1,,,,,,,,,,,,,,
특별법범,근로기준법,소계,미성년,범죄자[명],명,,,,,,,1,1,1,,,,6,1,,1,
특별법범,근로기준법,소계,성인,범죄자[명],명,7,23,30,36,36,196,93,95,69,33,24,35,35,35,39,47,39
특별법범,근로기준법,소계,미상,범죄자[명],명,,,,,,,,1,,1,4,5,2,,2,4,5
특별법범,낚시어선업법,소계,성인,범죄자[명],명,,,,,,,,,,,294,313,245,210,223,193,202
특별법범,낚시어선업법,소계,미상,범죄자[명],명,,,,,,,,,,,6,2,,,,,1
특별법범,내수면어업법,소계,미성년,범죄자[명],명,,,,,,,,,,,1,,,2,,,1
특별법범,내수면어업법,소계,성인,범죄자[명],명,,,,,,,,,,,260,258,234,233,308,296,126
특별법범,내수면어업법,소계,미상,범죄자[명],명,,,,,,,,,,,5,5,5,,5,10,3
특별법범,노동쟁의조정법,소계,성인,범죄자[명],명,55,10,9,3,,,,,,,,,,,,,
특별법범,노동조합 및 노동관계 조정법,소계,성인,범죄자[명],명,,,,,,,,,,,,60,8,36,7,11,9
특별법범,노동조합 및 노동관계 조정법,소계,미상,범죄자[명],명,,,,,,,,,,,,2,6,1,,,
특별법범,농산물품질관리법,소계,성인,범죄자[명],명,,,,,,,,,,,360,152,69,54,227,200,77
특별법범,농산물품질관리법,소계,미상,범죄자[명],명,,,,,,,,,,,8,3,1,,4,,1
특별법범,농수산물 유통 및 가격안정에 관한 법률,소계,성인,범죄자[명],명,62,5,37,55,80,49,236,133,74,560,107,124,76,44,124,91,109
특별법범,농수산물 유통 및 가격안정에 관한 법률,소계,미상,범죄자[명],명,,,,,,,,,,1,,,,,,,4
특별법범,농지법,소계,미성년,범죄자[명],명,,,,,,,,,,,,1,,,,,
특별법범,농지법,소계,성인,범죄자[명],명,,,,,,,,,,,1511,1422,1596,1482,1256,966,865
특별법범,농지법,소계,미상,범죄자[명],명,,,,,,,,,,,72,26,9,6,15,15,15
특별법범,농지의 보전 및 이용에 관한 법률,소계,성인,범죄자[명],명,749,697,202,42,28,7,2,2,,4,,,,,,,
특별법범,농지의 보전 및 이용에 관한 법률,소계,미상,범죄자[명],명,,1,,1,,,,,,,,,,,,,
특별법범,담배사업법,소계,미성년,범죄자[명],명,,,,,,,,,,,,,1,,,1,1
특별법범,담배사업법,소계,성인,범죄자[명],명,,,,,,,,,,,427,463,1109,741,409,546,242
특별법범,담배사업법,소계,미상,범죄자[명],명,,,,,,,,,,,16,13,11,3,2,,1
특별법범,대기환경보전법,소계,미성년,범죄자[명],명,6,1,1,,1,1,6,2,9,1,2,,2,,,,
특별법범,대기환경보전법,소계,14세미만,범죄자[명],명,5,,1,,1,,2,1,2,,,,,,,,
특별법범,대기환경보전법,소계,성인,범죄자[명],명,1454,1340,1261,1157,1024,1249,3860,3450,3200,2338,2035,1232,1142,1098,676,706,570
특별법범,대기환경보전법,소계,미상,범죄자[명],명,46,40,34,19,19,21,14,18,9,7,104,32,27,12,23,3,33
특별법범,대마관리법,소계,미성년,범죄자[명],명,146,106,49,64,66,32,26,12,14,6,,,,,,,
특별법범,대마관리법,소계,14세미만,범죄자[명],명,1,,,,1,1,2,1,,,,,,,,,
특별법범,대마관리법,소계,성인,범죄자[명],명,835,754,544,600,891,1391,1404,970,1285,1145,,,,,,,
특별법범,대마관리법,소계,미상,범죄자[명],명,10,1,3,,2,1,5,1,3,,,,,,,,
특별법범,대부업의 등록 및 금융이용자보호에 관한 법률,소계,미성년,범죄자[명],명,,,,,,,,,,,,,,,,8,
특별법범,대부업의 등록 및 금융이용자보호에 관한 법률,소계,성인,범죄자[명],명,,,,,,,,,,,1208,702,802,4730,7108,16848,3754
특별법범,대부업의 등록 및 금융이용자보호에 관한 법률,소계,미상,범죄자[명],명,,,,,,,,,,,39,30,19,39,80,263,201
특별법범,대통령 선거법,소계,성인,범죄자[명],명,4,3,,,,,,,,,,,,,,,
특별법범,도로교통법(공동위험행위),소계,미성년,범죄자[명],명,,,,,,,,,,,,,,,237,443,313
특별법범,도로교통법(공동위험행위),소계,성인,범죄자[명],명,,,,,,,,,,,,,,,75,377,72
특별법범,도로교통법(공동위험행위),소계,미상,범죄자[명],명,,,,,,,,,,,,,,,15,21,3
특별법범,도로교통법(교통사고),소계,미성년,범죄자[명],명,14827,21836,30040,36536,33879,31991,28707,24383,18241,11411,1994,3069,2646,3353,2765,969,865
특별법범,도로교통법(교통사고),소계,14세미만,범죄자[명],명,252,224,243,289,197,161,163,170,164,156,12,203,88,69,54,27,63
특별법범,도로교통법(교통사고),소계,성인,범죄자[명],명,212297,244533,279079,392923,438725,365149,324400,350004,351798,291753,43976,66173,55130,54889,47285,23321,20536
특별법범,도로교통법(교통사고),소계,미상,범죄자[명],명,2268,219,409,457,887,1199,756,2796,1623,2397,8437,2189,328,238,84,38,511
특별법범,도로교통법(무면허운전),소계,미성년,범죄자[명],명,,,,,,,,,,,10360,7983,9370,15321,12018,8953,7133
특별법범,도로교통법(무면허운전),소계,14세미만,범죄자[명],명,,,,,,,,,,,27,15,24,63,57,24,14
특별법범,도로교통법(무면허운전),소계,성인,범죄자[명],명,,,,,,,,,,,98962,71230,50598,76219,145760,90686,54228
특별법범,도로교통법(무면허운전),소계,미상,범죄자[명],명,,,,,,,,,,,1347,29,20,20,29,17,29
특별법범,도로교통법(사고후미조치),소계,미성년,범죄자[명],명,,,,,,,,,,,,,,,12,311,309
특별법범,도로교통법(사고후미조치),소계,14세미만,범죄자[명],명,,,,,,,,,,,,,,,,29,51
특별법범,도로교통법(사고후미조치),소계,성인,범죄자[명],명,,,,,,,,,,,,,,,909,15049,20307
특별법범,도로교통법(사고후미조치),소계,미상,범죄자[명],명,,,,,,,,,,,,,,,4,12,842
특별법범,도로교통법(음주운전),소계,미성년,범죄자[명],명,,,,,,,,,,,3177,1702,1343,1629,991,792,591
특별법범,도로교통법(음주운전),소계,14세미만,범죄자[명],명,,,,,,,,,,,33,1,,,2,4,2
특별법범,도로교통법(음주운전),소계,성인,범죄자[명],명,,,,,,,,,,,460986,323774,283990,347377,383605,286886,267428
특별법범,도로교통법(음주운전),소계,미상,범죄자[명],명,,,,,,,,,,,2274,36,13,18,28,8,33
특별법범,도로교통법(음주측정거부),소계,미성년,범죄자[명],명,,,,,,,,,,,8,6,6,6,10,5,1
특별법범,도로교통법(음주측정거부),소계,14세미만,범죄자[명],명,,,,,,,,,,,2,,,,1,,
특별법범,도로교통법(음주측정거부),소계,성인,범죄자[명],명,,,,,,,,,,,6076,4246,3650,3959,4025,3211,3021
특별법범,도로교통법(음주측정거부),소계,미상,범죄자[명],명,,,,,,,,,,,38,,,,,3,2
특별법범,도로법,소계,미성년,범죄자[명],명,132,97,82,76,18,37,116,44,31,45,9,,1,1,1,,1
특별법범,도로법,소계,14세미만,범죄자[명],명,54,12,7,6,2,6,9,4,8,9,5,,,,1,,1
특별법범,도로법,소계,성인,범죄자[명],명,40015,24281,23575,23769,17244,19131,20359,23602,35750,41144,40997,34218,37180,40139,40321,37397,31399
특별법범,도로법,소계,미상,범죄자[명],명,2168,265,480,442,458,499,418,227,322,157,2864,988,1207,1067,1160,863,2062
특별법범,도로운송차량법,소계,성인,범죄자[명],명,197,1,,,,2,,,2,,,,,,,,
특별법범,도로운송차량법,소계,미상,범죄자[명],명,7,,,,,1,,,,,,,,,,,
특별법범,도시가스사업법,소계,성인,범죄자[명],명,33,71,110,81,45,59,26,19,23,59,52,34,23,28,24,14,77
특별법범,도시가스사업법,소계,미상,범죄자[명],명,,,3,1,2,,1,,1,,5,2,,1,,1,1
특별법범,도시계획법,소계,미성년,범죄자[명],명,5,5,3,6,5,3,3,2,1,,,,,,,,
특별법범,도시계획법,소계,14세미만,범죄자[명],명,1,2,,2,4,2,1,,,,,,,,,,
특별법범,도시계획법,소계,성인,범죄자[명],명,1986,2511,2766,2909,2526,2461,2743,1486,1353,488,,1,,,,,
특별법범,도시계획법,소계,미상,범죄자[명],명,20,6,11,11,7,5,3,6,2,2,,,,,,,
특별법범,도시공원및녹지등에관한법률,소계,성인,범죄자[명],명,,,,,,,,,,,,,,160,124,153,93
특별법범,도시공원및녹지등에관한법률,소계,미상,범죄자[명],명,,,,,,,,,,,,,,2,2,3,3
특별법범,도시공원법,소계,성인,범죄자[명],명,,,,,,,,,,,221,250,19,,,,
특별법범,도시공원법,소계,미상,범죄자[명],명,,,,,,,,,,,6,9,1,,,,
특별법범,독물 및 극물에 관한 법률,소계,성인,범죄자[명],명,,,1,,,,,,,,,,,,,,
특별법범,독점규제 및 공정거래에 관한 법률,소계,성인,범죄자[명],명,5,1,3,2,4,10,14,20,5,2,4,14,7,,,,
특별법범,독점규제 및 공정거래에 관한 법률,소계,미상,범죄자[명],명,,,,,,,,,,,,8,4,,,,
특별법범,디자인보호법,소계,성인,범죄자[명],명,,,,,,,,,,,,,,,,,241
특별법범,디자인보호법,소계,미상,범죄자[명],명,,,,,,,,,,,,,,,,,38
특별법범,마약류 관리에 관한 법률(마약),소계,미성년,범죄자[명],명,,,,,,,,,,,1,,,,,2,
특별법범,마약류 관리에 관한 법률(마약),소계,성인,범죄자[명],명,,,,,,,,,,,809,494,653,757,1197,2014,895
특별법범,마약류 관리에 관한 법률(마약),소계,미상,범죄자[명],명,,,,,,,,,,,12,4,5,7,1,2,8
특별법범,마약류관리에 관한법률(대마),소계,미성년,범죄자[명],명,,,,,,,,,,,4,12,9,1,5,12,8
특별법범,마약류관리에 관한법률(대마),소계,성인,범죄자[명],명,,,,,,,,,,,984,727,672,837,750,1239,1279
특별법범,마약류관리에 관한법률(대마),소계,미상,범죄자[명],명,,,,,,,,,,,22,18,8,9,8,4,16
특별법범,마약류관리에 관한법률(향정),소계,미성년,범죄자[명],명,,,,,,,,,,,4,4,15,7,11,15,6
특별법범,마약류관리에 관한법률(향정),소계,성인,범죄자[명],명,,,,,,,,,,,2772,2754,3538,5432,4754,4910,3624
특별법범,마약류관리에 관한법률(향정),소계,미상,범죄자[명],명,,,,,,,,,,,133,77,81,75,50,40,32
특별법범,마약법,소계,미성년,범죄자[명],명,5,12,,2,2,3,2,5,4,2,,,,,,,
특별법범,마약법,소계,14세미만,범죄자[명],명,1,,,2,,,,,,,,,,,,,
특별법범,마약법,소계,성인,범죄자[명],명,693,564,454,420,482,522,911,521,755,824,,,,,,,
특별법범,마약법,소계,미상,범죄자[명],명,,1,,1,,2,1,1,,1,,,,,,,
특별법범,매장 및 묘지등에 관한 법률,소계,미성년,범죄자[명],명,,,,,,,,,2,,,,,,,,
특별법범,매장 및 묘지등에 관한 법률,소계,성인,범죄자[명],명,155,145,137,160,178,302,219,105,84,15,,,,,,,
특별법범,매장 및 묘지등에 관한 법률,소계,미상,범죄자[명],명,1,,,3,,,,,,,,,,,,,
특별법범,문화재보호법,소계,미성년,범죄자[명],명,,,,,,,1,,,,1,,,,,1,
특별법범,문화재보호법,소계,14세미만,범죄자[명],명,,,,,,,1,,,,,,,,,,
특별법범,문화재보호법,소계,성인,범죄자[명],명,37,37,23,47,61,78,147,96,105,184,210,156,131,103,76,150,131
특별법범,문화재보호법,소계,미상,범죄자[명],명,,,,,1,,1,,,1,7,9,,1,1,4,3
특별법범,물가안정에 관한 법률,소계,성인,범죄자[명],명,36,1,,,21,,,,,1,,,,,,,
특별법범,미성년자보호법,소계,미성년,범죄자[명],명,13,5,11,16,21,10,,,,,,,,,,,
특별법범,미성년자보호법,소계,14세미만,범죄자[명],명,,,,,1,1,,,,,,,,,,,
특별법범,미성년자보호법,소계,성인,범죄자[명],명,448,569,726,866,875,562,4,1,1,,,,,,,,
특별법범,미성년자보호법,소계,미상,범죄자[명],명,2,1,,,,1,,,,,,,,,,,
특별법범,민방위기본법,소계,미성년,범죄자[명],명,1,1,,,,,,,,,,,,,,,
특별법범,민방위기본법,소계,성인,범죄자[명],명,1512,117,2,,,,,,1,,,,,,,,
특별법범,민방위기본법,소계,미상,범죄자[명],명,24,,,,,,,,,,,,,,,,
특별법범,민사소송법,소계,성인,범죄자[명],명,,,,,,,,,,,60,37,38,8,17,13,10
특별법범,민사소송법,소계,미상,범죄자[명],명,,,,,,,,,,,2,,,,,,
특별법범,밀항단속법,소계,미성년,범죄자[명],명,5,2,,,3,,,3,1,1,,,,,,,
특별법범,밀항단속법,소계,14세미만,범죄자[명],명,,,,,1,,,,,,,,,,,,
특별법범,밀항단속법,소계,성인,범죄자[명],명,86,87,68,63,39,47,51,82,98,108,168,154,255,323,270,185,105
특별법범,밀항단속법,소계,미상,범죄자[명],명,,,,,,1,,,,,7,4,6,10,4,2,
특별법범,방문판매등에 관한 법률,소계,미성년,범죄자[명],명,16,,2,2,10,2,1,8,5,,1,,,,,3,
특별법범,방문판매등에 관한 법률,소계,14세미만,범죄자[명],명,16,,,,,1,,,,,,,,,,,
특별법범,방문판매등에 관한 법률,소계,성인,범죄자[명],명,152,80,641,489,1091,474,670,1375,1252,482,555,930,550,674,922,2517,22
특별법범,방문판매등에 관한 법률,소계,미상,범죄자[명],명,2,,3,10,7,1,2,11,2,3,30,42,21,38,16,20,1
특별법범,배타적경제수역의 외국인어업등에 관한 법률,소계,미성년,범죄자[명],명,,,,,,,,,,,2,6,5,2,2,,
특별법범,배타적경제수역의 외국인어업등에 관한 법률,소계,성인,범죄자[명],명,,,,,,,,,,,649,816,624,649,555,383,393
특별법범,배타적경제수역의 외국인어업등에 관한 법률,소계,미상,범죄자[명],명,,,,,,,,,,,37,8,43,2,1,,1
특별법범,변호사법,소계,미성년,범죄자[명],명,,,,,1,1,2,,,,,,,,,,
특별법범,변호사법,소계,14세미만,범죄자[명],명,,,,,1,,,,,,,,,,,,
특별법범,변호사법,소계,성인,범죄자[명],명,429,377,405,352,412,524,502,495,435,413,495,602,524,534,581,636,631
특별법범,변호사법,소계,미상,범죄자[명],명,3,,,,,4,3,6,4,5,55,52,29,13,20,13,8
특별법범,병역법,소계,미성년,범죄자[명],명,89,75,75,79,150,155,148,222,275,252,670,440,413,249,,1,
특별법범,병역법,소계,14세미만,범죄자[명],명,16,6,3,4,,,2,8,1,1,1,,,,,,
특별법범,병역법,소계,성인,범죄자[명],명,16739,14157,5555,4613,5663,6292,10193,11468,14915,18035,19258,15756,12262,11829,10362,9407,11021
특별법범,병역법,소계,미상,범죄자[명],명,57,8,2,4,6,31,25,53,65,73,118,28,9,7,6,4,5
특별법범,병역의무특례규제에 관한 법률,소계,성인,범죄자[명],명,3,1,,,,,,1,,,,,,,,,
특별법범,보건범죄특조법(부정식품),소계,성인,범죄자[명],명,27,24,45,27,27,91,72,58,39,48,10,12,5,6,14,92,32
특별법범,보건범죄특조법(부정식품),소계,미상,범죄자[명],명,2,,,,,1,,,,,,,,,,,
특별법범,보건범죄특조법(부정유독물),소계,성인,범죄자[명],명,11,3,2,2,,1,3,2,2,3,3,,,,,,
특별법범,보건범죄특조법(부정의료업자),소계,미성년,범죄자[명],명,,1,,,,1,,,1,2,,3,1,,,1,
특별법범,보건범죄특조법(부정의료업자),소계,14세미만,범죄자[명],명,,,,,,,,,,1,,,,,,,
특별법범,보건범죄특조법(부정의료업자),소계,성인,범죄자[명],명,225,300,202,246,213,596,599,502,359,465,1274,793,472,551,625,912,511
특별법범,보건범죄특조법(부정의료업자),소계,미상,범죄자[명],명,,,,,,5,4,6,,3,17,10,8,9,7,11,4
특별법범,보건범죄특조법(부정의약품),소계,미성년,범죄자[명],명,,,,,,,,,,1,,,,,,,
특별법범,보건범죄특조법(부정의약품),소계,14세미만,범죄자[명],명,,,,,,,,,,1,,,,,,,
특별법범,보건범죄특조법(부정의약품),소계,성인,범죄자[명],명,13,24,24,16,17,44,36,19,24,8,45,58,41,18,146,84,24
특별법범,보건범죄특조법(부정의약품),소계,미상,범죄자[명],명,,,,,,,,,,,,,,,,3,
특별법범,보건범죄특조법(허위정보),소계,미성년,범죄자[명],명,,,,,,1,,,,,,,,,,,
특별법범,보건범죄특조법(허위정보),소계,성인,범죄자[명],명,,,1,1,2,3,1,2,1,5,,,,,,,
특별법범,보안관찰법,소계,성인,범죄자[명],명,,1,1,5,3,1,,4,3,4,3,2,,,,,
특별법범,복표발행등사행행위단속법,소계,성인,범죄자[명],명,2,,1,,3,1,,,,,,,,,,,
특별법범,부동산중개업법,소계,미성년,범죄자[명],명,1,,,,1,,,,,,1,,,,,,
특별법범,부동산중개업법,소계,14세미만,범죄자[명],명,,,,,,,,,,,1,,,,,,
특별법범,부동산중개업법,소계,성인,범죄자[명],명,571,660,524,528,620,1191,741,804,836,,1339,1976,1612,1427,1267,1444,1503
특별법범,부동산중개업법,소계,미상,범죄자[명],명,5,,,1,1,6,1,1,7,,121,72,57,35,12,47,32
특별법범,부동산중계업법,소계,성인,범죄자[명],명,,,,,,,,,,1068,,,,,,,
특별법범,부동산중계업법,소계,미상,범죄자[명],명,,,,,,,,,,4,,,,,,,
특별법범,부정경쟁방지 및 영업비밀보호에 관한 법률,소계,미성년,범죄자[명],명,,,,,,,,,,,,,2,1,,,
특별법범,부정경쟁방지 및 영업비밀보호에 관한 법률,소계,성인,범죄자[명],명,,,,,,,,,,,842,687,987,772,1034,910,858
특별법범,부정경쟁방지 및 영업비밀보호에 관한 법률,소계,미상,범죄자[명],명,,,,,,,,,,,90,80,52,47,126,44,9
특별법범,부정경쟁방지법,소계,성인,범죄자[명],명,327,225,175,236,219,281,159,209,99,79,,,,,,,
특별법범,부정경쟁방지법,소계,미상,범죄자[명],명,1,1,,2,2,3,1,,1,,,,,,,,
특별법범,부정수표단속법,소계,미성년,범죄자[명],명,47,42,50,48,37,15,9,9,8,6,5,4,7,7,4,17,23
특별법범,부정수표단속법,소계,14세미만,범죄자[명],명,31,22,26,28,18,7,5,5,5,2,4,3,1,,,,
특별법범,부정수표단속법,소계,성인,범죄자[명],명,42942,56420,53197,45364,63500,31476,15706,12234,9716,12024,21418,13494,10088,7902,8024,8922,5532
특별법범,부정수표단속법,소계,미상,범죄자[명],명,262,37,60,87,112,147,58,44,29,52,929,547,943,577,410,477,344
특별법범,사격 및 사격장단속법,소계,성인,범죄자[명],명,1,4,,2,,,2,1,,,5,2,3,2,1,4,4
특별법범,사설강습소에 관한법률,소계,성인,범죄자[명],명,,,3,,,,,,,,,,,,,,
특별법범,사행행위등 규제 및 처벌특례법,소계,미성년,범죄자[명],명,5,,4,1,,3,1,,,,2,1,54,61,51,18,2
특별법범,사행행위등 규제 및 처벌특례법,소계,성인,범죄자[명],명,357,126,194,163,210,314,49,35,34,44,1268,1104,3679,5051,6915,7622,5787
특별법범,사행행위등 규제 및 처벌특례법,소계,미상,범죄자[명],명,2,,1,1,,1,,,,,52,30,30,40,77,148,126
특별법범,산림법,소계,미성년,범죄자[명],명,10,1,3,7,1,3,9,9,8,1,,1,,2,,,
특별법범,산림법,소계,14세미만,범죄자[명],명,2,,,,1,2,1,1,5,1,,,,,,,
특별법범,산림법,소계,성인,범죄자[명],명,420,409,356,379,398,672,779,670,662,580,528,420,355,62,34,44,11
특별법범,산림법,소계,미상,범죄자[명],명,3,1,8,1,1,4,4,8,1,1,52,26,6,1,8,7,
특별법범,산업안전보건법,소계,성인,범죄자[명],명,40,66,28,57,29,39,61,49,57,37,30,30,15,8,19,31,21
특별법범,산업안전보건법,소계,미상,범죄자[명],명,,3,1,,1,,1,,1,1,7,9,2,,3,6,13
특별법범,상법,소계,성인,범죄자[명],명,26,20,27,54,53,24,150,65,167,267,103,293,162,115,105,143,216
특별법범,상법,소계,미상,범죄자[명],명,,,,,,,,,,,1,13,8,8,3,,10
특별법범,상표법,소계,미성년,범죄자[명],명,,1,,,6,3,5,4,14,16,11,5,11,24,16,9,5
특별법범,상표법,소계,14세미만,범죄자[명],명,,1,,,2,,3,,,1,,,,,,,
특별법범,상표법,소계,성인,범죄자[명],명,404,411,440,632,684,1847,1495,2319,2790,2396,4137,1693,5965,2496,5109,4745,4250
특별법범,상표법,소계,미상,범죄자[명],명,7,2,1,8,1,7,5,3,7,8,250,166,107,89,89,66,120
특별법범,상품권법,소계,성인,범죄자[명],명,8,9,35,19,8,5,,1,,,,,,,,,
특별법범,상품권법,소계,미상,범죄자[명],명,,,2,,,,,,,,,,,,,,
특별법범,상호신용금고법,소계,성인,범죄자[명],명,12,14,40,98,49,72,69,35,63,,,,,,,,
특별법범,새마을금고법,소계,성인,범죄자[명],명,37,19,23,45,38,34,30,24,19,22,47,25,11,59,46,16,10
특별법범,새마을금고법,소계,미상,범죄자[명],명,1,,,1,1,,,,,,1,1,,,1,,1
특별법범,석유 및 석유대체연료사업법,소계,미성년,범죄자[명],명,,,,,,,,,,,,16,24,17,5,8,8
특별법범,석유 및 석유대체연료사업법,소계,성인,범죄자[명],명,,,,,,,,,,,,4592,7179,6107,3701,3934,3020
특별법범,석유 및 석유대체연료사업법,소계,미상,범죄자[명],명,,,,,,,,,,,,51,53,60,45,47,58
특별법범,석유사업법,소계,미성년,범죄자[명],명,,,,,,,,,,,44,13,,,,,
특별법범,석유사업법,소계,성인,범죄자[명],명,,,,,,,,,,,7532,3203,268,62,31,47,21
특별법범,석유사업법,소계,미상,범죄자[명],명,,,,,,,,,,,161,56,7,1,1,4,2
특별법범,선박안전법,소계,미성년,범죄자[명],명,,,2,,1,1,1,1,,,,1,,,,,
특별법범,선박안전법,소계,14세미만,범죄자[명],명,,,1,,,,,,,,,,,,,,
특별법범,선박안전법,소계,성인,범죄자[명],명,290,349,349,584,528,531,519,564,591,479,401,455,439,343,360,237,12
특별법범,선박안전법,소계,미상,범죄자[명],명,3,,6,13,4,,,1,2,3,20,1,1,,1,1,4
특별법범,선박직원법,소계,미성년,범죄자[명],명,,,,,,,,,,,,,,,,,1
특별법범,선박직원법,소계,성인,범죄자[명],명,,,,,,,,,,,636,810,708,1156,560,412,544
특별법범,선박직원법,소계,미상,범죄자[명],명,,,,,,,,,,,26,2,2,2,1,1,3
특별법범,선박투자회사법,소계,성인,범죄자[명],명,,,,,,,,,,,1,,,,,,
특별법범,성매매알선등 행위의 처벌에 관한 법률,소계,미성년,범죄자[명],명,,,,,,,,,,,60,215,308,475,388,386,202
특별법범,성매매알선등 행위의 처벌에 관한 법률,소계,14세미만,범죄자[명],명,,,,,,,,,,,,,,2,,2,
특별법범,성매매알선등 행위의 처벌에 관한 법률,소계,성인,범죄자[명],명,,,,,,,,,,,2712,14029,31754,35245,47144,68528,26247
특별법범,성매매알선등 행위의 처벌에 관한 법률,소계,미상,범죄자[명],명,,,,,,,,,,,52,205,174,211,363,373,270
특별법범,성폭력범죄의 처벌 및 피해자보호등에 관한 법률,소계,미성년,범죄자[명],명,,,,,,,,,,,827,681,979,1014,1134,1332,
특별법범,성폭력범죄의 처벌 및 피해자보호등에 관한 법률,소계,14세미만,범죄자[명],명,,,,,,,,,,,9,18,29,35,30,23,
특별법범,성폭력범죄의 처벌 및 피해자보호등에 관한 법률,소계,성인,범죄자[명],명,,,,,,,,,,,3548,3471,4030,3892,4125,4470,
특별법범,성폭력범죄의 처벌 및 피해자보호등에 관한 법률,소계,미상,범죄자[명],명,,,,,,,,,,,210,123,88,83,119,97,
특별법범,성폭력범죄의 처벌 및 피해자보호에 관한 법,소계,미성년,범죄자[명],명,925,861,846,948,755,815,765,643,850,865,,,,,,,
특별법범,성폭력범죄의 처벌 및 피해자보호에 관한 법,소계,14세미만,범죄자[명],명,6,5,6,3,9,6,7,16,20,12,,,,,,,
특별법범,성폭력범죄의 처벌 및 피해자보호에 관한 법,소계,성인,범죄자[명],명,1165,1246,1415,1410,1884,2164,2545,2334,5146,5619,,,,,,,
특별법범,성폭력범죄의 처벌 및 피해자보호에 관한 법,소계,미상,범죄자[명],명,,3,,1,7,15,23,20,22,44,,,,,,,
특별법범,성폭력범죄의처벌및피해자보호등에관한법률(카메라등이용촬영),소계,미성년,범죄자[명],명,,,,,,,,,,,,,,,,,105
특별법범,성폭력범죄의처벌및피해자보호등에관한법률(카메라등이용촬영),소계,14세미만,범죄자[명],명,,,,,,,,,,,,,,,,,2
특별법범,성폭력범죄의처벌및피해자보호등에관한법률(카메라등이용촬영),소계,성인,범죄자[명],명,,,,,,,,,,,,,,,,,945
특별법범,성폭력범죄의처벌및피해자보호등에관한법률(카메라등이용촬영),소계,미상,범죄자[명],명,,,,,,,,,,,,,,,,,4
특별법범,성폭력범죄의처벌및피해자보호등에관한법률(통신매체이용음란),소계,미성년,범죄자[명],명,,,,,,,,,,,,,,,,,318
특별법범,성폭력범죄의처벌및피해자보호등에관한법률(통신매체이용음란),소계,14세미만,범죄자[명],명,,,,,,,,,,,,,,,,,6
특별법범,성폭력범죄의처벌및피해자보호등에관한법률(통신매체이용음란),소계,성인,범죄자[명],명,,,,,,,,,,,,,,,,,645
특별법범,성폭력범죄의처벌및피해자보호등에관한법률(통신매체이용음란),소계,미상,범죄자[명],명,,,,,,,,,,,,,,,,,60
특별법범,소년법,소계,미성년,범죄자[명],명,,,,,,,,15,5,1,,,,1,1,,
특별법범,소년법,소계,14세미만,범죄자[명],명,,,,,,,,,,,,,,1,,,
특별법범,소방법,소계,성인,범죄자[명],명,,,,,,,,,,,122,2,5,,,,
특별법범,소방법,소계,미상,범죄자[명],명,,,,,,,,,,,9,,,,,,
특별법범,소비자보호법,소계,성인,범죄자[명],명,1,,2,,,1,,,,,,,,,,,
특별법범,소음·진동규제법,소계,미성년,범죄자[명],명,1,,,,,,,,,,,,,,,,
특별법범,소음·진동규제법,소계,성인,범죄자[명],명,171,117,74,87,94,81,212,154,136,113,146,58,49,45,26,43,50
특별법범,소음·진동규제법,소계,미상,범죄자[명],명,4,,,2,2,1,,,1,,20,8,3,2,3,1,1
특별법범,수도법,소계,미성년,범죄자[명],명,1,,,,,3,,,2,,3,,,1,,,
특별법범,수도법,소계,성인,범죄자[명],명,96,148,144,74,252,203,153,136,164,227,124,166,211,221,140,95,63
특별법범,수도법,소계,미상,범죄자[명],명,1,1,1,,,2,1,,,,3,2,3,,2,1,
특별법범,수산물품질관리법,소계,성인,범죄자[명],명,,,,,,,,,,,170,121,144,407,720,267,95
특별법범,수산물품질관리법,소계,미상,범죄자[명],명,,,,,,,,,,,3,,,,,,4
특별법범,수산업법,소계,성인,범죄자[명],명,,,,,,,,,,,1718,2009,1434,1236,1027,819,1003
특별법범,수산업법,소계,미상,범죄자[명],명,,,,,,,,,,,45,5,7,8,5,3,6
특별법범,수산자원보호령,소계,미성년,범죄자[명],명,,,1,,1,2,2,1,,,1,1,,,,,
특별법범,수산자원보호령,소계,14세미만,범죄자[명],명,,,,,,,1,1,,,,,,,,,
특별법범,수산자원보호령,소계,성인,범죄자[명],명,275,395,343,839,982,1183,986,829,961,948,865,1055,885,932,1042,746,396
특별법범,수산자원보호령,소계,미상,범죄자[명],명,,2,1,,2,,,,2,4,18,3,3,2,,2,
특별법범,수질환경보전법,소계,미성년,범죄자[명],명,3,,1,,,1,4,5,1,,1,,,,,,
특별법범,수질환경보전법,소계,14세미만,범죄자[명],명,3,,1,,,,,2,,,,,,,,,
특별법범,수질환경보전법,소계,성인,범죄자[명],명,935,908,987,1041,872,940,3089,1613,1216,1119,790,620,528,427,33,5,
특별법범,수질환경보전법,소계,미상,범죄자[명],명,23,11,8,19,22,23,18,5,6,4,59,21,20,11,,,
특별법범,수표법,소계,성인,범죄자[명],명,46,,,1,,2,,,,,1,,1,,,,
특별법범,수표법,소계,미상,범죄자[명],명,2,,,,,,,,,,,,,,,,
특별법범,식품위생법,소계,미성년,범죄자[명],명,163,173,185,198,214,158,96,105,88,60,42,18,15,15,17,59,42
특별법범,식품위생법,소계,14세미만,범죄자[명],명,48,23,17,20,14,14,12,12,9,2,1,,,,,,
특별법범,식품위생법,소계,성인,범죄자[명],명,54932,48498,52733,50751,62553,45557,31311,31117,23767,20219,21472,13427,10042,10415,10402,13740,10755
특별법범,식품위생법,소계,미상,범죄자[명],명,480,33,34,38,47,109,84,51,66,94,319,100,51,28,34,52,77
특별법범,신용정보의 이용 및 보호에 관한 법률,소계,미성년,범죄자[명],명,,,,,,,,,,,1,,,,1,,
특별법범,신용정보의 이용 및 보호에 관한 법률,소계,14세미만,범죄자[명],명,,,,,,,,,,,1,,,,,,
특별법범,신용정보의 이용 및 보호에 관한 법률,소계,성인,범죄자[명],명,,,,,,,,,,,165,407,339,303,192,162,75
특별법범,신용정보의 이용 및 보호에 관한 법률,소계,미상,범죄자[명],명,,,,,,,,,,,30,15,11,9,19,9,28
특별법범,신용조사업법,소계,미성년,범죄자[명],명,1,1,,,,,,,,,,,,,,,
특별법범,신용조사업법,소계,14세미만,범죄자[명],명,1,,,,,,,,,,,,,,,,
특별법범,신용조사업법,소계,성인,범죄자[명],명,9,19,1,4,4,4,,,,,,,,,,,
특별법범,신용카드업법,소계,미성년,범죄자[명],명,139,136,131,,,,,,,,,,,,,,
특별법범,신용카드업법,소계,14세미만,범죄자[명],명,1,1,2,,,,,,,,,,,,,,
특별법범,신용카드업법,소계,성인,범죄자[명],명,1106,1545,2048,,,,,,,,,,,,,,
특별법범,신용카드업법,소계,미상,범죄자[명],명,1,1,2,,,,,,,,,,,,,,
특별법범,실용신안법,소계,미성년,범죄자[명],명,,,,,,,,,,,1,,,,,,
특별법범,실용신안법,소계,14세미만,범죄자[명],명,,,,,,,,,,,1,,,,,,
특별법범,실용신안법,소계,성인,범죄자[명],명,132,133,137,252,285,391,664,521,411,337,273,460,310,267,271,300,331
특별법범,실용신안법,소계,미상,범죄자[명],명,,5,7,2,9,3,1,,6,5,84,94,45,19,52,21,54
특별법범,아동.청소년의성보호에관한법률,소계,미성년,범죄자[명],명,,,,,,,,,,,,,,,748,794,335
특별법범,아동.청소년의성보호에관한법률,소계,14세미만,범죄자[명],명,,,,,,,,,,,,,,,8,10,
특별법범,아동.청소년의성보호에관한법률,소계,성인,범죄자[명],명,,,,,,,,,,,,,,,2810,2851,2135
특별법범,아동.청소년의성보호에관한법률,소계,미상,범죄자[명],명,,,,,,,,,,,,,,,62,48,38
특별법범,아동복지법,소계,미성년,범죄자[명],명,3,5,2,2,4,4,,,1,,4,1,,3,9,2,5
특별법범,아동복지법,소계,14세미만,범죄자[명],명,,,,1,,,,,,,,,,,,,
특별법범,아동복지법,소계,성인,범죄자[명],명,39,72,109,113,137,118,68,90,105,120,128,139,130,128,131,117,89
특별법범,아동복지법,소계,미상,범죄자[명],명,4,,,,,,,,,2,6,1,4,,1,1,
특별법범,액화석유가스의 안전 및 사업관리법,소계,미성년,범죄자[명],명,1,,,1,1,1,1,2,,,,,,,,,
특별법범,액화석유가스의 안전 및 사업관리법,소계,14세미만,범죄자[명],명,,,,,,,1,,,,,,,,,,
특별법범,액화석유가스의 안전 및 사업관리법,소계,성인,범죄자[명],명,188,171,193,183,181,347,225,420,159,186,208,216,167,147,97,103,133
특별법범,액화석유가스의 안전 및 사업관리법,소계,미상,범죄자[명],명,2,,,1,,,1,,1,2,31,3,2,3,1,5,2
특별법범,야생동식물보호법,소계,성인,범죄자[명],명,,,,,,,,,,,,176,728,1104,766,835,908
특별법범,야생동식물보호법,소계,미상,범죄자[명],명,,,,,,,,,,,,,1,3,4,3,9
특별법범,약사법,소계,미성년,범죄자[명],명,13,2,7,1,2,6,3,13,5,3,4,1,1,,1,,1
특별법범,약사법,소계,14세미만,범죄자[명],명,1,1,,,,,1,,,2,,,,,,,
특별법범,약사법,소계,성인,범죄자[명],명,754,606,694,1012,782,2365,1831,2408,1787,1873,2691,2265,1227,1475,2402,2951,1492
특별법범,약사법,소계,미상,범죄자[명],명,4,,1,4,1,12,7,10,3,6,72,35,19,26,25,19,16
특별법범,양곡관리법,소계,성인,범죄자[명],명,23,,11,26,9,22,12,5,8,8,24,18,28,37,52,6,3
특별법범,양곡관리법,소계,미상,범죄자[명],명,,,,,,,,,,,1,1,,1,,,1
특별법범,어업자원보호,소계,성인,범죄자[명],명,2,1,,,,,1,,,,,,,,,,
특별법범,어업자원보호법,소계,성인,범죄자[명],명,,,,,,,,,,,,,1,,,,
특별법범,여객자동차운수사업법,소계,미성년,범죄자[명],명,,,,,,,,,,,2,1,,,3,,4
특별법범,여객자동차운수사업법,소계,14세미만,범죄자[명],명,,,,,,,,,,,,,,,1,,
특별법범,여객자동차운수사업법,소계,성인,범죄자[명],명,,,,,,,,,,,1445,925,772,924,933,1967,1978
특별법범,여객자동차운수사업법,소계,미상,범죄자[명],명,,,,,,,,,,,148,29,15,10,6,16,80
특별법범,여권법,소계,미성년,범죄자[명],명,,,,1,2,1,,3,,1,,1,,6,,4,
특별법범,여권법,소계,14세미만,범죄자[명],명,,,,,1,,,,,1,,,,,,,
특별법범,여권법,소계,성인,범죄자[명],명,29,34,39,74,81,93,99,262,350,342,419,294,127,206,98,100,88
특별법범,여권법,소계,미상,범죄자[명],명,,,,,2,,,1,,,16,7,6,1,2,1,2
특별법범,여신전문금융업법위반,소계,미성년,범죄자[명],명,,,,116,137,52,77,197,94,97,58,34,40,88,98,105,107
특별법범,여신전문금융업법위반,소계,14세미만,범죄자[명],명,,,,,,1,,1,2,2,2,,1,1,,1,
특별법범,여신전문금융업법위반,소계,성인,범죄자[명],명,,,,2119,2895,1455,2026,3536,5915,5735,5399,3680,3300,2829,2452,2770,2740
특별법범,여신전문금융업법위반,소계,미상,범죄자[명],명,,,,9,5,9,4,12,28,22,284,181,153,168,207,270,355
특별법범,영해 및 접속수역법,소계,미성년,범죄자[명],명,,,,,,,,,,,3,,,,,,
특별법범,영해 및 접속수역법,소계,성인,범죄자[명],명,,,,,,,,,,,116,102,43,50,29,39,94
특별법범,영해 및 접속수역법,소계,미상,범죄자[명],명,,,,,,,,,,,2,,,,,,
특별법범,영화 및 비디오물의 진흥에 관한 법률,소계,미성년,범죄자[명],명,,,,,,,,,,,,,,,,1,
특별법범,영화 및 비디오물의 진흥에 관한 법률,소계,성인,범죄자[명],명,,,,,,,,,,,,,10,355,262,322,150
특별법범,영화 및 비디오물의 진흥에 관한 법률,소계,미상,범죄자[명],명,,,,,,,,,,,,,,1,4,2,3
특별법범,오물청소법,소계,미성년,범죄자[명],명,,,,,,,,1,,,,,,,,,
특별법범,오물청소법,소계,성인,범죄자[명],명,,2,,2,,,,6,,,,,,,,,
특별법범,오수·분뇨 및 축산폐수의 처리에 관한 법률,소계,미성년,범죄자[명],명,1,,,,,,,2,,,,,,,,,779
특별법범,오수·분뇨 및 축산폐수의 처리에 관한 법률,소계,14세미만,범죄자[명],명,1,,,,,,,1,,,,,,,,,2
특별법범,오수·분뇨 및 축산폐수의 처리에 관한 법률,소계,성인,범죄자[명],명,278,524,609,569,439,468,1064,817,944,938,749,477,475,386,10,2,426
특별법범,오수·분뇨 및 축산폐수의 처리에 관한 법률,소계,미상,범죄자[명],명,3,,3,1,7,3,1,,1,1,18,11,10,1,,,2
특별법범,옥외광고물등관리법,소계,미성년,범죄자[명],명,,,,,,,,,,,,1,,1,,2,4
특별법범,옥외광고물등관리법,소계,14세미만,범죄자[명],명,,,,,,,,,,,,,,,,,1
특별법범,옥외광고물등관리법,소계,성인,범죄자[명],명,,,,,,,,,,,873,509,865,1222,1461,1041,711
특별법범,옥외광고물등관리법,소계,미상,범죄자[명],명,,,,,,,,,,,96,34,31,44,88,64,71
특별법범,외국환거래법,소계,미성년,범죄자[명],명,,,,,,,,,,,1,,,1,,,
특별법범,외국환거래법,소계,성인,범죄자[명],명,,,,,,,,,,,1095,1966,760,1015,2782,5962,853
특별법범,외국환거래법,소계,미상,범죄자[명],명,,,,,,,,,,,35,13,20,9,36,36,16
특별법범,외환관리법,소계,미성년,범죄자[명],명,2,1,,,,,,,,,,,,,,,
특별법범,외환관리법,소계,14세미만,범죄자[명],명,1,1,,,,,,,,,,,,,,,
특별법범,외환관리법,소계,성인,범죄자[명],명,1146,714,470,463,434,187,16,5,7,11,,,,,,,
특별법범,외환관리법,소계,미상,범죄자[명],명,4,,,,,1,,,,,,,,,,,
특별법범,용역경비업무,소계,성인,범죄자[명],명,,,,,,19,,,,,,,,,,,
특별법범,용역경비업법,소계,성인,범죄자[명],명,6,6,10,11,12,,,,,,4,,,,,,
특별법범,용역경비업법,소계,미상,범죄자[명],명,,,,,,,,,,,20,,,,,,
특별법범,유기장업법,소계,성인,범죄자[명],명,2,,,,1,,,,,,,,,,,,
특별법범,유사수신행위의 규제에 관한 법률,소계,미성년,범죄자[명],명,,,,,,,,,,,,,,,2,,
특별법범,유사수신행위의 규제에 관한 법률,소계,성인,범죄자[명],명,,,,,,,,,,,963,967,1579,2027,2663,5111,1342
특별법범,유사수신행위의 규제에 관한 법률,소계,미상,범죄자[명],명,,,,,,,,,,,71,61,115,115,73,234,22
특별법범,유선 및 도선사업법,소계,성인,범죄자[명],명,,,,,,,,,,,78,87,88,73,62,84,107
특별법범,유선 및 도선사업법,소계,미상,범죄자[명],명,,,,,,,,,,,1,,,,,,2
특별법범,유선 및 도선업법,소계,미성년,범죄자[명],명,1,2,,,2,,,,,,,,,,,,
특별법범,유선 및 도선업법,소계,성인,범죄자[명],명,345,321,331,198,113,115,96,98,84,67,,,,,,,
특별법범,유선 및 도선업법,소계,미상,범죄자[명],명,1,3,1,,,1,2,,,1,,,,,,,
특별법범,유해화학물질관리법,소계,미성년,범죄자[명],명,3103,4281,5180,4497,2659,1769,1226,638,326,119,16,38,17,14,73,115,97
특별법범,유해화학물질관리법,소계,14세미만,범죄자[명],명,31,45,61,57,14,17,4,14,6,,,1,,,,1,
특별법범,유해화학물질관리법,소계,성인,범죄자[명],명,379,659,698,765,840,760,714,724,729,557,181,139,90,112,144,132,102
특별법범,유해화학물질관리법,소계,미상,범죄자[명],명,8,9,15,9,4,7,5,6,4,2,4,3,1,2,5,,4
특별법범,유해화학물질관리법(본드등),소계,미성년,범죄자[명],명,232,567,533,130,42,31,12,26,8,3,,,,,,,
특별법범,유해화학물질관리법(본드등),소계,14세미만,범죄자[명],명,,5,2,,,,,1,,,,,,,,,
특별법범,유해화학물질관리법(본드등),소계,성인,범죄자[명],명,22,61,70,25,15,9,13,11,22,19,,,,,,,
특별법범,유해화학물질관리법(본드등),소계,미상,범죄자[명],명,,1,,,2,,,,,,,,,,,,
특별법범,유해화학물질관리법(환각물질흡입등),소계,미성년,범죄자[명],명,,,,,,,,,,,84,78,155,233,382,385,
특별법범,유해화학물질관리법(환각물질흡입등),소계,14세미만,범죄자[명],명,,,,,,,,,,,,,5,11,7,5,
특별법범,유해화학물질관리법(환각물질흡입등),소계,성인,범죄자[명],명,,,,,,,,,,,428,451,464,463,396,456,2
특별법범,유해화학물질관리법(환각물질흡입등),소계,미상,범죄자[명],명,,,,,,,,,,,11,7,2,2,1,2,
특별법범,윤락행위등방지법,소계,미성년,범죄자[명],명,20,28,251,381,449,620,485,442,369,298,185,7,2,,,,
특별법범,윤락행위등방지법,소계,14세미만,범죄자[명],명,,,,2,2,4,4,3,4,2,1,,,,,,
특별법범,윤락행위등방지법,소계,성인,범죄자[명],명,750,692,1463,2200,2918,4657,6405,10121,10184,9671,9719,1238,137,40,3,9,
특별법범,윤락행위등방지법,소계,미상,범죄자[명],명,1,3,2,2,5,26,19,29,38,18,277,41,5,1,,,
특별법범,음반 및 비디오물에 관한 법률,소계,미성년,범죄자[명],명,25,36,60,89,200,137,43,7,4,5,65,,,,,,
특별법범,음반 및 비디오물에 관한 법률,소계,14세미만,범죄자[명],명,,,1,2,,1,1,,,1,,,,,,,
특별법범,음반 및 비디오물에 관한 법률,소계,성인,범죄자[명],명,981,1113,1485,1332,1131,2074,1241,370,400,627,23522,,,,,,
특별법범,음반 및 비디오물에 관한 법률,소계,미상,범죄자[명],명,4,,1,,1,1,2,,,,280,,,,,,
특별법범,음반·비디오물 및 게임물에 관한법률,소계,미성년,범죄자[명],명,,,,,,,,,,,,54,274,25,1,,
특별법범,음반·비디오물 및 게임물에 관한법률,소계,성인,범죄자[명],명,,,,,,,,,,,,17281,34950,3081,172,99,41
특별법범,음반·비디오물 및 게임물에 관한법률,소계,미상,범죄자[명],명,,,,,,,,,,,,85,170,18,3,1,6
특별법범,음반에관한법률,소계,미성년,범죄자[명],명,1,,1,,,5,10,1,,1,,,,,,,
특별법범,음반에관한법률,소계,성인,범죄자[명],명,46,21,19,16,11,257,430,85,39,47,,,,,,,
특별법범,음악산업진흥에 관한 법률,소계,미성년,범죄자[명],명,,,,,,,,,,,,,9,140,99,125,150
특별법범,음악산업진흥에 관한 법률,소계,성인,범죄자[명],명,,,,,,,,,,,,,1586,12617,15219,19307,17970
특별법범,음악산업진흥에 관한 법률,소계,미상,범죄자[명],명,,,,,,,,,,,,,3,163,232,279,264
특별법범,의료기기법,소계,미성년,범죄자[명],명,,,,,,,,,,,,,,,,,1
특별법범,의료기기법,소계,성인,범죄자[명],명,,,,,,,,,,,98,580,443,413,474,445,569
특별법범,의료기기법,소계,미상,범죄자[명],명,,,,,,,,,,,1,21,8,9,6,6,14
특별법범,의료법,소계,미성년,범죄자[명],명,1,,1,1,2,24,5,8,6,9,10,14,17,9,4,9,4
특별법범,의료법,소계,14세미만,범죄자[명],명,,,,1,,1,,,1,,1,,,,,,
특별법범,의료법,소계,성인,범죄자[명],명,393,398,366,445,378,1410,1398,1613,1594,2310,2960,2426,2555,1993,2734,5118,3822
특별법범,의료법,소계,미상,범죄자[명],명,2,3,1,,,11,2,4,8,14,123,59,37,21,42,58,61
특별법범,의료보험법,소계,성인,범죄자[명],명,3,2,5,3,3,4,8,4,1,,,,,,,,
특별법범,의장법,소계,미성년,범죄자[명],명,,1,,,,,,,1,,,,,,,,
특별법범,의장법,소계,성인,범죄자[명],명,227,214,181,287,292,411,345,353,333,286,288,238,52,9,2,1,
특별법범,의장법,소계,미상,범죄자[명],명,11,2,1,8,3,9,3,3,11,9,96,44,2,4,,,
특별법범,인장업법,소계,미성년,범죄자[명],명,,,1,,,,,,,,,,,,,,
특별법범,인장업법,소계,성인,범죄자[명],명,68,68,41,36,38,13,2,1,,1,,,,,,,
특별법범,인장업법,소계,미상,범죄자[명],명,1,1,,,,,,,,,,,,,,,
특별법범,자동차관리법,소계,미성년,범죄자[명],명,592,619,1253,593,487,874,668,596,380,183,113,142,113,255,257,302,
특별법범,자동차관리법,소계,14세미만,범죄자[명],명,32,18,12,16,9,15,21,17,14,4,3,,2,,1,,
특별법범,자동차관리법,소계,성인,범죄자[명],명,31945,28410,26206,20431,29702,43760,38618,50459,32933,15572,17187,17000,15361,16099,24130,31299,353
특별법범,자동차관리법,소계,미상,범죄자[명],명,404,45,85,85,100,199,131,141,90,31,365,158,93,95,112,177,5
특별법범,자동차손해배상보장법,소계,미성년,범죄자[명],명,,,,,,,,,,,2,4,4,14,2,10,133
특별법범,자동차손해배상보장법,소계,성인,범죄자[명],명,,,,,,,,,,,429,315,242,270,517,739,1261
특별법범,자동차손해배상보장법,소계,미상,범죄자[명],명,,,,,,,,,,,37,16,5,4,4,6,7
특별법범,자동차운수사업법,소계,미성년,범죄자[명],명,5,7,9,11,3,,1,,,,,,,,,,
특별법범,자동차운수사업법,소계,14세미만,범죄자[명],명,,2,,2,1,,,,,,,,,,,,
특별법범,자동차운수사업법,소계,성인,범죄자[명],명,1496,1297,1550,1845,970,236,31,18,3,17,5,,,,,,
특별법범,자동차운수사업법,소계,미상,범죄자[명],명,26,1,2,9,5,2,,,,,,,,,,,
특별법범,자연공원법,소계,미성년,범죄자[명],명,,,,,,,,,,,1,,,,,,
특별법범,자연공원법,소계,성인,범죄자[명],명,,,,,,,,,,,249,261,288,374,278,191,153
특별법범,자연공원법,소계,미상,범죄자[명],명,,,,,,,,,,,7,2,9,3,9,1,3
특별법범,자연환경보전법,소계,성인,범죄자[명],명,8,4,17,5,5,27,47,43,13,30,21,3,1,5,,2,1
특별법범,자연환경보전법,소계,미상,범죄자[명],명,,,,,,,,,,,2,1,,,,,
특별법범,장사등에 관한 법률,소계,미성년,범죄자[명],명,,,,,,,,,,,2,,,,,,
특별법범,장사등에 관한 법률,소계,14세미만,범죄자[명],명,,,,,,,,,,,1,,,,,,
특별법범,장사등에 관한 법률,소계,성인,범죄자[명],명,,,,,,,,,,,167,202,182,220,131,230,152
특별법범,장사등에 관한 법률,소계,미상,범죄자[명],명,,,,,,,,,,,26,3,10,7,2,4,
특별법범,저작권법,소계,미성년,범죄자[명],명,7,7,3,6,2,10,27,17,13,29,39,251,538,2669,20004,8275,321
특별법범,저작권법,소계,14세미만,범죄자[명],명,5,4,1,2,1,,2,2,3,2,5,12,8,222,3590,1522,37
특별법범,저작권법,소계,성인,범죄자[명],명,3504,4357,4530,4600,4718,6440,5619,5178,6151,6388,10190,10823,12795,15076,41035,42997,17271
특별법범,저작권법,소계,미상,범죄자[명],명,40,25,54,41,17,37,17,35,31,50,1024,1887,5115,3909,19330,10060,3101
특별법범,전기통신기본법,소계,미성년,범죄자[명],명,,,,,,,,,,,1,,,,1,2,17
특별법범,전기통신기본법,소계,성인,범죄자[명],명,,,,,,,,,,,21,14,10,4,18,15,86
특별법범,전기통신기본법,소계,미상,범죄자[명],명,,,,,,,,,,,1,1,,,1,,2
특별법범,전기통신사업법,소계,미성년,범죄자[명],명,,,,,,,,,,,,,,,,,2
특별법범,전기통신사업법,소계,14세미만,범죄자[명],명,,,,,,,,,,,,,,,,,1
특별법범,전기통신사업법,소계,성인,범죄자[명],명,,,,,,,,,,,174,189,56,185,50,57,63
특별법범,전기통신사업법,소계,미상,범죄자[명],명,,,,,,,,,,,5,4,13,72,1,1,11
특별법범,전당포영업법,소계,성인,범죄자[명],명,3,8,4,11,8,2,,,,,,,,,,,
특별법범,전염병예방법,소계,미성년,범죄자[명],명,,,,,,,,,,,2,1,,1,,,
특별법범,전염병예방법,소계,성인,범죄자[명],명,,,,,,,,,,,371,120,60,57,71,65,132
특별법범,전염병예방법,소계,미상,범죄자[명],명,,,,,,,,,,,2,,,,,,
특별법범,전투경찰대설치법,소계,미성년,범죄자[명],명,4,15,15,13,12,11,7,8,8,1,3,2,3,2,,,
특별법범,전투경찰대설치법,소계,성인,범죄자[명],명,67,73,114,89,139,102,97,110,100,91,150,94,74,77,67,36,27
특별법범,전투경찰대설치법,소계,미상,범죄자[명],명,,,,,,1,,2,2,,,2,,,,,
특별법범,전파관리법,소계,미성년,범죄자[명],명,,,,,,,,,1,,,,,,,,
특별법범,전파관리법,소계,성인,범죄자[명],명,9,4,1,,2,,1,,,,,,,,,,
특별법범,전파법,소계,미성년,범죄자[명],명,,,,,,,,,,,3,3,3,,,,
특별법범,전파법,소계,성인,범죄자[명],명,,,,,,,,,,,172,186,62,52,9,65,65
특별법범,전파법,소계,미상,범죄자[명],명,,,,,,,,,,,9,9,10,1,2,1,
특별법범,정보통신망 이용촉진 및 정보보호등에 관한 법률,소계,미성년,범죄자[명],명,,,,,,,,,,,864,723,998,1429,1511,1514,2172
특별법범,정보통신망 이용촉진 및 정보보호등에 관한 법률,소계,14세미만,범죄자[명],명,,,,,,,,,,,12,7,6,9,19,10,14
특별법범,정보통신망 이용촉진 및 정보보호등에 관한 법률,소계,성인,범죄자[명],명,,,,,,,,,,,4083,5149,7730,11061,12359,12110,16524
특별법범,정보통신망 이용촉진 및 정보보호등에 관한 법률,소계,미상,범죄자[명],명,,,,,,,,,,,557,574,748,906,551,1277,1284
특별법범,조세범처벌법,소계,미성년,범죄자[명],명,,,,,,2,1,,1,2,3,,,,,,
특별법범,조세범처벌법,소계,14세미만,범죄자[명],명,,,,,,1,1,,1,1,1,,,,,,
특별법범,조세범처벌법,소계,성인,범죄자[명],명,195,120,216,843,1045,2008,1208,1591,2255,3143,8014,10536,12287,8094,6275,5977,6172
특별법범,조세범처벌법,소계,미상,범죄자[명],명,1,,1,3,5,12,7,5,11,16,456,340,342,219,205,233,470
특별법범,조수보호 및 수렵에 관한 법률,소계,미성년,범죄자[명],명,1,,,,1,1,,,,,,2,,,,,
특별법범,조수보호 및 수렵에 관한 법률,소계,성인,범죄자[명],명,361,338,478,350,273,405,650,766,701,737,757,503,8,14,1,,879
특별법범,조수보호 및 수렵에 관한 법률,소계,미상,범죄자[명],명,1,1,1,,,,,,2,,26,1,1,,,,44
특별법범,주민등록법,소계,미성년,범죄자[명],명,66,104,113,136,96,40,15,30,76,51,38,46,66,161,221,387,526
특별법범,주민등록법,소계,14세미만,범죄자[명],명,,,,,,,,,,,,1,,1,,3,
특별법범,주민등록법,소계,성인,범죄자[명],명,104,146,87,406,329,166,114,157,352,305,465,1555,1149,1408,1540,1689,1582
특별법범,주민등록법,소계,미상,범죄자[명],명,1,,,,,2,,,3,1,38,22,25,45,66,113,127
특별법범,주차장법,소계,미성년,범죄자[명],명,8,3,1,1,5,3,2,,1,1,1,,1,,,,
특별법범,주차장법,소계,14세미만,범죄자[명],명,3,1,,,1,1,,,,,,,1,,,,
특별법범,주차장법,소계,성인,범죄자[명],명,1051,1071,626,867,1272,1310,1128,1351,1073,1545,1407,973,1033,741,644,340,415
특별법범,주차장법,소계,미상,범죄자[명],명,18,1,1,2,1,4,2,10,2,4,30,10,2,2,6,2,4
특별법범,주택건설촉진법,소계,성인,범죄자[명],명,,,,,,,,,,,369,45,24,14,1,,
특별법범,주택건설촉진법,소계,미상,범죄자[명],명,,,,,,,,,,,35,,1,,,,
특별법범,중기관리법,소계,성인,범죄자[명],명,,,,4,2,5,1,,,,,,,,,,
특별법범,증권거래법,소계,성인,범죄자[명],명,,,,,,,,,,,49,84,65,64,109,72,28
특별법범,증권거래법,소계,미상,범죄자[명],명,,,,,,,,,,,5,7,1,8,1,15,
특별법범,지방세법,소계,성인,범죄자[명],명,,,,,,,,,,,955,700,546,440,162,31,12
특별법범,지방세법,소계,미상,범죄자[명],명,,,,,,,,,,,11,1,2,1,1,1,
특별법범,지방의회의원선거법,소계,성인,범죄자[명],명,4,4,,,,,,,,,,,,,,,
특별법범,지방자치단체의장선거법,소계,성인,범죄자[명],명,1,1,,,,,,,,,,,,,,,
특별법범,지하수법,소계,성인,범죄자[명],명,,,,,,,,,,,43,44,18,16,12,25,17
특별법범,지하수법,소계,미상,범죄자[명],명,,,,,,,,,,,5,,,,,,
특별법범,직업안정 및 고용촉진에 관한 법률,소계,미성년,범죄자[명],명,1,,,3,,1,,,,,,,,,,,
특별법범,직업안정 및 고용촉진에 관한 법률,소계,성인,범죄자[명],명,290,26,9,6,4,2,3,5,1,,,,,,,,
특별법범,직업안정 및 고용촉진에 관한 법률,소계,미상,범죄자[명],명,1,,,,,,,,,,,,,,,,
특별법범,직업안정법,소계,미성년,범죄자[명],명,3,9,35,65,53,33,20,12,14,2,8,4,1,6,10,3,6
특별법범,직업안정법,소계,14세미만,범죄자[명],명,,2,,,,3,,,,1,,,,,,,
특별법범,직업안정법,소계,성인,범죄자[명],명,290,627,1296,1060,1144,1300,1223,1378,1221,1157,1985,1521,1210,1059,1145,2068,1397
특별법범,직업안정법,소계,미상,범죄자[명],명,3,2,1,3,6,2,4,11,3,1,64,24,8,8,8,24,13
특별법범,집회 및 시위에 관한 법률,소계,미성년,범죄자[명],명,60,69,1316,297,253,102,66,53,31,48,32,27,32,29,44,15,2
특별법범,집회 및 시위에 관한 법률,소계,14세미만,범죄자[명],명,,,,,,,1,,,1,,,,,,,
특별법범,집회 및 시위에 관한 법률,소계,성인,범죄자[명],명,433,312,2593,1190,998,1463,1145,1135,1139,1100,1101,1569,1925,1916,2311,1777,992
특별법범,집회 및 시위에 관한 법률,소계,미상,범죄자[명],명,,,3,5,,7,4,4,9,8,69,89,32,19,26,10,18
특별법범,철도법,소계,미성년,범죄자[명],명,6,1,,7,1,1,5,3,6,2,2,,,,,,225
특별법범,철도법,소계,14세미만,범죄자[명],명,1,,,3,,,,,,,,,,,,,2
특별법범,철도법,소계,성인,범죄자[명],명,24,34,14,36,24,23,66,100,239,554,1098,452,19,3,7,,18749
특별법범,철도법,소계,미상,범죄자[명],명,,,,,,,,,11,42,4,2,,,,,232
특별법범,청소년보호법,소계,미성년,범죄자[명],명,,,,99,275,320,326,283,244,222,231,255,266,466,475,589,631
특별법범,청소년보호법,소계,14세미만,범죄자[명],명,,,,5,3,5,10,2,5,8,1,,,,,1,
특별법범,청소년보호법,소계,성인,범죄자[명],명,,,,6008,16308,22024,23091,20523,17952,13379,11764,7850,7318,10033,9998,9850,9768
특별법범,청소년보호법,소계,미상,범죄자[명],명,,,,2,7,54,56,58,47,90,138,113,46,40,43,27,37
특별법범,청소년성보호에 관한 법률,소계,미성년,범죄자[명],명,,,,,,,,,,,342,325,366,655,,,
특별법범,청소년성보호에 관한 법률,소계,14세미만,범죄자[명],명,,,,,,,,,,,,1,1,9,,,
특별법범,청소년성보호에 관한 법률,소계,성인,범죄자[명],명,,,,,,,,,,,3465,2377,2283,2477,,,
특별법범,청소년성보호에 관한 법률,소계,미상,범죄자[명],명,,,,,,,,,,,137,49,36,33,,,
특별법범,총포·도검·화약류단속법,소계,미성년,범죄자[명],명,13,5,12,14,11,5,6,10,2,3,4,1,,7,2,62,19
특별법범,총포·도검·화약류단속법,소계,14세미만,범죄자[명],명,,,1,,,,,,,,,,,,,1,
특별법범,총포·도검·화약류단속법,소계,성인,범죄자[명],명,997,691,761,712,611,682,833,985,858,1327,934,677,571,978,771,1220,992
특별법범,총포·도검·화약류단속법,소계,미상,범죄자[명],명,9,,2,1,3,3,15,6,2,6,25,10,3,9,4,2,11
특별법범,축산물가공처리법,소계,성인,범죄자[명],명,,,,,,,,,,,1046,1607,912,559,708,531,428
특별법범,축산물가공처리법,소계,미상,범죄자[명],명,,,,,,,,,,,19,16,1,5,2,2,6
특별법범,축산물위생처리법,소계,미성년,범죄자[명],명,1,,,1,,,,,,,,,,,,,
특별법범,축산물위생처리법,소계,14세미만,범죄자[명],명,1,,,,,,,,,,,,,,,,
특별법범,축산물위생처리법,소계,성인,범죄자[명],명,303,199,296,411,197,56,8,1,3,2,,,,,,,
특별법범,축산물위생처리법,소계,미상,범죄자[명],명,2,,,,,,,,,,,,,,,,
특별법범,출입국관리법,소계,미성년,범죄자[명],명,,,1,2,2,,1,3,1,1,9,5,,19,9,5,2
특별법범,출입국관리법,소계,14세미만,범죄자[명],명,,,1,1,1,,,1,,,,,,,,,
특별법범,출입국관리법,소계,성인,범죄자[명],명,81,28,65,195,363,321,456,519,396,447,770,1515,2070,2326,3602,3827,2800
특별법범,출입국관리법,소계,미상,범죄자[명],명,,,,4,2,1,,4,3,2,34,24,36,21,30,32,81
특별법범,컴퓨터프로그램보호법,소계,미성년,범죄자[명],명,,,,7,5,12,25,42,23,17,6,46,85,111,137,166,
특별법범,컴퓨터프로그램보호법,소계,14세미만,범죄자[명],명,,,,,,2,,1,,2,,7,40,27,9,43,
특별법범,컴퓨터프로그램보호법,소계,성인,범죄자[명],명,13,26,18,537,123,1471,867,1575,1193,436,2122,715,1145,1267,1847,1361,50
특별법범,컴퓨터프로그램보호법,소계,미상,범죄자[명],명,1,,2,,,1,6,30,9,6,128,143,304,373,345,392,10
특별법범,토양환경보전법,소계,성인,범죄자[명],명,,,,,,,,,,,6,5,9,3,8,7,5
특별법범,토양환경보전법,소계,미상,범죄자[명],명,,,,,,,,,,,1,,,,,,
특별법범,토지수용법,소계,성인,범죄자[명],명,1,,13,6,1,4,,5,2,3,,,,,,,
특별법범,통신비밀보호법,소계,미성년,범죄자[명],명,,,,,,,,,,,,1,,,,,
특별법범,통신비밀보호법,소계,성인,범죄자[명],명,,,,,,,,,,,52,156,109,91,103,120,98
특별법범,통신비밀보호법,소계,미상,범죄자[명],명,,,,,,,,,,,8,2,3,10,3,9,2
특별법범,특가법(관세),소계,미성년,범죄자[명],명,1,,,,,,,,,,,,,,,,
특별법범,특가법(관세),소계,14세미만,범죄자[명],명,1,,,,,,,,,,,,,,,,
특별법범,특가법(관세),소계,성인,범죄자[명],명,22,16,6,,20,,6,3,4,1,18,3,,12,19,4,
특별법범,특가법(관세),소계,미상,범죄자[명],명,,,,,,,,,,,1,,,1,,,
특별법범,특가법(국고손실),소계,성인,범죄자[명],명,2,,,1,3,,,2,,,1,16,2,1,2,9,2
특별법범,특가법(도주차량),소계,미성년,범죄자[명],명,434,627,753,903,865,872,1005,842,659,591,480,464,434,566,524,492,357
특별법범,특가법(도주차량),소계,14세미만,범죄자[명],명,2,11,6,5,6,3,7,4,2,1,2,52,29,24,13,5,2
특별법범,특가법(도주차량),소계,성인,범죄자[명],명,7849,9588,14022,14076,16060,15047,16142,14079,12865,14783,12963,13614,15442,14702,13504,14015,13643
특별법범,특가법(도주차량),소계,미상,범죄자[명],명,43,8,11,13,126,156,56,69,228,219,3600,1146,207,105,73,28,252
특별법범,특가법(마약),소계,성인,범죄자[명],명,5,2,4,,1,,,1,4,1,,,1,,2,2,
특별법범,특가법(범죄단체조직),소계,미성년,범죄자[명],명,,,,7,,11,9,,1,,1,,,1,,,
특별법범,특가법(범죄단체조직),소계,성인,범죄자[명],명,7,4,5,7,10,46,18,18,19,11,11,13,13,17,,17,
특별법범,특가법(범죄단체조직),소계,미상,범죄자[명],명,,,,,,,,,,,4,,1,4,,,
특별법범,특가법(보복범죄등),소계,미성년,범죄자[명],명,,8,2,4,12,7,10,12,5,9,1,2,1,11,9,13,29
특별법범,특가법(보복범죄등),소계,14세미만,범죄자[명],명,,,,,,,,,1,,,,,,,,1
특별법범,특가법(보복범죄등),소계,성인,범죄자[명],명,24,17,38,26,60,72,79,101,79,68,72,95,77,90,97,119,103
특별법범,특가법(보복범죄등),소계,미상,범죄자[명],명,,,,,,,,,,,9,6,,,1,4,
특별법범,특가법(산림),소계,미성년,범죄자[명],명,,,,,,3,,,,,,,,,,,
특별법범,특가법(산림),소계,성인,범죄자[명],명,9,11,2,5,4,5,9,19,14,20,34,38,12,40,43,69,20
특별법범,특가법(산림),소계,미상,범죄자[명],명,,,,,,,,,,,,6,,2,1,1,1
특별법범,특가법(외국인을 위한 재산취득),소계,성인,범죄자[명],명,,2,,,,,,,,,,,,,,2,
특별법범,특가법(위험운전치상),소계,미성년,범죄자[명],명,,,,,,,,,,,,,,,52,42,34
특별법범,특가법(위험운전치상),소계,성인,범죄자[명],명,,,,,,,,,,,,,,,7547,8636,8970
특별법범,특가법(위험운전치상),소계,미상,범죄자[명],명,,,,,,,,,,,,,,,2,,1
특별법범,특가법(조세),소계,성인,범죄자[명],명,,4,,6,,25,19,27,13,27,24,67,71,83,139,303,501
특별법범,특가법(조세),소계,미상,범죄자[명],명,,,,,,,,,,1,1,1,5,1,6,11,60
특별법범,특가법(향정),소계,성인,범죄자[명],명,,,,,,,,,,,,,1,,7,1,3
특별법범,특경법(무인가단기금융업),소계,성인,범죄자[명],명,6,,1,,1,,1,,2,,,,,,,,
특별법범,특경법(보고의무),소계,성인,범죄자[명],명,1,2,,,,2,3,,,,,,1,2,1,,
특별법범,특경법(사금융알선등),소계,성인,범죄자[명],명,3,,,,1,6,3,1,9,4,17,18,10,14,15,13,10
특별법범,특경법(사금융알선등),소계,미상,범죄자[명],명,,,,,,,,,,,1,,,,,,
특별법범,특경법(재산국외도피),소계,성인,범죄자[명],명,4,4,5,2,3,2,1,3,1,1,2,4,1,,6,5,19
특별법범,특경법(저축관련부당행위),소계,미성년,범죄자[명],명,1,,,,,,,,,,,,,,,,
특별법범,특경법(저축관련부당행위),소계,성인,범죄자[명],명,8,,,,10,,2,,,,2,1,,,,,
특별법범,특허법,소계,미성년,범죄자[명],명,,,,,,,,,,,1,,,,,,
특별법범,특허법,소계,14세미만,범죄자[명],명,,,,,,,,,,,1,,,,,,
특별법범,특허법,소계,성인,범죄자[명],명,40,44,53,57,147,137,158,190,187,231,224,320,389,626,530,525,378
특별법범,특허법,소계,미상,범죄자[명],명,1,1,2,,1,,1,4,,1,106,74,94,76,86,47,73
특별법범,폐기물관리법,소계,미성년,범죄자[명],명,12,2,3,3,1,2,2,1,3,2,1,,,,,,
특별법범,폐기물관리법,소계,14세미만,범죄자[명],명,1,2,1,,1,,,,1,2,1,,,,,,
특별법범,폐기물관리법,소계,성인,범죄자[명],명,1325,1725,2122,3233,2284,1752,3987,3339,2033,1532,1315,1012,1043,1012,787,783,629
특별법범,폐기물관리법,소계,미상,범죄자[명],명,23,17,21,33,42,26,30,21,12,11,92,58,45,27,34,42,45
특별법범,풍속영업의 규제에 관한 법률,소계,미성년,범죄자[명],명,94,87,104,59,66,38,11,11,9,9,12,4,4,1,,1,
특별법범,풍속영업의 규제에 관한 법률,소계,14세미만,범죄자[명],명,8,10,4,5,3,,,,1,,,,,,,,
특별법범,풍속영업의 규제에 관한 법률,소계,성인,범죄자[명],명,11952,9704,10873,10293,15439,7376,1718,2051,1603,1262,1082,445,186,175,154,336,227
특별법범,풍속영업의 규제에 관한 법률,소계,미상,범죄자[명],명,75,6,12,7,16,15,4,2,5,16,23,4,,3,1,5,6
특별법범,하수도법,소계,성인,범죄자[명],명,6,11,11,14,7,23,4,2,6,4,4,2,6,7,92,102,73
특별법범,하수도법,소계,미상,범죄자[명],명,,,4,3,,,,,,,1,,,,1,1,2
특별법범,하천법,소계,미성년,범죄자[명],명,1,,1,,,,,,,,,,,,,,
특별법범,하천법,소계,성인,범죄자[명],명,259,225,211,228,193,172,201,253,199,250,193,185,197,143,135,173,148
특별법범,하천법,소계,미상,범죄자[명],명,3,,4,1,2,1,,1,1,1,9,6,5,2,2,3,5
특별법범,학교보건법,소계,성인,범죄자[명],명,,,,,,,,,,,419,1111,886,560,434,273,202
특별법범,학교보건법,소계,미상,범죄자[명],명,,,,,,,,,,,9,16,2,4,1,5,2
특별법범,학원의설립·운영 및 과외교섭에 관한법률,소계,성인,범죄자[명],명,,,,,,,,,,,252,294,183,257,483,3677,2409
특별법범,학원의설립·운영 및 과외교섭에 관한법률,소계,미상,범죄자[명],명,,,,,,,,,,,6,2,,,2,,5
특별법범,학원의설립·운영에관한법률,소계,미성년,범죄자[명],명,1,,1,2,,1,,3,,,,,,,,,
특별법범,학원의설립·운영에관한법률,소계,14세미만,범죄자[명],명,1,,1,2,,,,,,,,,,,,,
특별법범,학원의설립·운영에관한법률,소계,성인,범죄자[명],명,639,315,263,265,415,602,280,128,26,26,,,,,,,
특별법범,학원의설립·운영에관한법률,소계,미상,범죄자[명],명,4,,1,1,,1,,1,,,,,,,,,
특별법범,항만운송사업법,소계,성인,범죄자[명],명,,,,,,,,,,,12,31,9,45,122,132,32
특별법범,항만운송사업법,소계,미상,범죄자[명],명,,,,,,,,,,,2,,,,,,1
특별법범,해양오염방지법,소계,미성년,범죄자[명],명,,,,1,,2,1,1,,,,,,,,,
특별법범,해양오염방지법,소계,14세미만,범죄자[명],명,,,,,,1,1,,,,,,,,,,
특별법범,해양오염방지법,소계,성인,범죄자[명],명,409,434,555,640,1112,1174,878,853,686,554,607,676,654,602,,,
특별법범,해양오염방지법,소계,미상,범죄자[명],명,6,8,36,29,31,30,10,3,3,1,95,26,18,14,,,
특별법범,해양환경관리법,소계,성인,범죄자[명],명,,,,,,,,,,,,,,,594,514,823
특별법범,해양환경관리법,소계,미상,범죄자[명],명,,,,,,,,,,,,,,,4,5,39
특별법범,향정신성의 약품관리법,소계,미성년,범죄자[명],명,26,24,30,22,47,66,40,51,29,15,,,,,,,
특별법범,향정신성의 약품관리법,소계,14세미만,범죄자[명],명,,,,1,,,,2,,,,,,,,,
특별법범,향정신성의 약품관리법,소계,성인,범죄자[명],명,643,1054,1266,1412,2411,3391,2987,3464,3480,2225,,,,,,,
특별법범,향정신성의 약품관리법,소계,미상,범죄자[명],명,4,,4,4,10,20,13,15,20,14,,,,,,,
특별법범,향토예비군설치법,소계,미성년,범죄자[명],명,67,33,22,27,16,19,17,9,18,11,11,1,,2,,,
특별법범,향토예비군설치법,소계,14세미만,범죄자[명],명,25,16,15,5,9,6,5,5,4,4,5,,,,,,
특별법범,향토예비군설치법,소계,성인,범죄자[명],명,37584,31090,25340,30571,26618,21691,15207,18751,22023,20324,30651,23299,22906,20905,18223,18422,13060
특별법범,향토예비군설치법,소계,미상,범죄자[명],명,338,15,16,21,22,65,39,74,52,91,146,33,10,6,2,5,11
특별법범,형사소송법,소계,미성년,범죄자[명],명,,2,3,,,,1,,2,1,,,,,,,
특별법범,형사소송법,소계,성인,범죄자[명],명,,4,6,8,12,14,6,10,20,6,1,,,,,,
특별법범,형시효등에 관한 법률,소계,미성년,범죄자[명],명,,1,,,,,,1,1,,,,,,,,
특별법범,형시효등에 관한 법률,소계,성인,범죄자[명],명,,7,4,,2,,1,16,3,,,,,,,,
특별법범,형의실효등에 관한 법률,소계,미성년,범죄자[명],명,,,,1,,,,,,,,,,,,,
특별법범,형의실효등에 관한 법률,소계,성인,범죄자[명],명,1,,,,,8,,,,3,,9,3,,,,
특별법범,형의실효등에 관한 법률,소계,미상,범죄자[명],명,,,,,,,,,,,1,,,,,,
특별법범,화물자동차운수사업법,소계,성인,범죄자[명],명,,,,,,,,,,,344,377,625,686,1175,1224,1793
특별법범,화물자동차운수사업법,소계,미상,범죄자[명],명,,,,,,,,,,,10,7,6,5,7,12,23
특별법범,화염병사용등의 처벌에 관한 법률,소계,미성년,범죄자[명],명,,24,14,16,,,,2,,,,,,,,,
특별법범,화염병사용등의 처벌에 관한 법률,소계,성인,범죄자[명],명,4,45,51,46,10,9,6,51,38,17,22,15,8,2,9,5,14
특별법범,환경범죄의 단속에 관한 특별조치법,소계,성인,범죄자[명],명,,,,,,,,,,,,3,5,1,5,1,8
특별법범,환경범죄의 단속에 관한 특별조치법,소계,미상,범죄자[명],명,,,,,,,,,,,,,5,,,,
특별법범,환경범죄의 처벌에 관한 특별조치법,소계,성인,범죄자[명],명,4,10,4,3,3,8,1,1,,1,,,,,,,
특별법범,환경보전법,소계,성인,범죄자[명],명,9,10,7,7,1,2,6,3,5,2,,,,,,,
특별법범,환경보전법,소계,미상,범죄자[명],명,1,,,,,,3,,,,,,,,,,
특별법범,후천성면역결핍증예방법,소계,미성년,범죄자[명],명,,,,,1,,,,,,,,,,,,
특별법범,후천성면역결핍증예방법,소계,성인,범죄자[명],명,,,,1,,,,,4,1,1,1,4,,,,
특별법범,기타특별법,소계,미성년,범죄자[명],명,123,156,247,349,343,501,3338,9346,11129,9059,64,54,46,115,172,174,153
특별법범,기타특별법,소계,14세미만,범죄자[명],명,16,8,11,9,5,12,40,68,119,113,7,,1,,3,3,
특별법범,기타특별법,소계,성인,범죄자[명],명,15720,20643,20759,25204,28168,46281,100421,169612,234276,282003,17279,15560,17812,19456,30305,41471,39456
특별법범,기타특별법,소계,미상,범죄자[명],명,187,49,96,104,111,194,184,235,274,478,970,426,473,704,2382,2791,1820
