대,중,소,시간별,1994,1995,1996,1997,1998,1999,2000,2001,2002,2003,2004,2005,2006,2007,2008,2009,2010
총범죄,소계,소계,심야(00:00~04:00),116664,125759,135562,145650,181537,199965,227726,231374,227356,232135,794266,669626,658792,682121,825648,838369,657125
총범죄,소계,소계,새벽(04:00~07:00),38998,41308,43568,47170,48238,54892,63837,64021,61087,60858,92146,83080,79152,90689,99263,94166,87811
총범죄,소계,소계,오전(07:00~12:00),163507,180626,192047,195345,230522,231894,239295,258970,235199,234504,206451,200434,207161,223647,243143,242713,231321
총범죄,소계,소계,오후(12:00~18:00),248225,247811,258781,259432,294722,300942,303518,299365,287782,285512,301583,272648,278197,298859,332056,316751,298739
총범죄,소계,소계,초저녁(18:00~20:00),91141,94094,94087,102344,118736,114916,123492,121742,115557,117096,104313,98884,98744,104802,113639,113412,113618
총범죄,소계,소계,밤(20:00~24:00),205086,222743,235911,296229,305451,270674,313298,328523,325151,340628,469424,408450,397029,436378,449988,414798,396339
형법범,소계,소계,심야(00:00~04:00),52976,57491,59530,63563,77410,102409,125059,120285,105150,109782,391256,354920,359472,351056,388751,452696,394534
형법범,소계,소계,새벽(04:00~07:00),9796,11214,11766,13056,14859,19135,27468,28712,25241,25759,39327,41166,41714,44650,46603,48769,47064
형법범,소계,소계,오전(07:00~12:00),50181,60909,69541,71101,86402,92312,103513,113368,99997,108880,79863,87716,97214,101061,104995,113936,121459
형법범,소계,소계,오후(12:00~18:00),80332,84500,89616,88159,101170,105928,119789,115637,109477,119842,115350,118287,127681,131115,135559,146067,151383
형법범,소계,소계,초저녁(18:00~20:00),31439,32859,30997,30976,34647,39143,51797,51855,47077,48170,43125,48057,49971,52257,56489,57699,61110
형법범,소계,소계,밤(20:00~24:00),74005,72097,70885,70914,77451,90573,114141,112247,96807,101000,134214,140701,142673,148471,153274,161158,159289
형법범,강력범,소계,심야(00:00~04:00),3297,2769,2925,3227,3639,3714,4021,3900,3720,4085,5271,5130,5274,5505,6902,7907,10062
형법범,강력범,소계,새벽(04:00~07:00),542,515,602,607,795,908,1042,1043,1116,1227,2109,2337,2482,2390,2352,2494,2910
형법범,강력범,소계,오전(07:00~12:00),987,841,998,1068,1511,1369,1650,1710,1649,1942,1626,1561,1774,1688,1716,1947,3003
형법범,강력범,소계,오후(12:00~18:00),1702,1495,1590,1634,1891,1844,1946,2033,1774,2147,2338,2242,2288,2174,2278,2521,3404
형법범,강력범,소계,초저녁(18:00~20:00),772,676,680,716,876,862,892,931,829,1003,916,911,1090,915,993,1049,1626
형법범,강력범,소계,밤(20:00~24:00),2172,1836,1772,1865,2165,2081,2239,2227,1974,2421,3236,3176,3489,3301,3517,3872,4766
형법범,강력범,살인,심야(00:00~04:00),137,135,133,147,180,215,185,191,181,178,265,258,272,264,331,379,343
형법범,강력범,살인,새벽(04:00~07:00),45,45,35,64,58,76,70,69,63,56,100,101,109,84,84,112,109
형법범,강력범,살인,오전(07:00~12:00),77,100,94,93,142,124,144,151,141,158,147,147,170,197,127,172,172
형법범,강력범,살인,오후(12:00~18:00),108,122,135,136,177,177,169,171,157,152,208,208,199,204,180,244,215
형법범,강력범,살인,초저녁(18:00~20:00),64,60,56,70,85,81,56,100,78,89,67,93,84,93,101,122,127
형법범,강력범,살인,밤(20:00~24:00),110,110,122,152,167,150,158,173,151,153,296,254,239,269,286,345,285
형법범,강력범,강도,심야(00:00~04:00),1366,1188,1172,1485,1749,1562,1823,1711,1712,1910,1915,1710,1607,1550,1931,2713,1885
형법범,강력범,강도,새벽(04:00~07:00),176,206,211,209,339,324,385,406,425,514,875,868,814,762,736,853,582
형법범,강력범,강도,오전(07:00~12:00),409,308,351,403,581,521,592,694,712,884,620,529,528,407,414,581,384
형법범,강력범,강도,오후(12:00~18:00),573,529,500,581,724,679,681,809,717,1054,967,827,779,681,661,832,600
형법범,강력범,강도,초저녁(18:00~20:00),268,253,197,240,327,281,315,319,309,447,370,319,252,253,250,345,241
형법범,강력범,강도,밤(20:00~24:00),849,668,609,670,845,703,784,717,715,969,1085,917,858,786,819,1027,717
형법범,강력범,강간,심야(00:00~04:00),1620,1298,1448,1414,1452,1677,1759,1710,1543,1616,2639,2672,2928,3201,4014,4251,7226
형법범,강력범,강간,새벽(04:00~07:00),284,227,308,297,329,431,516,498,542,557,1006,1178,1377,1378,1332,1390,2016
형법범,강력범,강간,오전(07:00~12:00),434,362,465,477,607,596,723,685,588,673,669,679,868,896,961,993,2263
형법범,강력범,강간,오후(12:00~18:00),907,723,828,791,812,823,865,811,689,673,832,881,1003,967,1111,1073,2249
형법범,강력범,강간,초저녁(18:00~20:00),389,312,348,343,358,407,428,403,344,347,328,357,616,440,463,433,1130
형법범,강력범,강간,밤(20:00~24:00),1077,949,935,914,986,1030,1066,1105,903,998,1476,1549,1963,1844,2002,2052,3336
형법범,강력범,방화,심야(00:00~04:00),174,148,172,181,258,260,254,288,284,381,452,490,467,490,626,564,608
형법범,강력범,방화,새벽(04:00~07:00),37,37,48,37,69,77,71,70,86,100,128,190,182,166,200,139,203
형법범,강력범,방화,오전(07:00~12:00),67,71,88,95,181,128,191,180,208,227,190,206,208,188,214,201,184
형법범,강력범,방화,오후(12:00~18:00),114,121,127,126,178,165,231,242,211,268,331,326,307,322,326,372,340
형법범,강력범,방화,초저녁(18:00~20:00),51,51,79,63,106,93,93,109,98,120,151,142,138,129,179,149,128
형법범,강력범,방화,밤(20:00~24:00),136,109,106,129,167,198,231,232,205,301,379,456,429,402,410,448,428
형법범,절도범,절도,심야(00:00~04:00),4917,-,-,-,-,-,-,-,-,-,-,-,-,-,-,-,-
형법범,절도범,절도,새벽(04:00~07:00),1785,-,-,-,-,-,-,-,-,-,-,-,-,-,-,-,-
형법범,절도범,절도,오전(07:00~12:00),6256,-,-,-,-,-,-,-,-,-,-,-,-,-,-,-,-
형법범,절도범,절도,오후(12:00~18:00),9142,-,-,-,-,-,-,-,-,-,-,-,-,-,-,-,-
형법범,절도범,절도,초저녁(18:00~20:00),3110,-,-,-,-,-,-,-,-,-,-,-,-,-,-,-,-
형법범,절도범,절도,밤(20:00~24:00),5967,-,-,-,-,-,-,-,-,-,-,-,-,-,-,-,-
형법범,절도범,특가법(절도),심야(00:00~04:00),884,-,-,-,-,-,-,-,-,-,-,-,-,-,-,-,-
형법범,절도범,특가법(절도),새벽(04:00~07:00),167,-,-,-,-,-,-,-,-,-,-,-,-,-,-,-,-
형법범,절도범,특가법(절도),오전(07:00~12:00),602,-,-,-,-,-,-,-,-,-,-,-,-,-,-,-,-
형법범,절도범,특가법(절도),오후(12:00~18:00),947,-,-,-,-,-,-,-,-,-,-,-,-,-,-,-,-
형법범,절도범,특가법(절도),초저녁(18:00~20:00),222,-,-,-,-,-,-,-,-,-,-,-,-,-,-,-,-
형법범,절도범,특가법(절도),밤(20:00~24:00),412,-,-,-,-,-,-,-,-,-,-,-,-,-,-,-,-
형법범,절도범,특가법(절도강간),심야(00:00~04:00),1,-,-,-,-,-,-,-,-,-,-,-,-,-,-,-,-
형법범,절도범,야간주거침입절도,심야(00:00~04:00),1299,-,-,-,-,-,-,-,-,-,-,-,-,-,-,-,-
형법범,절도범,야간주거침입절도,새벽(04:00~07:00),160,-,-,-,-,-,-,-,-,-,-,-,-,-,-,-,-
형법범,절도범,야간주거침입절도,오전(07:00~12:00),77,-,-,-,-,-,-,-,-,-,-,-,-,-,-,-,-
형법범,절도범,야간주거침입절도,오후(12:00~18:00),131,-,-,-,-,-,-,-,-,-,-,-,-,-,-,-,-
형법범,절도범,야간주거침입절도,초저녁(18:00~20:00),242,-,-,-,-,-,-,-,-,-,-,-,-,-,-,-,-
형법범,절도범,야간주거침입절도,밤(20:00~24:00),605,-,-,-,-,-,-,-,-,-,-,-,-,-,-,-,-
형법범,절도범,야간주거침입절도(상습),심야(00:00~04:00),2,-,-,-,-,-,-,-,-,-,-,-,-,-,-,-,-
형법범,절도범,특수절도,심야(00:00~04:00),3552,-,-,-,-,-,-,-,-,-,-,-,-,-,-,-,-
형법범,절도범,특수절도,새벽(04:00~07:00),382,-,-,-,-,-,-,-,-,-,-,-,-,-,-,-,-
형법범,절도범,특수절도,오전(07:00~12:00),1367,-,-,-,-,-,-,-,-,-,-,-,-,-,-,-,-
형법범,절도범,특수절도,오후(12:00~18:00),2910,-,-,-,-,-,-,-,-,-,-,-,-,-,-,-,-
형법범,절도범,특수절도,초저녁(18:00~20:00),974,-,-,-,-,-,-,-,-,-,-,-,-,-,-,-,-
형법범,절도범,특수절도,밤(20:00~24:00),2256,-,-,-,-,-,-,-,-,-,-,-,-,-,-,-,-
형법범,절도범,특수절도(상습),심야(00:00~04:00),1,-,-,-,-,-,-,-,-,-,-,-,-,-,-,-,-
형법범,절도범,특수절도(상습),오전(07:00~12:00),3,-,-,-,-,-,-,-,-,-,-,-,-,-,-,-,-
형법범,절도범,특수절도(상습),오후(12:00~18:00),9,-,-,-,-,-,-,-,-,-,-,-,-,-,-,-,-
형법범,절도범,특수절도(상습),밤(20:00~24:00),2,-,-,-,-,-,-,-,-,-,-,-,-,-,-,-,-
형법범,절도범,상습절도,심야(00:00~04:00),116,-,-,-,-,-,-,-,-,-,-,-,-,-,-,-,-
형법범,절도범,상습절도,새벽(04:00~07:00),18,-,-,-,-,-,-,-,-,-,-,-,-,-,-,-,-
형법범,절도범,상습절도,오전(07:00~12:00),109,-,-,-,-,-,-,-,-,-,-,-,-,-,-,-,-
형법범,절도범,상습절도,오후(12:00~18:00),153,-,-,-,-,-,-,-,-,-,-,-,-,-,-,-,-
형법범,절도범,상습절도,초저녁(18:00~20:00),33,-,-,-,-,-,-,-,-,-,-,-,-,-,-,-,-
형법범,절도범,상습절도,밤(20:00~24:00),72,-,-,-,-,-,-,-,-,-,-,-,-,-,-,-,-
형법범,기타형법범,장물에 관한죄,심야(00:00~04:00),54,66,42,44,85,117,95,58,36,33,633,394,456,939,623,1422,953
형법범,기타형법범,장물에 관한죄,새벽(04:00~07:00),27,27,23,45,38,31,22,26,50,24,23,66,62,42,85,59,42
형법범,기타형법범,장물에 관한죄,오전(07:00~12:00),184,138,168,132,302,376,278,212,312,244,289,855,721,454,643,557,464
형법범,기타형법범,장물에 관한죄,오후(12:00~18:00),340,290,296,293,534,633,448,340,351,251,355,817,792,887,476,842,1005
형법범,기타형법범,장물에 관한죄,초저녁(18:00~20:00),106,82,66,71,116,130,123,84,92,70,95,820,186,181,137,212,241
형법범,기타형법범,장물에 관한죄,밤(20:00~24:00),109,74,68,67,106,91,98,70,61,67,97,186,193,269,180,195,213
형법범,기타형법범,특가법(장물),심야(00:00~04:00),-,-,1,-,2,99,31,-,2,2,38,123,47,24,25,18,24
형법범,기타형법범,특가법(장물),새벽(04:00~07:00),-,1,1,1,-,1,43,1,-,3,-,53,10,4,6,21,12
형법범,기타형법범,특가법(장물),오전(07:00~12:00),15,-,2,1,1,35,20,30,34,6,15,32,5,54,4,10,111
형법범,기타형법범,특가법(장물),오후(12:00~18:00),3,5,3,1,3,50,43,14,9,15,8,51,14,112,10,18,128
형법범,기타형법범,특가법(장물),초저녁(18:00~20:00),1,3,-,1,1,6,7,-,1,1,3,26,1,17,-,3,4
형법범,기타형법범,특가법(장물),밤(20:00~24:00),1,-,1,1,1,9,3,2,2,2,-,92,2,35,2,2,4
형법범,기타형법범,내란의 죄,심야(00:00~04:00),-,-,-,-,-,-,-,-,-,-,1,-,-,-,-,-,-
형법범,기타형법범,내란의 죄,새벽(04:00~07:00),-,-,-,-,-,-,-,-,-,-,-,-,-,-,-,-,-
형법범,기타형법범,내란의 죄,오전(07:00~12:00),-,-,-,-,-,-,-,-,-,-,1,-,-,-,-,-,-
형법범,기타형법범,내란의 죄,오후(12:00~18:00),-,-,-,-,-,-,-,-,-,-,-,-,-,-,-,-,-
형법범,기타형법범,내란의 죄,초저녁(18:00~20:00),-,-,-,-,-,-,-,-,-,-,-,-,-,-,-,-,-
형법범,기타형법범,내란의 죄,밤(20:00~24:00),-,-,-,-,-,-,-,-,-,-,-,-,-,-,-,-,-
형법범,기타형법범,외환의 죄,심야(00:00~04:00),-,-,-,-,-,-,-,2,-,2,-,-,-,-,-,-,-
형법범,기타형법범,외환의 죄,새벽(04:00~07:00),-,-,-,-,-,-,-,-,-,-,-,-,-,-,-,-,-
형법범,기타형법범,외환의 죄,오전(07:00~12:00),-,-,-,1,-,-,-,-,-,-,-,-,-,-,-,-,-
형법범,기타형법범,외환의 죄,오후(12:00~18:00),-,-,-,-,-,-,-,-,1,-,-,-,-,-,-,-,-
형법범,기타형법범,외환의 죄,초저녁(18:00~20:00),-,-,-,-,-,-,-,1,-,-,-,-,-,-,-,-,-
형법범,기타형법범,외환의 죄,밤(20:00~24:00),-,1,-,-,-,-,-,3,1,-,-,-,-,-,-,-,-
형법범,기타형법범,국기에 관한 죄,심야(00:00~04:00),-,-,-,-,-,-,-,-,-,-,-,-,-,-,-,-,-
형법범,기타형법범,국기에 관한 죄,새벽(04:00~07:00),-,-,-,-,-,-,-,-,-,-,-,-,-,-,-,-,-
형법범,기타형법범,국기에 관한 죄,오전(07:00~12:00),-,1,-,-,-,-,-,-,-,-,-,-,-,-,-,-,-
형법범,기타형법범,국기에 관한 죄,오후(12:00~18:00),-,-,-,-,-,-,-,-,-,-,-,-,-,-,-,-,-
형법범,기타형법범,국기에 관한 죄,초저녁(18:00~20:00),-,-,-,-,-,-,-,-,-,-,-,-,-,-,-,-,-
형법범,기타형법범,국기에 관한 죄,밤(20:00~24:00),-,-,-,-,-,-,-,-,-,-,-,-,-,-,-,-,-
형법범,기타형법범,국교에 관한 죄,심야(00:00~04:00),-,-,-,-,-,-,-,-,-,-,-,-,-,-,-,-,-
형법범,기타형법범,국교에 관한 죄,새벽(04:00~07:00),-,-,-,-,-,-,-,-,-,-,-,-,-,-,-,-,-
형법범,기타형법범,국교에 관한 죄,오전(07:00~12:00),-,-,-,-,-,-,-,-,-,-,-,-,-,-,-,-,-
형법범,기타형법범,국교에 관한 죄,오후(12:00~18:00),-,-,-,-,-,-,-,-,-,-,-,-,-,-,-,-,-
형법범,기타형법범,국교에 관한 죄,초저녁(18:00~20:00),-,-,-,-,-,-,-,-,-,-,-,-,-,-,-,-,-
형법범,기타형법범,국교에 관한 죄,밤(20:00~24:00),-,-,-,-,-,-,-,-,-,-,-,-,-,-,-,-,-
형법범,기타형법범,공안을 해하는 죄,심야(00:00~04:00),7,3,5,5,11,7,6,4,6,6,8,8,11,17,14,11,9
형법범,기타형법범,공안을 해하는 죄,새벽(04:00~07:00),1,2,1,-,1,2,6,2,-,-,1,1,-,2,2,1,1
형법범,기타형법범,공안을 해하는 죄,오전(07:00~12:00),8,4,4,8,8,10,6,3,5,10,3,5,6,2,4,1,2
형법범,기타형법범,공안을 해하는 죄,오후(12:00~18:00),19,13,4,9,11,9,8,9,8,5,10,6,6,6,1,6,4
형법범,기타형법범,공안을 해하는 죄,초저녁(18:00~20:00),4,3,5,-,2,4,1,6,1,1,3,1,1,2,3,1,1
형법범,기타형법범,공안을 해하는 죄,밤(20:00~24:00),3,5,5,6,4,5,6,5,3,2,5,7,7,2,6,3,3
형법범,기타형법범,폭발물에 관한 죄,심야(00:00~04:00),1,-,-,-,1,-,-,-,-,-,-,-,-,-,4,-,2
형법범,기타형법범,폭발물에 관한 죄,새벽(04:00~07:00),-,-,-,-,-,-,-,1,-,-,-,-,-,-,-,-,-
형법범,기타형법범,폭발물에 관한 죄,오전(07:00~12:00),-,-,-,-,-,-,-,1,-,-,1,-,-,1,-,-,-
형법범,기타형법범,폭발물에 관한 죄,오후(12:00~18:00),-,-,-,-,-,1,-,1,1,1,-,2,-,-,1,-,1
형법범,기타형법범,폭발물에 관한 죄,초저녁(18:00~20:00),-,-,-,-,-,-,-,-,-,-,-,-,-,-,-,-,-
형법범,기타형법범,폭발물에 관한 죄,밤(20:00~24:00),-,-,1,-,-,-,-,-,-,-,-,-,-,-,-,-,2
형법범,기타형법범,공무방해에 관한 죄,심야(00:00~04:00),815,780,886,963,1270,1477,1778,2052,2238,2227,4327,4147,4634,5974,6918,7302,5390
형법범,기타형법범,공무방해에 관한 죄,새벽(04:00~07:00),136,129,165,225,273,313,484,539,547,515,798,770,861,1363,1456,1470,1103
형법범,기타형법범,공무방해에 관한 죄,오전(07:00~12:00),643,789,889,919,1101,1176,1210,1257,1163,1191,985,984,1068,1248,1252,1732,1141
형법범,기타형법범,공무방해에 관한 죄,오후(12:00~18:00),932,933,990,1233,1253,1179,1275,1269,1307,1305,1321,1248,1245,1525,1594,1601,1271
형법범,기타형법범,공무방해에 관한 죄,초저녁(18:00~20:00),337,294,284,380,345,342,390,502,505,555,387,405,455,659,676,657,585
형법범,기타형법범,공무방해에 관한 죄,밤(20:00~24:00),1205,947,1013,1120,1320,1185,1468,1656,1973,1946,2421,2363,2698,3807,4456,4380,3831
형법범,기타형법범,도주와 도주원조죄,심야(00:00~04:00),24,11,1,27,32,42,61,23,43,17,2,5,2,4,4,5,4
형법범,기타형법범,도주와 도주원조죄,새벽(04:00~07:00),6,3,-,6,18,19,21,6,6,6,1,2,-,1,-,1,2
형법범,기타형법범,도주와 도주원조죄,오전(07:00~12:00),9,1,1,6,21,16,17,9,9,12,3,3,2,1,1,2,1
형법범,기타형법범,도주와 도주원조죄,오후(12:00~18:00),14,10,3,11,33,20,46,9,27,20,4,4,3,5,3,3,2
형법범,기타형법범,도주와 도주원조죄,초저녁(18:00~20:00),11,7,2,11,13,19,28,3,11,11,2,2,-,-,-,-,2
형법범,기타형법범,도주와 도주원조죄,밤(20:00~24:00),36,21,3,24,35,39,63,26,25,46,4,4,2,-,-,5,-
형법범,기타형법범,범인은닉·범인도피죄,심야(00:00~04:00),34,31,29,51,40,53,53,71,65,60,62,37,29,71,73,107,52
형법범,기타형법범,범인은닉·범인도피죄,새벽(04:00~07:00),9,9,10,14,13,8,22,29,23,18,19,15,5,11,9,11,18
형법범,기타형법범,범인은닉·범인도피죄,오전(07:00~12:00),21,17,24,21,39,28,24,40,49,46,25,17,16,26,25,46,13
형법범,기타형법범,범인은닉·범인도피죄,오후(12:00~18:00),30,32,33,41,42,43,35,39,56,47,52,24,30,33,52,146,19
형법범,기타형법범,범인은닉·범인도피죄,초저녁(18:00~20:00),21,9,21,17,22,21,17,20,20,25,15,5,17,10,12,13,7
형법범,기타형법범,범인은닉·범인도피죄,밤(20:00~24:00),49,38,29,30,51,47,47,42,44,58,49,25,28,36,47,32,36
형법범,기타형법범,위증죄,심야(00:00~04:00),13,30,18,15,37,48,53,12,12,28,1483,1455,1388,1525,1576,1742,1453
형법범,기타형법범,위증죄,새벽(04:00~07:00),2,3,-,2,1,3,3,4,2,2,1,4,3,2,1,4,2
형법범,기타형법범,위증죄,오전(07:00~12:00),161,152,177,213,259,353,381,356,228,213,114,101,123,92,120,128,200
형법범,기타형법범,위증죄,오후(12:00~18:00),812,712,591,612,643,742,559,479,361,320,395,444,487,466,417,450,525
형법범,기타형법범,위증죄,초저녁(18:00~20:00),22,12,14,15,10,24,42,41,49,30,2,2,3,4,8,4,5
형법범,기타형법범,위증죄,밤(20:00~24:00),4,5,10,16,13,20,38,28,26,19,4,4,3,5,7,2,3
형법범,기타형법범,허위감정·증거인멸은닉·증인은닉죄,심야(00:00~04:00),1,1,3,-,-,4,-,3,5,2,24,28,27,30,19,38,32
형법범,기타형법범,허위감정·증거인멸은닉·증인은닉죄,새벽(04:00~07:00),-,2,-,-,2,1,-,1,-,1,1,-,-,1,1,-,-
형법범,기타형법범,허위감정·증거인멸은닉·증인은닉죄,오전(07:00~12:00),5,10,7,7,8,14,12,10,10,8,2,5,9,2,4,5,8
형법범,기타형법범,허위감정·증거인멸은닉·증인은닉죄,오후(12:00~18:00),3,10,3,-,2,10,9,4,6,8,1,-,1,6,3,5,3
형법범,기타형법범,허위감정·증거인멸은닉·증인은닉죄,초저녁(18:00~20:00),-,4,-,1,4,2,-,2,3,2,5,-,3,2,1,-,1
형법범,기타형법범,허위감정·증거인멸은닉·증인은닉죄,밤(20:00~24:00),2,3,-,-,1,3,2,3,1,2,2,4,2,3,2,-,-
형법범,기타형법범,무고의 죄,심야(00:00~04:00),31,39,31,30,45,83,73,58,46,44,1720,1783,1817,1572,1697,1937,1881
형법범,기타형법범,무고의 죄,새벽(04:00~07:00),11,10,6,6,7,17,16,11,9,8,15,13,11,10,7,17,10
형법범,기타형법범,무고의 죄,오전(07:00~12:00),168,185,197,219,247,344,328,370,263,214,148,182,202,165,175,208,292
형법범,기타형법범,무고의 죄,오후(12:00~18:00),157,183,150,176,159,211,249,194,199,204,118,148,170,137,136,167,189
형법범,기타형법범,무고의 죄,초저녁(18:00~20:00),44,40,27,27,25,32,62,63,71,34,21,20,27,16,12,22,34
형법범,기타형법범,무고의 죄,밤(20:00~24:00),36,39,24,31,32,62,66,84,63,48,51,48,43,43,48,59,60
형법범,기타형법범,특가법(무고),심야(00:00~04:00),-,-,-,-,1,-,-,-,-,1,1,-,-,1,-,-,-
형법범,기타형법범,특가법(무고),새벽(04:00~07:00),-,-,-,-,-,-,-,-,-,-,-,-,-,-,-,-,-
형법범,기타형법범,특가법(무고),오전(07:00~12:00),-,-,1,-,-,-,-,1,-,4,-,-,-,-,-,-,-
형법범,기타형법범,특가법(무고),오후(12:00~18:00),-,-,-,-,-,-,-,-,-,-,3,-,-,-,-,1,-
형법범,기타형법범,특가법(무고),초저녁(18:00~20:00),1,-,-,-,-,-,-,-,-,1,-,-,-,-,-,-,-
형법범,기타형법범,특가법(무고),밤(20:00~24:00),-,-,-,-,-,1,1,1,-,-,-,1,-,2,-,-,-
형법범,기타형법범,신앙에 관한 죄,심야(00:00~04:00),3,6,5,3,8,7,9,11,9,5,116,149,159,207,145,181,134
형법범,기타형법범,신앙에 관한 죄,새벽(04:00~07:00),2,2,7,2,2,9,6,5,7,6,4,6,3,10,7,5,5
형법범,기타형법범,신앙에 관한 죄,오전(07:00~12:00),24,31,27,26,26,35,23,47,29,38,43,52,55,45,38,33,51
형법범,기타형법범,신앙에 관한 죄,오후(12:00~18:00),23,14,15,15,14,30,21,23,15,23,14,14,21,21,9,15,21
형법범,기타형법범,신앙에 관한 죄,초저녁(18:00~20:00),3,3,2,5,6,8,4,5,5,7,8,5,3,3,4,1,7
형법범,기타형법범,신앙에 관한 죄,밤(20:00~24:00),2,4,4,1,2,4,2,8,7,12,5,5,7,10,4,6,7
형법범,기타형법범,실화 및 업무상실화죄,심야(00:00~04:00),610,659,679,715,670,559,735,788,685,688,395,476,421,337,354,312,364
형법범,기타형법범,실화 및 업무상실화죄,새벽(04:00~07:00),212,203,260,257,192,195,242,281,290,234,178,242,222,175,157,128,162
형법범,기타형법범,실화 및 업무상실화죄,오전(07:00~12:00),587,539,566,574,449,410,632,710,566,495,339,436,383,336,357,355,391
형법범,기타형법범,실화 및 업무상실화죄,오후(12:00~18:00),845,879,823,816,671,634,926,1072,840,679,593,729,673,601,583,636,614
형법범,기타형법범,실화 및 업무상실화죄,초저녁(18:00~20:00),223,219,227,258,181,181,261,275,224,222,142,178,167,169,157,149,197
형법범,기타형법범,실화 및 업무상실화죄,밤(20:00~24:00),334,343,361,400,343,274,394,446,354,349,268,400,333,285,283,293,343
형법범,기타형법범,일수와 수리에 관한 죄,심야(00:00~04:00),-,-,1,-,-,-,-,2,-,-,6,12,8,8,7,2,3
형법범,기타형법범,일수와 수리에 관한 죄,새벽(04:00~07:00),-,-,-,-,1,-,1,-,-,1,-,-,-,1,-,-,1
형법범,기타형법범,일수와 수리에 관한 죄,오전(07:00~12:00),5,4,2,4,4,3,3,8,5,4,3,3,1,5,4,-,4
형법범,기타형법범,일수와 수리에 관한 죄,오후(12:00~18:00),3,2,1,3,1,1,3,2,1,-,3,-,2,-,-,-,1
형법범,기타형법범,일수와 수리에 관한 죄,초저녁(18:00~20:00),-,1,-,-,1,1,-,-,1,-,-,-,-,-,-,1,-
형법범,기타형법범,일수와 수리에 관한 죄,밤(20:00~24:00),-,-,-,-,-,-,-,-,-,-,-,-,1,1,-,-,-
형법범,기타형법범,교통 방해의 죄,심야(00:00~04:00),110,109,94,108,106,100,65,86,54,68,237,267,289,386,465,491,415
형법범,기타형법범,교통 방해의 죄,새벽(04:00~07:00),78,83,96,128,206,102,100,96,84,96,83,66,63,64,66,77,67
형법범,기타형법범,교통 방해의 죄,오전(07:00~12:00),168,162,184,212,227,214,197,215,172,231,164,179,188,182,218,173,212
형법범,기타형법범,교통 방해의 죄,오후(12:00~18:00),190,188,210,230,204,208,218,244,223,239,177,199,166,198,208,206,224
형법범,기타형법범,교통 방해의 죄,초저녁(18:00~20:00),65,62,44,62,103,60,41,62,45,55,50,48,63,44,61,291,56
형법범,기타형법범,교통 방해의 죄,밤(20:00~24:00),111,58,64,74,70,46,62,57,61,48,87,80,79,103,105,120,111
형법범,기타형법범,음용수에 관한 죄,심야(00:00~04:00),1,1,-,-,-,1,2,-,-,2,7,16,17,14,17,15,10
형법범,기타형법범,음용수에 관한 죄,새벽(04:00~07:00),-,-,2,-,-,-,-,-,1,-,1,-,-,-,-,-,-
형법범,기타형법범,음용수에 관한 죄,오전(07:00~12:00),9,8,2,3,2,9,7,4,4,4,2,-,5,4,3,2,4
형법범,기타형법범,음용수에 관한 죄,오후(12:00~18:00),8,7,6,3,4,10,6,5,1,6,5,5,2,7,2,2,4
형법범,기타형법범,음용수에 관한 죄,초저녁(18:00~20:00),2,-,-,1,-,1,1,2,-,3,1,-,-,1,-,1,1
형법범,기타형법범,음용수에 관한 죄,밤(20:00~24:00),-,-,1,-,-,-,1,2,6,7,-,1,-,6,1,-,-
형법범,기타형법범,아편·몰핀에 관한 죄,심야(00:00~04:00),-,-,-,-,-,-,-,-,-,-,-,-,-,-,-,1,-
형법범,기타형법범,아편·몰핀에 관한 죄,새벽(04:00~07:00),-,-,-,-,-,-,-,-,-,-,-,-,-,-,-,-,-
형법범,기타형법범,아편·몰핀에 관한 죄,오전(07:00~12:00),-,-,-,-,-,-,-,-,-,-,-,-,-,-,-,-,-
형법범,기타형법범,아편·몰핀에 관한 죄,오후(12:00~18:00),-,-,-,-,-,-,-,-,-,-,-,-,-,-,-,-,-
형법범,기타형법범,아편·몰핀에 관한 죄,초저녁(18:00~20:00),-,-,-,-,-,-,-,-,-,-,-,-,-,-,-,-,-
형법범,기타형법범,아편·몰핀에 관한 죄,밤(20:00~24:00),-,-,-,-,-,-,-,-,-,-,-,-,-,-,-,-,-
형법범,기타형법범,과실사상의 죄,심야(00:00~04:00),149,168,169,142,152,218,207,174,160,159,885,598,559,720,742,803,1008
형법범,기타형법범,과실사상의 죄,새벽(04:00~07:00),176,143,141,174,145,137,178,155,107,150,131,130,155,115,129,127,147
형법범,기타형법범,과실사상의 죄,오전(07:00~12:00),1048,982,1045,999,867,897,941,974,868,973,913,915,1017,938,953,976,1017
형법범,기타형법범,과실사상의 죄,오후(12:00~18:00),1345,1285,1258,1259,1044,1088,1223,1096,1049,1063,1279,1294,1458,1344,1272,1344,1306
형법범,기타형법범,과실사상의 죄,초저녁(18:00~20:00),236,186,183,179,156,161,210,207,197,167,250,278,296,278,254,289,271
형법범,기타형법범,과실사상의 죄,밤(20:00~24:00),219,226,228,199,182,227,239,244,223,220,336,414,455,417,460,448,432
형법범,기타형법범,낙태의 죄,심야(00:00~04:00),-,-,1,-,1,-,1,-,-,1,18,18,12,8,17,22,35
형법범,기타형법범,낙태의 죄,새벽(04:00~07:00),-,-,-,-,-,2,-,-,-,-,-,-,-,-,-,-,-
형법범,기타형법범,낙태의 죄,오전(07:00~12:00),4,1,4,4,7,10,12,9,8,5,5,1,6,6,6,-,11
형법범,기타형법범,낙태의 죄,오후(12:00~18:00),6,5,6,3,1,5,7,7,7,3,4,5,7,3,6,4,6
형법범,기타형법범,낙태의 죄,초저녁(18:00~20:00),1,-,-,-,-,1,-,1,1,-,2,-,-,-,-,-,-
형법범,기타형법범,낙태의 죄,밤(20:00~24:00),-,1,-,-,1,3,-,4,4,3,1,-,-,-,-,-,-
형법범,기타형법범,유기의 죄,심야(00:00~04:00),7,12,11,17,16,25,18,24,20,22,73,39,35,43,50,45,36
형법범,기타형법범,유기의 죄,새벽(04:00~07:00),3,11,13,8,8,11,20,19,19,13,22,23,11,17,9,8,9
형법범,기타형법범,유기의 죄,오전(07:00~12:00),11,13,19,14,15,25,34,41,26,39,47,24,24,26,23,24,25
형법범,기타형법범,유기의 죄,오후(12:00~18:00),24,25,22,21,25,50,50,50,39,43,48,53,30,36,27,16,22
형법범,기타형법범,유기의 죄,초저녁(18:00~20:00),10,13,8,6,14,12,18,10,10,18,23,22,14,10,9,6,16
형법범,기타형법범,유기의 죄,밤(20:00~24:00),17,13,19,11,11,22,20,35,17,16,29,39,37,26,29,18,21
형법범,기타형법범,명예에 관한 죄,심야(00:00~04:00),73,69,71,65,89,196,181,120,131,144,4554,4909,4998,5309,6842,7901,7005
형법범,기타형법범,명예에 관한 죄,새벽(04:00~07:00),68,53,45,50,39,51,67,63,52,60,60,47,62,141,255,431,432
형법범,기타형법범,명예에 관한 죄,오전(07:00~12:00),620,613,615,661,688,929,1115,1233,1026,984,741,758,849,902,994,1091,1262
형법범,기타형법범,명예에 관한 죄,오후(12:00~18:00),734,648,647,607,613,876,943,943,869,903,873,928,1015,1087,1273,1292,1490
형법범,기타형법범,명예에 관한 죄,초저녁(18:00~20:00),277,234,198,186,163,238,312,328,317,298,256,275,332,305,397,460,518
형법범,기타형법범,명예에 관한 죄,밤(20:00~24:00),217,186,169,166,172,262,293,307,262,258,434,442,448,677,1073,1531,1448
형법범,기타형법범,신용·업무와 경매에 관한 죄,심야(00:00~04:00),56,63,42,49,93,196,192,206,262,328,2922,3173,3843,4856,5676,6116,5051
형법범,기타형법범,신용·업무와 경매에 관한 죄,새벽(04:00~07:00),51,62,55,72,80,97,127,120,196,162,177,249,321,556,662,852,653
형법범,기타형법범,신용·업무와 경매에 관한 죄,오전(07:00~12:00),504,498,513,612,732,785,918,1090,874,982,1013,1208,1422,1804,1847,2014,1851
형법범,기타형법범,신용·업무와 경매에 관한 죄,오후(12:00~18:00),411,387,398,453,495,658,705,796,743,802,986,1222,1522,1876,2248,2464,2160
형법범,기타형법범,신용·업무와 경매에 관한 죄,초저녁(18:00~20:00),78,81,67,65,91,139,212,217,255,290,329,365,538,759,933,1050,909
형법범,기타형법범,신용·업무와 경매에 관한 죄,밤(20:00~24:00),61,68,63,75,93,172,222,302,368,416,840,1051,1544,2423,2935,3628,2840
형법범,기타형법범,비밀침해죄,심야(00:00~04:00),-,-,-,-,-,-,1,-,-,-,15,17,23,19,22,29,26
형법범,기타형법범,비밀침해죄,새벽(04:00~07:00),-,-,-,-,-,-,-,-,-,-,-,-,-,-,-,-,-
형법범,기타형법범,비밀침해죄,오전(07:00~12:00),-,1,3,2,3,1,1,-,1,1,3,1,4,3,5,4,3
형법범,기타형법범,비밀침해죄,오후(12:00~18:00),1,-,-,1,1,3,3,1,4,-,1,3,4,1,3,3,6
형법범,기타형법범,비밀침해죄,초저녁(18:00~20:00),-,-,1,-,-,1,-,-,-,-,-,-,-,-,1,-,2
형법범,기타형법범,비밀침해죄,밤(20:00~24:00),-,-,-,-,-,-,-,1,-,-,1,-,1,-,1,2,-
형법범,기타형법범,주거침입의 죄,심야(00:00~04:00),91,92,82,66,131,103,106,70,82,114,604,563,1267,1544,1855,1827,1941
형법범,기타형법범,주거침입의 죄,새벽(04:00~07:00),49,41,63,67,71,110,96,135,92,107,85,81,338,421,515,482,443
형법범,기타형법범,주거침입의 죄,오전(07:00~12:00),214,208,290,258,368,464,468,474,440,516,458,543,673,775,861,903,795
형법범,기타형법범,주거침입의 죄,오후(12:00~18:00),298,262,291,339,419,505,538,522,474,577,538,715,861,856,977,1083,974
형법범,기타형법범,주거침입의 죄,초저녁(18:00~20:00),37,19,36,33,46,49,58,52,52,91,94,95,219,315,357,342,322
형법범,기타형법범,주거침입의 죄,밤(20:00~24:00),57,30,50,72,56,75,78,66,66,109,87,106,640,911,1037,1146,1040
형법범,기타형법범,권리행사를 방해하는 죄,심야(00:00~04:00),34,46,44,47,100,142,87,59,182,150,2337,2467,2843,2649,2463,2820,2420
형법범,기타형법범,권리행사를 방해하는 죄,새벽(04:00~07:00),13,18,6,13,8,15,14,12,49,38,12,16,22,11,18,21,11
형법범,기타형법범,권리행사를 방해하는 죄,오전(07:00~12:00),240,306,328,433,681,705,600,578,504,459,251,243,312,308,256,320,340
형법범,기타형법범,권리행사를 방해하는 죄,오후(12:00~18:00),238,254,271,332,483,451,326,314,451,443,209,270,309,228,211,225,214
형법범,기타형법범,권리행사를 방해하는 죄,초저녁(18:00~20:00),39,52,39,32,51,53,66,79,220,145,33,27,33,28,54,40,54
형법범,기타형법범,권리행사를 방해하는 죄,밤(20:00~24:00),30,23,27,53,28,77,78,70,290,193,70,61,57,65,53,69,51
형법범,기타형법범,인질강요,심야(00:00~04:00),-,-,-,1,-,-,-,-,-,-,2,-,1,-,2,-,-
형법범,기타형법범,인질강요,새벽(04:00~07:00),-,-,-,-,-,-,-,-,-,-,-,-,-,-,-,-,-
형법범,기타형법범,인질강요,오전(07:00~12:00),-,-,-,-,-,-,-,-,-,-,-,-,-,-,-,-,-
형법범,기타형법범,인질강요,오후(12:00~18:00),-,-,-,-,-,-,-,-,2,-,1,-,-,-,1,-,-
형법범,기타형법범,인질강요,초저녁(18:00~20:00),-,-,-,-,-,-,-,1,-,-,-,-,-,-,-,-,-
형법범,기타형법범,인질강요,밤(20:00~24:00),-,-,-,-,-,-,-,-,-,-,-,-,-,-,-,-,-
형법범,기타형법범,인질상해(치상),심야(00:00~04:00),-,-,-,-,-,-,-,-,-,-,-,-,-,-,-,-,-
형법범,기타형법범,인질상해(치상),새벽(04:00~07:00),-,-,-,-,-,-,-,-,-,-,-,-,-,-,-,-,-
형법범,기타형법범,인질상해(치상),오전(07:00~12:00),-,-,-,-,-,-,-,-,-,-,-,1,-,-,-,-,1
형법범,기타형법범,인질상해(치상),오후(12:00~18:00),-,-,-,-,-,-,-,-,-,-,-,2,-,-,-,-,-
형법범,기타형법범,인질상해(치상),초저녁(18:00~20:00),-,-,-,-,-,1,-,-,-,-,-,-,-,1,-,-,-
형법범,기타형법범,인질상해(치상),밤(20:00~24:00),-,-,-,-,-,-,-,-,-,-,-,1,1,-,-,-,-
형법범,기타형법범,인질살해(치사),심야(00:00~04:00),-,-,-,-,-,-,-,-,-,-,-,-,-,-,-,-,-
형법범,기타형법범,인질살해(치사),새벽(04:00~07:00),-,-,-,-,-,-,-,-,-,-,-,-,-,-,-,-,-
형법범,기타형법범,인질살해(치사),오전(07:00~12:00),-,-,-,-,-,-,-,-,-,-,-,-,-,-,-,-,-
형법범,기타형법범,인질살해(치사),오후(12:00~18:00),-,-,-,-,-,-,-,-,-,-,-,-,-,-,-,-,1
형법범,기타형법범,인질살해(치사),초저녁(18:00~20:00),-,-,-,-,-,-,-,-,-,-,-,-,-,-,-,-,-
형법범,기타형법범,인질살해(치사),밤(20:00~24:00),-,-,-,-,-,-,-,-,-,-,-,-,-,-,-,-,-
형법범,기타형법범,기타,심야(00:00~04:00),-,-,-,-,-,-,-,-,-,-,28,21,21,140,230,3,4
형법범,기타형법범,기타,새벽(04:00~07:00),-,-,-,-,-,-,-,-,-,-,-,6,-,4,-,1,1
형법범,기타형법범,기타,오전(07:00~12:00),-,-,-,-,-,-,-,-,-,-,7,9,18,68,55,3,2
형법범,기타형법범,기타,오후(12:00~18:00),-,-,-,-,-,-,-,-,-,-,8,12,17,61,46,2,5
형법범,기타형법범,기타,초저녁(18:00~20:00),-,-,-,-,-,-,-,-,-,-,6,4,4,6,7,-,-
형법범,기타형법범,기타,밤(20:00~24:00),-,-,-,-,-,-,-,-,-,-,14,16,1,20,7,1,-
