죄종별(1),죄종별(2),죄종별(3),범죄발생장소별(1),2011,2012,2013,2014,2015,2016,2017,2018,2019,2020,2021,2022
총범죄,소계,소계,아파트 연립다세대,59344,52509,77667,60265,62187,63578,58288,82841,96879,100386,106001,108301
총범죄,소계,소계,단독주택,85371,77671,106024,79371,82428,74128,64757,81199,84895,79936,71347,69742
총범죄,소계,소계,고속도로,4942,4254,3659,4305,4481,5111,6992,6714,7762,7358,8152,10233
총범죄,소계,소계,노상,709011,689785,827395,786803,814101,840857,726140,644537,625533,603582,551630,501535
총범죄,소계,소계,백화점,2055,1987,3146,2480,2534,2614,2466,3546,4155,3471,2808,3047
총범죄,소계,소계,슈퍼마켓,6626,5926,10951,7458,7871,7448,6977,9782,11221,12751,12965,14738
총범죄,소계,소계,편의점,6941,6995,12259,10863,11047,10780,10780,13548,14355,14697,15489,16435
총범죄,소계,소계,대형할인매장,3448,3335,3551,2648,2570,2464,2109,3001,3341,3691,3912,4138
총범죄,소계,소계,상점,34555,28977,42924,28373,27573,26906,22449,33272,33591,31629,30962,35593
총범죄,소계,소계,시장노점,12632,10504,16447,10657,9897,9061,8131,13825,14809,12757,11232,11355
총범죄,소계,소계,숙박업소 목욕탕,22667,22209,31710,18240,16451,17939,15958,21980,21813,18739,17344,17055
총범죄,소계,소계,유흥접객업소,100724,84848,123372,88059,80005,78537,74799,112928,114046,99040,60838,79990
총범죄,소계,소계,사무실,136437,128343,142511,126828,121264,113617,104893,109388,108077,99958,77461,74327
총범죄,소계,소계,공장,13051,12948,13991,10648,10240,8650,8627,8843,8295,7895,7105,6305
총범죄,소계,소계,공사장광산,8504,8036,10967,7551,7221,7539,8028,8700,7870,6804,5598,5813
총범죄,소계,소계,창고,3363,2794,4258,2514,3112,2535,1911,2221,2446,2135,2041,3614
총범죄,소계,소계,역대합실,5867,4075,11361,6619,7525,5180,6066,8527,9735,8156,8538,10367
총범죄,소계,소계,지하철,2329,1783,2723,2477,3032,2839,3123,3903,3957,3088,2946,3589
총범죄,소계,소계,기타교통수단내,16866,16404,26222,9998,12143,10199,10644,17454,19256,15955,14245,15778
총범죄,소계,소계,흥행장,2136,2002,2483,1509,1432,1260,1327,1893,2200,1534,1261,1657
총범죄,소계,소계,유원지,4376,4717,7097,5618,5989,5677,5203,6770,7288,6071,5824,6521
총범죄,소계,소계,학교,5801,7801,8798,5895,5591,5084,5155,6606,7179,4375,4983,6306
총범죄,소계,소계,금융기관,30858,28095,30709,26212,22402,17904,18682,21032,19867,12128,6734,5977
총범죄,소계,소계,의료기관,10793,9856,11552,10232,9587,9579,9443,11749,11979,10612,9144,8782
총범죄,소계,소계,종교기관,3197,2895,3789,3185,2919,2691,2753,3561,3263,2259,1818,1828
총범죄,소계,소계,산야,8665,7804,9701,8475,8642,8429,8680,9003,9878,9871,9579,9127
총범죄,소계,소계,해상,14124,12280,14870,5377,15779,16266,15460,17106,20287,25483,16450,21215
총범죄,소계,소계,부대,4499,4624,5862,4474,3600,3131,2720,2642,2266,733,349,1026
총범죄,소계,소계,구금장소,27,34,50,70,101,107,113,128,111,119,128,129
총범죄,소계,소계,공지,896,576,744,381,287,237,239,331,339,253,210,218
총범죄,소계,소계,주차장,26021,20637,32775,24999,24331,23259,20936,24795,26356,27839,26553,27321
총범죄,소계,소계,공중화장실,1526,1662,3271,1795,1981,2050,2081,4224,4529,3852,3154,3528
총범죄,소계,소계,PC방,13233,11153,13387,7543,7790,7177,5339,7485,6917,5310,3652,3585
총범죄,소계,소계,기타,391713,515881,241050,407044,465544,456617,421072,277217,297411,345399,329373,393258
총범죄,강력범죄,소계,아파트 연립다세대,2762,2408,3363,2670,2504,2545,2759,3570,3892,3892,4212,4176
총범죄,강력범죄,소계,단독주택,3238,2642,3429,2787,2703,2545,2391,3017,2725,2710,2707,2529
총범죄,강력범죄,소계,고속도로,19,12,13,17,23,18,19,21,18,11,21,14
총범죄,강력범죄,소계,노상,4181,3686,5575,4469,4232,4183,4199,3895,3932,3470,3170,3810
총범죄,강력범죄,소계,백화점,16,9,15,11,16,12,20,35,28,28,23,35
총범죄,강력범죄,소계,슈퍼마켓,101,64,142,99,76,81,75,133,105,122,132,106
총범죄,강력범죄,소계,편의점,382,343,448,322,323,266,306,381,360,364,273,319
총범죄,강력범죄,소계,대형할인매장,24,18,19,16,10,10,14,25,24,16,17,14
총범죄,강력범죄,소계,상점,353,251,434,277,251,271,291,421,494,493,477,480
총범죄,강력범죄,소계,시장노점,175,119,228,145,136,159,122,268,273,276,197,210
총범죄,강력범죄,소계,숙박업소 목욕탕,2801,2409,3580,2454,2336,2187,2338,2927,3082,2861,2810,2801
총범죄,강력범죄,소계,유흥접객업소,1704,1471,2452,2187,2119,2400,2585,4003,4233,3858,2157,3176
총범죄,강력범죄,소계,사무실,484,436,601,586,580,586,529,647,590,666,721,684
총범죄,강력범죄,소계,공장,73,54,98,69,62,71,72,76,83,62,91,67
총범죄,강력범죄,소계,공사장광산,29,32,26,16,16,28,27,34,26,30,23,23
총범죄,강력범죄,소계,창고,50,33,43,33,33,26,33,32,25,27,29,24
총범죄,강력범죄,소계,역대합실,161,183,334,243,284,299,367,444,432,303,328,329
총범죄,강력범죄,소계,지하철,929,474,614,618,790,787,1047,842,879,507,605,722
총범죄,강력범죄,소계,기타교통수단내,838,757,1418,1043,976,1157,1143,1490,1470,1344,1093,1226
총범죄,강력범죄,소계,흥행장,37,37,67,57,53,57,75,107,115,97,95,101
총범죄,강력범죄,소계,유원지,228,216,325,271,297,286,287,296,301,240,244,305
총범죄,강력범죄,소계,학교,159,183,261,273,310,327,375,388,384,224,286,373
총범죄,강력범죄,소계,금융기관,41,19,32,20,31,19,27,31,18,27,13,26
총범죄,강력범죄,소계,의료기관,177,154,266,242,266,272,277,310,397,396,438,353
총범죄,강력범죄,소계,종교기관,83,66,91,88,93,73,81,92,87,73,52,58
총범죄,강력범죄,소계,산야,118,95,126,94,97,93,64,78,93,59,64,70
총범죄,강력범죄,소계,해상,8,7,10,4,9,9,11,217,7,12,8,9
총범죄,강력범죄,소계,부대,4,5,4,7,7,11,15,17,14,18,13,21
총범죄,강력범죄,소계,구금장소,2,-,6,3,7,7,7,12,12,13,8,11
총범죄,강력범죄,소계,공지,10,9,11,5,5,7,3,5,7,2,3,3
총범죄,강력범죄,소계,주차장,394,280,350,285,255,244,224,260,225,233,188,230
총범죄,강력범죄,소계,공중화장실,229,207,290,161,158,169,138,190,168,143,134,142
총범죄,강력범죄,소계,PC방,65,60,74,59,52,63,51,69,73,61,38,49
총범죄,강력범죄,소계,기타,6824,8413,2217,5646,6224,6497,7302,2454,1904,1694,1806,2458
총범죄,강력범죄,살인기수,아파트 연립다세대,123,103,97,95,84,83,95,96,111,111,92,114
총범죄,강력범죄,살인기수,단독주택,103,89,101,95,101,101,71,85,64,80,57,60
총범죄,강력범죄,살인기수,고속도로,1,1,-,-,-,-,1,-,-,-,1,-
총범죄,강력범죄,살인기수,노상,46,52,36,59,43,28,24,27,30,42,43,28
총범죄,강력범죄,살인기수,백화점,-,-,-,-,-,-,1,-,-,-,-,-
총범죄,강력범죄,살인기수,슈퍼마켓,-,-,-,1,1,1,-,-,-,-,-,-
총범죄,강력범죄,살인기수,편의점,1,-,1,1,1,-,-,1,-,-,-,1
총범죄,강력범죄,살인기수,대형할인매장,-,-,-,-,-,-,-,-,-,-,-,-
총범죄,강력범죄,살인기수,상점,3,3,1,2,1,2,-,2,5,2,-,1
총범죄,강력범죄,살인기수,시장노점,3,-,1,-,-,-,1,-,-,2,-,1
총범죄,강력범죄,살인기수,숙박업소 목욕탕,25,19,15,21,16,22,14,12,17,7,19,9
총범죄,강력범죄,살인기수,유흥접객업소,15,20,9,12,11,15,13,16,11,6,5,8
총범죄,강력범죄,살인기수,사무실,12,4,11,8,5,2,6,5,4,7,5,8
총범죄,강력범죄,살인기수,공장,3,1,4,4,1,2,1,3,1,2,3,1
총범죄,강력범죄,살인기수,공사장광산,1,1,-,1,-,-,-,1,-,1,2,-
총범죄,강력범죄,살인기수,창고,2,1,-,1,-,-,1,1,-,1,-,-
총범죄,강력범죄,살인기수,역대합실,-,1,2,1,-,-,-,-,1,-,-,1
총범죄,강력범죄,살인기수,지하철,-,-,-,-,-,-,-,-,-,-,-,-
총범죄,강력범죄,살인기수,기타교통수단내,2,8,5,3,6,8,3,8,3,5,7,3
총범죄,강력범죄,살인기수,흥행장,-,-,-,-,-,-,-,-,-,-,-,-
총범죄,강력범죄,살인기수,유원지,2,3,5,-,2,4,3,2,-,1,1,3
총범죄,강력범죄,살인기수,학교,-,1,-,-,1,-,1,-,-,-,-,1
총범죄,강력범죄,살인기수,금융기관,-,-,-,-,-,-,-,-,-,1,-,-
총범죄,강력범죄,살인기수,의료기관,16,7,6,6,9,6,3,5,18,8,10,7
총범죄,강력범죄,살인기수,종교기관,2,3,2,1,1,2,2,1,-,3,-,1
총범죄,강력범죄,살인기수,산야,4,10,11,8,1,10,6,7,11,5,2,3
총범죄,강력범죄,살인기수,해상,1,1,2,1,3,5,3,1,2,-,1,3
총범죄,강력범죄,살인기수,부대,-,-,-,-,-,-,-,-,-,-,-,-
총범죄,강력범죄,살인기수,구금장소,-,-,-,-,-,-,-,-,-,-,-,-
총범죄,강력범죄,살인기수,공지,-,-,-,-,-,-,-,-,1,1,-,-
총범죄,강력범죄,살인기수,주차장,8,5,4,7,6,10,2,5,4,2,2,5
총범죄,강력범죄,살인기수,공중화장실,1,1,2,-,-,1,-,1,-,1,-,-
총범죄,강력범죄,살인기수,PC방,-,1,-,1,-,-,-,1,1,-,1,-
총범죄,강력범죄,살인기수,기타,53,76,27,44,72,54,50,29,13,20,19,17
총범죄,강력범죄,살인미수등,아파트 연립다세대,97,88,104,90,92,79,85,117,116,99,116,123
총범죄,강력범죄,살인미수등,단독주택,163,74,130,102,88,88,90,107,110,92,67,85
총범죄,강력범죄,살인미수등,고속도로,-,2,2,3,-,1,1,1,-,-,1,-
총범죄,강력범죄,살인미수등,노상,171,112,143,126,134,128,112,101,114,96,87,105
총범죄,강력범죄,살인미수등,백화점,-,-,-,-,-,-,-,-,-,-,-,-
총범죄,강력범죄,살인미수등,슈퍼마켓,-,3,3,-,2,1,1,3,-,1,3,1
총범죄,강력범죄,살인미수등,편의점,2,3,1,1,-,-,-,3,3,1,3,-
총범죄,강력범죄,살인미수등,대형할인매장,1,-,-,-,-,-,-,1,-,1,-,1
총범죄,강력범죄,살인미수등,상점,12,3,11,3,7,3,2,5,1,6,3,4
총범죄,강력범죄,살인미수등,시장노점,7,3,1,4,4,3,-,2,1,3,1,-
총범죄,강력범죄,살인미수등,숙박업소 목욕탕,16,10,18,16,8,7,20,16,10,10,11,5
총범죄,강력범죄,살인미수등,유흥접객업소,65,36,64,25,31,34,27,42,38,30,28,24
총범죄,강력범죄,살인미수등,사무실,20,30,22,14,16,17,15,21,9,16,11,13
총범죄,강력범죄,살인미수등,공장,5,3,3,4,1,3,2,2,4,1,2,2
총범죄,강력범죄,살인미수등,공사장광산,1,-,2,-,-,1,-,3,1,-,3,-
총범죄,강력범죄,살인미수등,창고,2,-,-,1,1,2,1,2,-,-,-,1
총범죄,강력범죄,살인미수등,역대합실,-,2,2,4,1,2,1,2,2,1,1,1
총범죄,강력범죄,살인미수등,지하철,-,-,-,-,-,-,-,-,-,-,-,-
총범죄,강력범죄,살인미수등,기타교통수단내,19,12,16,9,9,5,4,9,8,2,1,8
총범죄,강력범죄,살인미수등,흥행장,2,-,1,-,-,-,-,2,-,-,-,-
총범죄,강력범죄,살인미수등,유원지,7,4,4,2,7,5,2,2,9,3,1,2
총범죄,강력범죄,살인미수등,학교,1,2,2,2,2,1,-,1,1,-,1,-
총범죄,강력범죄,살인미수등,금융기관,-,1,-,-,-,1,1,1,-,-,-,1
총범죄,강력범죄,살인미수등,의료기관,10,4,6,6,5,8,6,12,7,8,9,6
총범죄,강력범죄,살인미수등,종교기관,5,1,1,2,3,2,1,2,1,1,1,1
총범죄,강력범죄,살인미수등,산야,2,5,3,6,4,5,1,2,6,2,2,3
총범죄,강력범죄,살인미수등,해상,3,-,1,1,2,1,2,-,1,3,-,-
총범죄,강력범죄,살인미수등,부대,-,-,-,-,-,-,-,1,-,-,-,-
총범죄,강력범죄,살인미수등,구금장소,-,-,-,-,-,-,-,-,-,-,-,-
총범죄,강력범죄,살인미수등,공지,-,1,2,-,-,-,-,1,-,-,-,-
총범죄,강력범죄,살인미수등,주차장,11,10,8,5,11,15,7,4,13,11,7,5
총범죄,강력범죄,살인미수등,공중화장실,2,-,-,-,2,1,1,1,-,1,1,2
총범죄,강력범죄,살인미수등,PC방,1,-,-,2,-,-,-,-,2,-,-,1
총범죄,강력범죄,살인미수등,기타,152,175,37,113,134,145,142,22,25,28,28,33
총범죄,강력범죄,강도,아파트 연립다세대,323,141,169,138,97,74,82,78,106,77,78,62
총범죄,강력범죄,강도,단독주택,413,238,222,182,143,114,86,83,89,54,47,46
총범죄,강력범죄,강도,고속도로,4,1,1,2,3,2,1,-,1,1,1,-
총범죄,강력범죄,강도,노상,1078,628,630,423,408,339,261,252,221,164,114,141
총범죄,강력범죄,강도,백화점,5,1,1,-,1,1,-,1,-,1,2,-
총범죄,강력범죄,강도,슈퍼마켓,57,30,41,26,11,23,14,16,10,17,10,12
총범죄,강력범죄,강도,편의점,291,257,246,154,157,85,83,82,73,68,39,32
총범죄,강력범죄,강도,대형할인매장,10,6,4,1,3,1,1,3,3,1,3,1
총범죄,강력범죄,강도,상점,125,73,69,36,31,34,21,35,29,28,32,27
총범죄,강력범죄,강도,시장노점,24,10,19,10,7,6,5,1,8,15,3,4
총범죄,강력범죄,강도,숙박업소 목욕탕,195,85,101,89,109,68,71,80,79,63,47,48
총범죄,강력범죄,강도,유흥접객업소,257,132,142,101,85,75,62,56,53,61,27,42
총범죄,강력범죄,강도,사무실,111,32,50,33,32,30,24,23,21,19,15,13
총범죄,강력범죄,강도,공장,12,5,1,3,5,3,2,3,1,-,2,3
총범죄,강력범죄,강도,공사장광산,3,2,2,3,2,2,1,2,-,2,-,2
총범죄,강력범죄,강도,창고,6,2,3,-,1,1,1,1,3,1,1,-
총범죄,강력범죄,강도,역대합실,15,9,3,3,2,1,2,3,4,1,2,5
총범죄,강력범죄,강도,지하철,3,2,-,1,1,-,-,-,1,-,-,1
총범죄,강력범죄,강도,기타교통수단내,62,47,44,13,23,22,15,11,13,19,8,15
총범죄,강력범죄,강도,흥행장,4,2,3,-,-,-,1,1,-,-,-,-
총범죄,강력범죄,강도,유원지,29,18,12,21,7,7,6,5,7,6,3,-
총범죄,강력범죄,강도,학교,14,7,6,2,2,3,5,1,-,1,1,-
총범죄,강력범죄,강도,금융기관,21,9,13,12,16,3,10,15,4,2,2,2
총범죄,강력범죄,강도,의료기관,4,9,13,8,2,5,1,2,6,1,3,-
총범죄,강력범죄,강도,종교기관,11,1,11,6,4,1,5,3,1,1,1,-
총범죄,강력범죄,강도,산야,16,6,8,4,12,6,7,4,7,4,4,3
총범죄,강력범죄,강도,해상,-,-,-,-,-,-,1,2,-,-,-,-
총범죄,강력범죄,강도,부대,-,-,-,-,-,-,-,-,-,-,-,-
총범죄,강력범죄,강도,구금장소,1,-,3,-,-,-,-,-,-,-,-,1
총범죄,강력범죄,강도,공지,1,-,1,-,-,-,-,-,-,-,-,-
총범죄,강력범죄,강도,주차장,102,48,45,44,32,28,18,9,9,19,10,21
총범죄,강력범죄,강도,공중화장실,16,5,10,2,4,3,4,3,1,-,3,1
총범죄,강력범죄,강도,PC방,20,17,11,6,5,10,5,6,5,3,1,4
총범죄,강력범죄,강도,기타,761,764,96,263,241,202,172,40,43,34,36,30
총범죄,강력범죄,강간·강제추행,아파트 연립다세대,1882,1866,-,-,-,-,-,-,-,-,-,-
총범죄,강력범죄,강간·강제추행,단독주택,2221,1963,-,-,-,-,-,-,-,-,-,-
총범죄,강력범죄,강간·강제추행,고속도로,13,8,-,-,-,-,-,-,-,-,-,-
총범죄,강력범죄,강간·강제추행,노상,2658,2699,-,-,-,-,-,-,-,-,-,-
총범죄,강력범죄,강간·강제추행,백화점,11,6,-,-,-,-,-,-,-,-,-,-
총범죄,강력범죄,강간·강제추행,슈퍼마켓,38,28,-,-,-,-,-,-,-,-,-,-
총범죄,강력범죄,강간·강제추행,편의점,87,82,-,-,-,-,-,-,-,-,-,-
총범죄,강력범죄,강간·강제추행,대형할인매장,13,12,-,-,-,-,-,-,-,-,-,-
총범죄,강력범죄,강간·강제추행,상점,154,145,-,-,-,-,-,-,-,-,-,-
총범죄,강력범죄,강간·강제추행,시장노점,110,77,-,-,-,-,-,-,-,-,-,-
총범죄,강력범죄,강간·강제추행,숙박업소 목욕탕,2520,2271,-,-,-,-,-,-,-,-,-,-
총범죄,강력범죄,강간·강제추행,유흥접객업소,1283,1239,-,-,-,-,-,-,-,-,-,-
총범죄,강력범죄,강간·강제추행,사무실,276,307,-,-,-,-,-,-,-,-,-,-
총범죄,강력범죄,강간·강제추행,공장,29,29,-,-,-,-,-,-,-,-,-,-
총범죄,강력범죄,강간·강제추행,공사장광산,15,14,-,-,-,-,-,-,-,-,-,-
총범죄,강력범죄,강간·강제추행,창고,23,18,-,-,-,-,-,-,-,-,-,-
총범죄,강력범죄,강간·강제추행,역대합실,144,167,-,-,-,-,-,-,-,-,-,-
총범죄,강력범죄,강간·강제추행,지하철,923,471,-,-,-,-,-,-,-,-,-,-
총범죄,강력범죄,강간·강제추행,기타교통수단내,736,680,-,-,-,-,-,-,-,-,-,-
총범죄,강력범죄,강간·강제추행,흥행장,31,32,-,-,-,-,-,-,-,-,-,-
총범죄,강력범죄,강간·강제추행,유원지,165,183,-,-,-,-,-,-,-,-,-,-
총범죄,강력범죄,강간·강제추행,학교,124,163,-,-,-,-,-,-,-,-,-,-
총범죄,강력범죄,강간·강제추행,금융기관,12,5,-,-,-,-,-,-,-,-,-,-
총범죄,강력범죄,강간·강제추행,의료기관,130,122,-,-,-,-,-,-,-,-,-,-
총범죄,강력범죄,강간·강제추행,종교기관,52,45,-,-,-,-,-,-,-,-,-,-
총범죄,강력범죄,강간·강제추행,산야,73,65,-,-,-,-,-,-,-,-,-,-
총범죄,강력범죄,강간·강제추행,해상,2,5,-,-,-,-,-,-,-,-,-,-
총범죄,강력범죄,강간·강제추행,부대,4,5,-,-,-,-,-,-,-,-,-,-
총범죄,강력범죄,강간·강제추행,구금장소,1,-,-,-,-,-,-,-,-,-,-,-
총범죄,강력범죄,강간·강제추행,공지,7,8,-,-,-,-,-,-,-,-,-,-
총범죄,강력범죄,강간·강제추행,주차장,204,162,-,-,-,-,-,-,-,-,-,-
총범죄,강력범죄,강간·강제추행,공중화장실,203,195,-,-,-,-,-,-,-,-,-,-
총범죄,강력범죄,강간·강제추행,PC방,41,40,-,-,-,-,-,-,-,-,-,-
총범죄,강력범죄,강간·강제추행,기타,5313,6558,-,-,-,-,-,-,-,-,-,-
총범죄,강력범죄,강간,아파트 연립다세대,-,-,1070,882,908,1027,1030,1308,1432,1516,1561,1616
총범죄,강력범죄,강간,단독주택,-,-,1179,954,994,938,896,1074,999,958,976,880
총범죄,강력범죄,강간,고속도로,-,-,3,-,1,3,1,-,-,3,2,-
총범죄,강력범죄,강간,노상,-,-,340,249,243,199,184,160,158,157,127,158
총범죄,강력범죄,강간,백화점,-,-,-,-,-,1,-,2,1,-,-,-
총범죄,강력범죄,강간,슈퍼마켓,-,-,1,-,1,1,3,2,1,-,-,2
총범죄,강력범죄,강간,편의점,-,-,8,4,5,3,4,3,7,5,1,3
총범죄,강력범죄,강간,대형할인매장,-,-,-,-,-,-,-,1,-,-,-,-
총범죄,강력범죄,강간,상점,-,-,39,32,35,27,16,39,27,42,33,33
총범죄,강력범죄,강간,시장노점,-,-,16,19,19,13,10,17,21,15,15,19
총범죄,강력범죄,강간,숙박업소 목욕탕,-,-,1869,1447,1364,1319,1411,1582,1687,1690,1692,1644
총범죄,강력범죄,강간,유흥접객업소,-,-,314,281,255,269,224,282,297,256,158,196
총범죄,강력범죄,강간,사무실,-,-,79,58,62,66,38,49,42,58,41,55
총범죄,강력범죄,강간,공장,-,-,5,4,3,7,2,5,5,2,2,2
총범죄,강력범죄,강간,공사장광산,-,-,4,2,-,3,4,2,2,-,1,2
총범죄,강력범죄,강간,창고,-,-,5,12,5,6,2,3,4,4,5,3
총범죄,강력범죄,강간,역대합실,-,-,2,3,2,1,3,2,-,2,1,2
총범죄,강력범죄,강간,지하철,-,-,-,-,-,1,-,-,-,1,-,-
총범죄,강력범죄,강간,기타교통수단내,-,-,140,122,124,135,115,130,135,146,136,131
총범죄,강력범죄,강간,흥행장,-,-,4,6,1,4,-,6,4,7,2,1
총범죄,강력범죄,강간,유원지,-,-,41,37,30,24,24,22,25,15,17,20
총범죄,강력범죄,강간,학교,-,-,28,21,28,25,26,25,16,12,16,15
총범죄,강력범죄,강간,금융기관,-,-,1,1,1,-,1,-,-,-,-,-
총범죄,강력범죄,강간,의료기관,-,-,24,24,18,11,13,16,15,18,15,11
총범죄,강력범죄,강간,종교기관,-,-,13,21,22,12,14,8,14,10,8,7
총범죄,강력범죄,강간,산야,-,-,40,34,26,24,9,17,8,12,8,9
총범죄,강력범죄,강간,해상,-,-,1,-,-,-,-,1,-,1,-,-
총범죄,강력범죄,강간,부대,-,-,-,2,-,-,-,-,1,-,1,1
총범죄,강력범죄,강간,구금장소,-,-,1,-,-,-,-,-,-,-,-,-
총범죄,강력범죄,강간,공지,-,-,3,3,2,2,3,2,1,-,1,1
총범죄,강력범죄,강간,주차장,-,-,70,52,57,47,48,54,37,37,20,45
총범죄,강력범죄,강간,공중화장실,-,-,72,42,46,56,47,62,59,44,43,48
총범죄,강력범죄,강간,PC방,-,-,6,3,6,5,2,1,2,3,4,3
총범죄,강력범죄,강간,기타,-,-,375,763,893,926,1093,418,310,299,377,560
총범죄,강력범죄,유사강간,아파트 연립다세대,-,-,21,68,73,101,138,176,209,229,247,240
총범죄,강력범죄,유사강간,단독주택,-,-,24,63,80,88,99,173,134,131,147,147
총범죄,강력범죄,유사강간,고속도로,-,-,-,-,1,-,-,-,-,-,-,2
총범죄,강력범죄,유사강간,노상,-,-,10,30,42,36,36,33,45,43,36,57
총범죄,강력범죄,유사강간,백화점,-,-,-,-,-,-,-,-,1,-,-,1
총범죄,강력범죄,유사강간,슈퍼마켓,-,-,1,-,2,-,-,1,1,-,-,-
총범죄,강력범죄,유사강간,편의점,-,-,-,-,-,-,1,1,-,3,2,-
총범죄,강력범죄,유사강간,대형할인매장,-,-,-,-,-,1,-,-,-,-,-,-
총범죄,강력범죄,유사강간,상점,-,-,1,2,3,3,2,2,7,11,10,9
총범죄,강력범죄,유사강간,시장노점,-,-,-,2,4,2,2,6,5,4,6,8
총범죄,강력범죄,유사강간,숙박업소 목욕탕,-,-,20,47,71,81,107,117,153,179,170,184
총범죄,강력범죄,유사강간,유흥접객업소,-,-,9,36,42,42,44,69,81,55,38,55
총범죄,강력범죄,유사강간,사무실,-,-,4,9,13,9,10,6,11,12,9,26
총범죄,강력범죄,유사강간,공장,-,-,-,-,-,-,-,-,1,1,1,1
총범죄,강력범죄,유사강간,공사장광산,-,-,-,-,1,1,1,2,-,-,-,1
총범죄,강력범죄,유사강간,창고,-,-,2,-,-,-,-,-,-,2,1,-
총범죄,강력범죄,유사강간,역대합실,-,-,-,-,1,-,1,-,1,-,-,-
총범죄,강력범죄,유사강간,지하철,-,-,-,-,-,-,-,-,-,-,-,-
총범죄,강력범죄,유사강간,기타교통수단내,-,-,6,16,12,16,22,51,20,43,32,47
총범죄,강력범죄,유사강간,흥행장,-,-,1,-,-,-,-,-,1,-,-,2
총범죄,강력범죄,유사강간,유원지,-,-,3,5,6,3,7,7,6,9,10,8
총범죄,강력범죄,유사강간,학교,-,-,2,3,19,12,10,7,14,6,8,8
총범죄,강력범죄,유사강간,금융기관,-,-,-,-,-,-,-,-,-,-,-,-
총범죄,강력범죄,유사강간,의료기관,-,-,2,2,5,12,5,8,10,10,12,11
총범죄,강력범죄,유사강간,종교기관,-,-,2,1,1,2,-,4,-,2,2,2
총범죄,강력범죄,유사강간,산야,-,-,1,1,6,1,1,1,1,1,1,5
총범죄,강력범죄,유사강간,해상,-,-,-,-,-,-,-,-,-,-,-,-
총범죄,강력범죄,유사강간,부대,-,-,-,-,-,-,-,-,1,1,-,-
총범죄,강력범죄,유사강간,구금장소,-,-,-,-,-,-,-,1,3,2,1,2
총범죄,강력범죄,유사강간,공지,-,-,-,-,-,-,-,-,-,-,-,-
총범죄,강력범죄,유사강간,주차장,-,-,3,12,7,10,12,14,6,7,11,7
총범죄,강력범죄,유사강간,공중화장실,-,-,5,11,18,33,11,13,19,8,9,12
총범죄,강력범죄,유사강간,PC방,-,-,2,1,-,1,-,1,1,-,1,1
총범죄,강력범죄,유사강간,기타,-,-,13,66,111,129,127,83,51,64,60,111
총범죄,강력범죄,강제추행,아파트 연립다세대,-,-,1098,902,900,887,1060,1347,1477,1492,1761,1619
총범죄,강력범죄,강제추행,단독주택,-,-,940,790,842,851,840,1053,934,1012,1096,983
총범죄,강력범죄,강제추행,고속도로,-,-,7,11,18,12,15,20,17,7,16,11
총범죄,강력범죄,강제추행,노상,-,-,4030,3324,3121,3218,3390,3071,3108,2772,2602,3098
총범죄,강력범죄,강제추행,백화점,-,-,11,9,15,9,19,32,25,25,21,34
총범죄,강력범죄,강제추행,슈퍼마켓,-,-,87,66,56,55,54,110,92,101,117,86
총범죄,강력범죄,강제추행,편의점,-,-,183,158,157,176,218,285,275,283,226,277
총범죄,강력범죄,강제추행,대형할인매장,-,-,14,13,5,7,13,19,19,14,14,11
총범죄,강력범죄,강제추행,상점,-,-,264,175,152,187,237,309,399,384,378,373
총범죄,강력범죄,강제추행,시장노점,-,-,137,75,89,117,97,211,210,205,153,150
총범죄,강력범죄,강제추행,숙박업소 목욕탕,-,-,1204,671,656,612,670,1039,1039,827,803,843
총범죄,강력범죄,강제추행,유흥접객업소,-,-,1774,1639,1636,1906,2170,3456,3682,3383,1865,2803
총범죄,강력범죄,강제추행,사무실,-,-,370,411,396,414,406,490,456,507,608,529
총범죄,강력범죄,강제추행,공장,-,-,52,33,32,46,46,40,52,43,64,44
총범죄,강력범죄,강제추행,공사장광산,-,-,9,6,9,11,8,12,17,17,11,12
총범죄,강력범죄,강제추행,창고,-,-,10,6,7,7,14,12,11,11,10,9
총범죄,강력범죄,강제추행,역대합실,-,-,315,222,270,293,359,432,420,296,321,313
총범죄,강력범죄,강제추행,지하철,-,-,613,610,788,786,1046,840,876,505,604,720
총범죄,강력범죄,강제추행,기타교통수단내,-,-,1155,860,793,957,972,1260,1285,1123,904,1017
총범죄,강력범죄,강제추행,흥행장,-,-,54,50,51,53,72,98,107,90,93,95
총범죄,강력범죄,강제추행,유원지,-,-,224,180,222,222,224,243,239,193,191,258
총범죄,강력범죄,강제추행,학교,-,-,187,227,249,276,317,340,338,190,251,340
총범죄,강력범죄,강제추행,금융기관,-,-,15,6,8,13,11,11,12,19,10,18
총범죄,강력범죄,강제추행,의료기관,-,-,190,179,208,220,238,245,327,338,376,301
총범죄,강력범죄,강제추행,종교기관,-,-,40,39,46,38,45,57,61,43,31,45
총범죄,강력범죄,강제추행,산야,-,-,37,26,36,34,26,28,27,21,30,32
총범죄,강력범죄,강제추행,해상,-,-,1,1,1,1,3,1,3,6,2,2
총범죄,강력범죄,강제추행,부대,-,-,4,5,7,11,15,16,12,17,12,20
총범죄,강력범죄,강제추행,구금장소,-,-,2,3,7,7,7,11,9,11,7,8
총범죄,강력범죄,강제추행,공지,-,-,1,2,1,3,-,1,-,1,2,-
총범죄,강력범죄,강제추행,주차장,-,-,139,110,106,96,101,121,114,121,98,114
총범죄,강력범죄,강제추행,공중화장실,-,-,139,66,72,66,61,84,70,76,66,65
총범죄,강력범죄,강제추행,PC방,-,-,54,43,39,46,44,58,59,53,31,37
총범죄,강력범죄,강제추행,기타,-,-,1418,3693,4064,4417,5149,1701,1348,1158,1188,1597
총범죄,강력범죄,기타 강간·강제추행등,아파트 연립다세대,-,-,425,234,97,86,64,96,88,77,78,71
총범죄,강력범죄,기타 강간·강제추행등,단독주택,-,-,474,280,164,93,80,92,96,64,71,54
총범죄,강력범죄,기타 강간·강제추행등,고속도로,-,-,-,-,-,-,-,-,-,-,-,-
총범죄,강력범죄,기타 강간·강제추행등,노상,-,-,92,48,37,33,17,24,15,15,8,16
총범죄,강력범죄,기타 강간·강제추행등,백화점,-,-,-,-,-,-,-,-,-,-,-,-
총범죄,강력범죄,기타 강간·강제추행등,슈퍼마켓,-,-,1,2,1,-,2,-,1,-,1,-
총범죄,강력범죄,기타 강간·강제추행등,편의점,-,-,5,3,-,-,-,-,-,1,1,-
총범죄,강력범죄,기타 강간·강제추행등,대형할인매장,-,-,-,-,-,-,-,-,-,-,-,-
총범죄,강력범죄,기타 강간·강제추행등,상점,-,-,9,9,4,3,3,2,6,-,2,2
총범죄,강력범죄,기타 강간·강제추행등,시장노점,-,-,3,5,1,4,-,5,1,1,1,2
총범죄,강력범죄,기타 강간·강제추행등,숙박업소 목욕탕,-,-,299,137,82,59,31,53,49,39,28,27
총범죄,강력범죄,기타 강간·강제추행등,유흥접객업소,-,-,56,28,13,16,9,13,12,11,8,12
총범죄,강력범죄,기타 강간·강제추행등,사무실,-,-,16,6,4,2,1,5,-,-,1,4
총범죄,강력범죄,기타 강간·강제추행등,공장,-,-,2,-,-,-,-,-,-,-,-,-
총범죄,강력범죄,기타 강간·강제추행등,공사장광산,-,-,-,-,-,-,-,-,-,-,-,-
총범죄,강력범죄,기타 강간·강제추행등,창고,-,-,-,4,1,-,-,-,1,-,-,1
총범죄,강력범죄,기타 강간·강제추행등,역대합실,-,-,3,2,-,-,-,1,-,-,-,-
총범죄,강력범죄,기타 강간·강제추행등,지하철,-,-,-,2,-,-,-,-,1,-,-,-
총범죄,강력범죄,기타 강간·강제추행등,기타교통수단내,-,-,40,17,9,10,9,15,3,1,3,3
총범죄,강력범죄,기타 강간·강제추행등,흥행장,-,-,3,-,1,-,1,-,-,-,-,-
총범죄,강력범죄,기타 강간·강제추행등,유원지,-,-,16,9,6,2,8,4,5,-,1,3
총범죄,강력범죄,기타 강간·강제추행등,학교,-,-,20,13,3,6,5,5,6,4,2,4
총범죄,강력범죄,기타 강간·강제추행등,금융기관,-,-,-,1,-,-,-,-,-,-,-,-
총범죄,강력범죄,기타 강간·강제추행등,의료기관,-,-,18,1,2,1,3,2,2,-,1,2
총범죄,강력범죄,기타 강간·강제추행등,종교기관,-,-,4,2,6,2,-,3,3,-,1,-
총범죄,강력범죄,기타 강간·강제추행등,산야,-,-,9,4,2,4,3,2,4,1,2,-
총범죄,강력범죄,기타 강간·강제추행등,해상,-,-,-,-,-,-,-,-,-,-,-,-
총범죄,강력범죄,기타 강간·강제추행등,부대,-,-,-,-,-,-,-,-,-,-,-,-
총범죄,강력범죄,기타 강간·강제추행등,구금장소,-,-,-,-,-,-,-,-,-,-,-,-
총범죄,강력범죄,기타 강간·강제추행등,공지,-,-,2,-,-,1,-,-,-,-,-,-
총범죄,강력범죄,기타 강간·강제추행등,주차장,-,-,11,8,6,4,1,2,2,3,4,1
총범죄,강력범죄,기타 강간·강제추행등,공중화장실,-,-,40,16,14,5,8,8,8,4,3,6
총범죄,강력범죄,기타 강간·강제추행등,PC방,-,-,1,1,1,-,-,2,1,-,-,-
총범죄,강력범죄,기타 강간·강제추행등,기타,-,-,98,159,104,77,59,22,21,16,22,17
총범죄,강력범죄,방화,아파트 연립다세대,337,210,379,261,253,208,205,352,353,291,279,331
총범죄,강력범죄,방화,단독주택,338,278,359,321,291,272,229,350,299,319,246,274
총범죄,강력범죄,방화,고속도로,1,-,-,1,-,-,-,-,-,-,-,1
총범죄,강력범죄,방화,노상,228,195,294,210,204,202,175,227,241,181,153,207
총범죄,강력범죄,방화,백화점,-,2,3,2,-,1,-,-,1,2,-,-
총범죄,강력범죄,방화,슈퍼마켓,6,3,8,4,2,-,1,1,-,3,1,5
총범죄,강력범죄,방화,편의점,1,1,4,1,3,2,-,6,2,3,1,6
총범죄,강력범죄,방화,대형할인매장,-,-,1,2,2,1,-,1,2,-,-,1
총범죄,강력범죄,방화,상점,59,27,40,18,18,12,10,27,20,20,19,31
총범죄,강력범죄,방화,시장노점,31,29,51,30,12,14,7,26,27,31,18,26
총범죄,강력범죄,방화,숙박업소 목욕탕,45,24,54,26,30,19,14,28,48,46,40,41
총범죄,강력범죄,방화,유흥접객업소,84,44,84,65,46,43,36,69,59,56,28,36
총범죄,강력범죄,방화,사무실,65,63,49,47,52,46,29,48,47,47,31,36
총범죄,강력범죄,방화,공장,24,16,31,21,20,10,19,23,19,13,17,14
총범죄,강력범죄,방화,공사장광산,9,15,9,4,4,10,13,12,6,10,6,6
총범죄,강력범죄,방화,창고,17,12,23,9,18,10,14,13,6,8,12,10
총범죄,강력범죄,방화,역대합실,2,4,7,8,8,2,1,4,4,3,3,7
총범죄,강력범죄,방화,지하철,3,1,1,5,1,-,1,2,1,1,1,1
총범죄,강력범죄,방화,기타교통수단내,19,10,12,3,-,4,3,6,3,5,2,2
총범죄,강력범죄,방화,흥행장,-,3,1,1,-,-,1,-,3,-,-,3
총범죄,강력범죄,방화,유원지,25,8,20,17,17,19,13,11,10,13,20,11
총범죄,강력범죄,방화,학교,20,10,16,5,6,4,11,9,9,11,7,5
총범죄,강력범죄,방화,금융기관,8,4,3,-,6,2,4,4,2,5,1,5
총범죄,강력범죄,방화,의료기관,17,12,7,16,17,9,8,20,12,13,12,15
총범죄,강력범죄,방화,종교기관,13,16,18,16,10,14,14,14,7,13,8,2
총범죄,강력범죄,방화,산야,23,9,17,11,10,9,11,17,29,13,15,15
총범죄,강력범죄,방화,해상,2,1,5,1,3,2,2,212,1,2,5,4
총범죄,강력범죄,방화,부대,-,-,-,-,-,-,-,-,-,-,-,-
총범죄,강력범죄,방화,구금장소,-,-,-,-,-,-,-,-,-,-,-,-
총범죄,강력범죄,방화,공지,2,-,2,-,2,1,-,1,5,-,-,2
총범죄,강력범죄,방화,주차장,69,55,70,47,30,34,35,51,40,33,36,32
총범죄,강력범죄,방화,공중화장실,7,6,22,24,2,4,6,18,11,9,9,8
총범죄,강력범죄,방화,PC방,3,2,-,2,1,1,-,-,2,2,-,3
총범죄,강력범죄,방화,기타,545,840,153,545,605,547,510,139,93,75,76,93
총범죄,절도범죄,소계,아파트 연립다세대,19657,14800,22706,14333,11042,8774,7036,11515,14344,16697,16482,17196
총범죄,절도범죄,소계,단독주택,26411,20401,30221,19515,15565,13226,9044,11542,11448,10196,8535,8117
총범죄,절도범죄,소계,고속도로,122,128,179,177,133,144,144,164,181,161,99,115
총범죄,절도범죄,소계,노상,46213,40448,65598,49527,45307,39355,36798,39952,45539,46861,46374,51945
총범죄,절도범죄,소계,백화점,1500,1493,2409,1828,1928,1990,1816,2599,3187,2695,2142,2274
총범죄,절도범죄,소계,슈퍼마켓,3875,3475,6400,4718,5080,4890,4571,6279,7673,9273,9920,11703
총범죄,절도범죄,소계,편의점,2952,2975,5083,4579,4351,4151,4160,5169,5853,5944,6143,6994
총범죄,절도범죄,소계,대형할인매장,2947,2757,2992,1966,2170,2104,1767,2413,2693,3065,3350,3536
총범죄,절도범죄,소계,상점,11289,9568,16865,9520,8850,9051,7787,13107,14506,13629,15031,17550
총범죄,절도범죄,소계,시장노점,3094,3131,5237,2998,2475,2311,1803,4099,4677,3951,3970,3927
총범죄,절도범죄,소계,숙박업소 목욕탕,8537,10346,15334,6736,5165,4409,3558,6253,6140,4325,2666,2738
총범죄,절도범죄,소계,유흥접객업소,13686,13331,22647,13952,12370,11738,9984,15443,15699,12641,7116,8323
총범죄,절도범죄,소계,사무실,6604,4823,6689,6247,5462,3947,3091,3560,3230,3323,2282,2146
총범죄,절도범죄,소계,공장,2909,2139,2658,2412,1715,1075,1022,1200,1064,1264,972,1123
총범죄,절도범죄,소계,공사장광산,3477,2834,4277,2384,1890,1400,1309,1799,1604,1175,1205,1207
총범죄,절도범죄,소계,창고,1927,1493,2199,1424,1344,1163,883,1175,1321,1068,1179,1010
총범죄,절도범죄,소계,역대합실,803,902,1663,1172,1186,1051,983,1641,1775,1524,1100,1175
총범죄,절도범죄,소계,지하철,569,577,796,628,645,569,481,612,596,529,435,585
총범죄,절도범죄,소계,기타교통수단내,3456,3735,5953,4924,5414,3084,2756,4937,4073,3767,2840,2924
총범죄,절도범죄,소계,흥행장,622,574,921,458,473,416,370,670,760,486,364,426
총범죄,절도범죄,소계,유원지,1033,1533,2636,1618,1462,1301,1186,1914,2052,1585,1493,1771
총범죄,절도범죄,소계,학교,2084,3295,4251,2117,1664,1337,1005,1441,1774,852,1026,1250
총범죄,절도범죄,소계,금융기관,5666,5519,7967,6432,5819,4997,4276,5078,4659,3660,2881,2493
총범죄,절도범죄,소계,의료기관,2243,2165,3172,2077,1646,1592,1300,1619,1762,1362,1139,946
총범죄,절도범죄,소계,종교기관,1428,1134,1678,1258,1151,1090,1051,988,1026,605,440,574
총범죄,절도범죄,소계,산야,2982,2500,3721,2705,2522,2338,2276,2762,3264,3536,3514,3362
총범죄,절도범죄,소계,해상,74,67,54,40,116,83,91,97,67,94,71,46
총범죄,절도범죄,소계,부대,49,26,20,34,17,11,21,18,17,12,9,15
총범죄,절도범죄,소계,구금장소,-,-,1,1,1,5,5,4,2,4,3,4
총범죄,절도범죄,소계,공지,252,125,169,94,38,41,32,74,82,58,56,52
총범죄,절도범죄,소계,주차장,12518,9786,15992,11464,10325,8951,7117,9022,9796,10661,9891,10381
총범죄,절도범죄,소계,공중화장실,336,463,1037,462,483,439,531,986,1083,887,727,703
총범죄,절도범죄,소계,PC방,2867,3415,5457,2987,2592,2365,1864,2996,3026,2051,1253,994
총범죄,절도범죄,소계,기타,89180,120502,21361,85435,85452,63639,63639,15681,11984,11576,11701,14665
총범죄,폭력범죄,소계,아파트 연립다세대,15507,13206,22405,16774,21108,22274,21180,36459,42880,41192,43041,41558
총범죄,폭력범죄,소계,단독주택,14865,13668,22712,15930,19272,18764,16413,26393,27895,25308,24346,23092
총범죄,폭력범죄,소계,고속도로,292,236,317,273,433,475,330,335,385,394,379,395
총범죄,폭력범죄,소계,노상,92329,76985,127392,109581,109150,109193,105950,109352,106735,97005,81460,86637
총범죄,폭력범죄,소계,백화점,149,118,184,139,127,113,147,214,192,172,125,181
총범죄,폭력범죄,소계,슈퍼마켓,767,642,1161,595,544,522,496,943,895,930,808,768
총범죄,폭력범죄,소계,편의점,1207,1197,2172,1617,1543,1659,1614,2501,2448,2368,2071,2167
총범죄,폭력범죄,소계,대형할인매장,173,127,184,93,72,71,80,161,183,155,146,148
총범죄,폭력범죄,소계,상점,4024,2722,4418,2554,2331,2385,2139,3965,3783,3596,3142,3530
총범죄,폭력범죄,소계,시장노점,3018,2037,3204,1616,1404,1244,1267,3297,3359,2851,2392,2366
총범죄,폭력범죄,소계,숙박업소 목욕탕,4344,3370,5265,2836,2462,2418,2449,5098,4984,4584,5306,5015
총범죄,폭력범죄,소계,유흥접객업소,28931,22776,36681,24774,21277,20755,21112,36332,36025,30762,16823,22795
총범죄,폭력범죄,소계,사무실,7887,6944,8722,7288,6849,6430,6012,7418,7256,6617,5946,5479
총범죄,폭력범죄,소계,공장,1361,1207,1597,1239,1257,1184,1036,1410,1348,1284,1279,1176
총범죄,폭력범죄,소계,공사장광산,986,852,1225,877,803,953,992,1345,1251,1169,1125,1146
총범죄,폭력범죄,소계,창고,165,122,193,163,174,145,176,219,223,241,235,204
총범죄,폭력범죄,소계,역대합실,1146,959,1471,859,702,711,800,1601,1568,1309,1105,1235
총범죄,폭력범죄,소계,지하철,334,232,436,307,221,294,323,680,677,529,450,568
총범죄,폭력범죄,소계,기타교통수단내,6821,5737,10220,1717,1621,1675,1839,4166,4149,3902,3809,3821
총범죄,폭력범죄,소계,흥행장,277,243,392,186,166,182,182,295,316,257,180,258
총범죄,폭력범죄,소계,유원지,2137,1949,2687,2306,2248,2101,1926,2218,2299,1876,1835,1827
총범죄,폭력범죄,소계,학교,2110,2628,2177,1551,1475,1412,1513,1859,1962,968,1194,1553
총범죄,폭력범죄,소계,금융기관,297,211,380,234,251,199,179,297,308,266,225,249
총범죄,폭력범죄,소계,의료기관,1764,1526,2370,1921,1793,1818,1729,2524,2522,2194,1917,1823
총범죄,폭력범죄,소계,종교기관,656,581,783,715,622,514,631,1086,834,501,463,444
총범죄,폭력범죄,소계,산야,1519,1422,1772,1587,1600,1606,1559,1705,1853,1953,1963,1866
총범죄,폭력범죄,소계,해상,214,268,168,153,194,166,187,228,186,214,122,125
총범죄,폭력범죄,소계,부대,72,46,35,74,45,41,48,73,74,73,56,110
총범죄,폭력범죄,소계,구금장소,8,10,9,20,41,47,46,45,48,43,52,50
총범죄,폭력범죄,소계,공지,158,120,95,59,37,49,28,64,61,44,40,35
총범죄,폭력범죄,소계,주차장,10189,7355,12482,9494,9211,9345,9410,11566,11980,12190,11227,11213
총범죄,폭력범죄,소계,공중화장실,487,448,630,216,203,232,211,532,580,474,363,454
총범죄,폭력범죄,소계,PC방,1063,814,1164,576,565,651,547,996,896,728,546,497
총범죄,폭력범죄,소계,기타,106688,141821,19085,81755,96146,99766,90535,22234,17758,19619,18490,22501
총범죄,폭력범죄,상해,아파트 연립다세대,4049,3375,4525,3373,3564,3966,3712,4903,5082,4657,4876,4160
총범죄,폭력범죄,상해,단독주택,3977,3373,4475,3265,3385,3559,3000,3856,3557,3240,3014,2570
총범죄,폭력범죄,상해,고속도로,76,50,65,48,47,40,46,42,52,55,50,35
총범죄,폭력범죄,상해,노상,19830,15615,22452,18320,16716,16759,14833,13802,12696,11451,9761,9150
총범죄,폭력범죄,상해,백화점,52,42,51,33,41,24,27,20,21,20,18,13
총범죄,폭력범죄,상해,슈퍼마켓,160,133,227,110,102,102,93,119,108,108,90,88
총범죄,폭력범죄,상해,편의점,234,189,351,218,194,188,159,236,191,184,157,126
총범죄,폭력범죄,상해,대형할인매장,57,33,37,28,16,16,12,25,30,13,15,12
총범죄,폭력범죄,상해,상점,880,583,791,471,395,452,373,468,431,416,347,339
총범죄,폭력범죄,상해,시장노점,713,499,631,374,341,299,259,426,418,386,290,248
총범죄,폭력범죄,상해,숙박업소 목욕탕,1132,816,1048,653,497,523,492,741,704,586,696,581
총범죄,폭력범죄,상해,유흥접객업소,7677,5823,8101,5511,4498,5128,4779,6685,6539,5527,3378,3997
총범죄,폭력범죄,상해,사무실,2509,2073,2312,1912,1727,1608,1386,1450,1331,1212,1049,853
총범죄,폭력범죄,상해,공장,509,464,576,440,442,419,388,407,336,308,336,253
총범죄,폭력범죄,상해,공사장광산,296,277,353,251,251,277,261,319,253,231,228,191
총범죄,폭력범죄,상해,창고,42,37,44,38,30,33,30,42,33,38,40,33
총범죄,폭력범죄,상해,역대합실,232,193,228,181,128,131,134,174,162,147,120,118
총범죄,폭력범죄,상해,지하철,74,47,59,43,21,24,28,58,54,31,37,29
총범죄,폭력범죄,상해,기타교통수단내,1752,1314,2056,294,246,233,222,306,345,250,204,152
총범죄,폭력범죄,상해,흥행장,91,77,86,48,31,42,45,65,47,38,26,38
총범죄,폭력범죄,상해,유원지,565,491,600,514,499,496,414,411,366,326,303,280
총범죄,폭력범죄,상해,학교,712,644,606,484,471,480,504,525,527,220,287,411
총범죄,폭력범죄,상해,금융기관,37,23,52,20,24,17,14,22,22,22,12,13
총범죄,폭력범죄,상해,의료기관,523,456,626,539,482,412,380,441,402,351,330,323
총범죄,폭력범죄,상해,종교기관,171,154,187,124,144,102,144,187,116,73,60,61
총범죄,폭력범죄,상해,산야,262,212,231,200,190,211,194,124,138,158,147,130
총범죄,폭력범죄,상해,해상,25,33,19,20,32,35,35,34,25,23,23,22
총범죄,폭력범죄,상해,부대,12,14,9,14,13,9,4,10,10,2,8,14
총범죄,폭력범죄,상해,구금장소,2,4,2,4,10,10,5,10,9,11,8,5
총범죄,폭력범죄,상해,공지,39,22,15,15,6,9,8,7,7,9,4,6
총범죄,폭력범죄,상해,주차장,1097,834,1201,873,811,825,760,901,817,747,626,592
총범죄,폭력범죄,상해,공중화장실,108,102,126,46,53,54,40,75,77,60,34,51
총범죄,폭력범죄,상해,PC방,236,135,178,78,80,77,74,80,94,78,67,53
총범죄,폭력범죄,상해,기타,19075,24205,3564,11739,12518,13468,11756,2795,1858,1926,1812,1859
총범죄,폭력범죄,폭행,아파트 연립다세대,5864,5078,10220,7373,10608,12523,11825,21747,25179,23335,23656,23017
총범죄,폭력범죄,폭행,단독주택,5146,5024,9934,6344,8753,9647,8302,14760,15290,13417,12716,12150
총범죄,폭력범죄,폭행,고속도로,137,111,159,111,135,120,131,163,182,184,206,190
총범죄,폭력범죄,폭행,노상,36848,32285,58072,52278,54497,58794,58348,61152,58944,51704,41284,45258
총범죄,폭력범죄,폭행,백화점,61,52,83,80,71,65,98,143,125,108,77,134
총범죄,폭력범죄,폭행,슈퍼마켓,332,291,579,285,289,285,286,638,565,597,526,476
총범죄,폭력범죄,폭행,편의점,623,656,1212,936,932,1052,1066,1745,1679,1542,1365,1426
총범죄,폭력범죄,폭행,대형할인매장,76,54,104,37,35,35,46,100,114,102,81,98
총범죄,폭력범죄,폭행,상점,1408,996,1685,975,928,1031,1026,2059,1919,1768,1506,1701
총범죄,폭력범죄,폭행,시장노점,1083,680,1256,527,483,509,539,1688,1695,1301,1071,1111
총범죄,폭력범죄,폭행,숙박업소 목욕탕,1631,1265,2141,964,890,952,1054,2305,2188,1801,1903,1829
총범죄,폭력범죄,폭행,유흥접객업소,11695,9186,16526,10638,9849,10941,11904,22772,22138,18864,9270,13405
총범죄,폭력범죄,폭행,사무실,2693,2184,3456,2730,2576,2735,2770,3784,3632,3304,2946,2897
총범죄,폭력범죄,폭행,공장,409,368,535,394,436,482,451,742,705,687,657,639
총범죄,폭력범죄,폭행,공사장광산,243,202,401,277,251,342,416,685,596,576,565,623
총범죄,폭력범죄,폭행,창고,32,22,45,29,50,37,55,81,88,95,92,92
총범죄,폭력범죄,폭행,역대합실,669,533,941,456,433,446,524,1166,1156,925,796,856
총범죄,폭력범죄,폭행,지하철,224,155,320,234,172,237,267,565,562,449,376,490
총범죄,폭력범죄,폭행,기타교통수단내,3311,2850,5439,1147,1108,1182,1357,3381,3267,3123,3090,3200
총범죄,폭력범죄,폭행,흥행장,75,84,185,86,79,96,101,166,209,147,97,160
총범죄,폭력범죄,폭행,유원지,862,780,1286,1128,1198,1175,1127,1365,1471,1105,1089,1070
총범죄,폭력범죄,폭행,학교,504,715,700,479,530,554,593,853,875,418,516,758
총범죄,폭력범죄,폭행,금융기관,69,46,80,63,67,72,54,109,105,96,72,100
총범죄,폭력범죄,폭행,의료기관,753,661,1190,932,896,1019,1062,1656,1664,1461,1239,1159
총범죄,폭력범죄,폭행,종교기관,152,144,219,313,192,185,211,488,392,176,172,180
총범죄,폭력범죄,폭행,산야,155,154,190,168,163,187,169,224,215,243,241,217
총범죄,폭력범죄,폭행,해상,55,58,47,46,58,50,78,75,61,84,54,41
총범죄,폭력범죄,폭행,부대,44,25,13,42,21,23,37,46,51,51,36,64
총범죄,폭력범죄,폭행,구금장소,3,2,5,11,20,26,27,21,30,24,31,36
총범죄,폭력범죄,폭행,공지,23,23,20,9,6,7,2,15,14,8,8,3
총범죄,폭력범죄,폭행,주차장,1494,1294,2233,1865,1971,2319,2516,3076,3276,3148,2850,3018
총범죄,폭력범죄,폭행,공중화장실,152,164,255,88,66,101,107,273,287,244,160,194
총범죄,폭력범죄,폭행,PC방,549,374,663,321,282,325,316,608,506,393,294,257
총범죄,폭력범죄,폭행,기타,49276,64030,8505,41554,51233,58249,52776,10616,8017,7881,6900,8368
총범죄,폭력범죄,체포·감금,아파트 연립다세대,50,63,93,93,90,139,178,196,234,210,259,238
총범죄,폭력범죄,체포·감금,단독주택,80,75,104,86,102,110,123,139,149,132,141,133
총범죄,폭력범죄,체포·감금,고속도로,5,2,6,6,5,9,8,7,6,6,6,4
총범죄,폭력범죄,체포·감금,노상,192,175,256,227,247,311,306,269,259,244,209,198
총범죄,폭력범죄,체포·감금,백화점,-,-,-,-,-,-,-,1,1,2,-,-
총범죄,폭력범죄,체포·감금,슈퍼마켓,1,-,3,3,4,2,1,2,-,1,1,1
총범죄,폭력범죄,체포·감금,편의점,-,2,3,1,-,2,1,2,4,4,5,3
총범죄,폭력범죄,체포·감금,대형할인매장,-,-,2,-,1,-,1,1,1,-,1,1
총범죄,폭력범죄,체포·감금,상점,5,7,17,6,7,12,9,8,8,15,14,10
총범죄,폭력범죄,체포·감금,시장노점,3,3,7,3,6,2,2,10,8,10,2,6
총범죄,폭력범죄,체포·감금,숙박업소 목욕탕,34,45,62,54,40,60,42,103,111,110,103,89
총범죄,폭력범죄,체포·감금,유흥접객업소,44,38,47,33,44,37,51,72,67,60,51,57
총범죄,폭력범죄,체포·감금,사무실,51,61,59,50,50,54,63,53,69,50,59,56
총범죄,폭력범죄,체포·감금,공장,7,4,5,8,6,4,5,5,4,3,4,6
총범죄,폭력범죄,체포·감금,공사장광산,1,1,1,3,-,1,2,-,-,5,3,2
총범죄,폭력범죄,체포·감금,창고,3,1,3,2,2,2,3,2,2,2,-,-
총범죄,폭력범죄,체포·감금,역대합실,1,2,1,-,3,1,4,6,5,2,3,4
총범죄,폭력범죄,체포·감금,지하철,-,-,-,-,-,-,-,-,1,-,-,2
총범죄,폭력범죄,체포·감금,기타교통수단내,35,25,48,51,56,82,74,117,128,152,139,137
총범죄,폭력범죄,체포·감금,흥행장,-,2,-,-,3,1,-,2,2,5,-,-
총범죄,폭력범죄,체포·감금,유원지,-,2,1,7,3,1,-,1,5,6,3,1
총범죄,폭력범죄,체포·감금,학교,4,7,9,7,12,8,7,7,8,10,3,7
총범죄,폭력범죄,체포·감금,금융기관,3,-,3,-,1,1,-,1,1,2,1,2
총범죄,폭력범죄,체포·감금,의료기관,65,64,64,75,58,53,37,38,35,33,28,34
총범죄,폭력범죄,체포·감금,종교기관,13,10,9,2,7,7,8,9,6,7,5,3
총범죄,폭력범죄,체포·감금,산야,3,4,4,1,4,3,5,3,2,2,5,2
총범죄,폭력범죄,체포·감금,해상,-,-,-,-,1,1,-,-,-,-,-,1
총범죄,폭력범죄,체포·감금,부대,-,-,1,1,-,-,-,-,-,1,-,1
총범죄,폭력범죄,체포·감금,구금장소,-,-,-,-,2,1,-,2,-,-,-,-
총범죄,폭력범죄,체포·감금,공지,-,-,1,-,-,-,1,-,-,-,-,-
총범죄,폭력범죄,체포·감금,주차장,18,15,9,14,16,20,38,26,16,19,13,14
총범죄,폭력범죄,체포·감금,공중화장실,1,1,2,3,2,1,2,1,7,1,-,-
총범죄,폭력범죄,체포·감금,PC방,1,2,1,-,2,1,1,1,2,3,4,7
총범죄,폭력범죄,체포·감금,기타,212,265,108,209,254,392,467,123,102,112,103,126
총범죄,폭력범죄,협박,아파트 연립다세대,428,466,660,620,1199,1841,1789,3288,4431,4511,5052,5246
총범죄,폭력범죄,협박,단독주택,537,599,823,757,1288,1878,1676,2704,3384,3192,3338,3320
총범죄,폭력범죄,협박,고속도로,4,5,11,3,88,262,112,93,101,106,90,122
총범죄,폭력범죄,협박,노상,554,628,928,894,1870,4483,4979,5045,6367,6526,6111,6160
총범죄,폭력범죄,협박,백화점,4,3,12,8,3,6,7,11,16,11,9,8
총범죄,폭력범죄,협박,슈퍼마켓,8,11,16,13,18,39,27,49,75,75,54,56
총범죄,폭력범죄,협박,편의점,8,17,36,39,52,97,107,175,196,241,208,231
총범죄,폭력범죄,협박,대형할인매장,2,3,5,6,4,4,3,9,6,11,10,9
총범죄,폭력범죄,협박,상점,51,62,83,68,104,152,125,223,246,271,281,283
총범죄,폭력범죄,협박,시장노점,23,52,40,57,53,60,64,129,152,144,154,151
총범죄,폭력범죄,협박,숙박업소 목욕탕,59,44,66,53,67,98,73,180,207,191,195,209
총범죄,폭력범죄,협박,유흥접객업소,197,256,300,298,417,745,700,1266,1533,1467,1134,1367
총범죄,폭력범죄,협박,사무실,426,413,424,457,535,608,566,742,797,729,693,578
총범죄,폭력범죄,협박,공장,13,24,31,18,46,52,38,59,67,61,68,74
총범죄,폭력범죄,협박,공사장광산,18,8,20,16,13,31,33,36,60,48,52,52
총범죄,폭력범죄,협박,창고,2,-,2,2,2,5,8,9,10,7,9,12
총범죄,폭력범죄,협박,역대합실,-,3,10,15,11,14,20,45,42,44,30,30
총범죄,폭력범죄,협박,지하철,1,1,5,3,2,10,8,15,16,15,6,10
총범죄,폭력범죄,협박,기타교통수단내,43,38,64,25,43,55,56,114,133,112,117,113
총범죄,폭력범죄,협박,흥행장,7,3,5,2,5,3,7,14,10,15,17,24
총범죄,폭력범죄,협박,유원지,11,19,17,25,38,63,58,68,102,101,101,86
총범죄,폭력범죄,협박,학교,21,42,47,42,42,64,70,96,115,77,90,80
총범죄,폭력범죄,협박,금융기관,7,3,10,4,9,8,13,20,28,11,17,11
총범죄,폭력범죄,협박,의료기관,54,59,62,76,79,132,99,159,176,141,133,135
총범죄,폭력범죄,협박,종교기관,20,16,19,25,18,35,37,53,45,45,32,35
총범죄,폭력범죄,협박,산야,8,10,17,19,32,47,30,39,48,64,75,46
총범죄,폭력범죄,협박,해상,3,2,2,1,4,2,4,9,12,11,10,7
총범죄,폭력범죄,협박,부대,3,-,2,-,4,3,3,6,3,6,1,5
총범죄,폭력범죄,협박,구금장소,2,2,-,4,6,6,7,7,4,5,9,6
총범죄,폭력범죄,협박,공지,5,1,1,1,-,2,3,3,2,-,3,2
총범죄,폭력범죄,협박,주차장,30,39,45,45,104,158,143,195,262,254,265,314
총범죄,폭력범죄,협박,공중화장실,-,1,2,1,-,2,2,6,7,4,5,3
총범죄,폭력범죄,협박,PC방,5,9,13,11,12,14,19,31,33,39,25,29
총범죄,폭력범죄,협박,기타,1024,1641,883,1579,3019,4891,4613,2302,2336,2679,2664,2753
총범죄,폭력범죄,약취·유인,아파트 연립다세대,20,18,21,22,20,26,23,26,41,38,50,53
총범죄,폭력범죄,약취·유인,단독주택,27,21,29,21,18,16,11,11,26,23,17,19
총범죄,폭력범죄,약취·유인,고속도로,-,-,-,-,-,-,-,-,-,-,-,-
총범죄,폭력범죄,약취·유인,노상,99,62,62,66,66,80,76,83,102,78,112,123
총범죄,폭력범죄,약취·유인,백화점,-,-,-,-,-,-,-,-,-,-,-,-
총범죄,폭력범죄,약취·유인,슈퍼마켓,1,-,-,1,-,-,-,-,1,-,1,-
총범죄,폭력범죄,약취·유인,편의점,1,-,1,-,-,-,-,-,-,1,1,1
총범죄,폭력범죄,약취·유인,대형할인매장,-,-,-,-,-,1,1,-,-,-,-,-
총범죄,폭력범죄,약취·유인,상점,1,1,1,2,1,2,1,1,2,1,-,1
총범죄,폭력범죄,약취·유인,시장노점,1,1,-,1,-,1,-,3,-,3,1,2
총범죄,폭력범죄,약취·유인,숙박업소 목욕탕,20,17,14,8,8,11,8,4,11,16,10,11
총범죄,폭력범죄,약취·유인,유흥접객업소,6,4,2,4,3,11,6,2,8,2,1,-
총범죄,폭력범죄,약취·유인,사무실,3,3,5,3,1,-,1,4,3,2,4,2
총범죄,폭력범죄,약취·유인,공장,-,-,1,-,-,-,-,-,-,-,-,-
총범죄,폭력범죄,약취·유인,공사장광산,-,-,-,-,-,-,-,-,-,-,-,-
총범죄,폭력범죄,약취·유인,창고,-,-,-,-,-,-,-,-,-,-,-,-
총범죄,폭력범죄,약취·유인,역대합실,5,1,7,7,5,1,4,5,3,3,-,1
총범죄,폭력범죄,약취·유인,지하철,1,1,-,-,-,-,1,-,-,-,1,-
총범죄,폭력범죄,약취·유인,기타교통수단내,2,2,3,4,5,4,1,4,3,3,3,-
총범죄,폭력범죄,약취·유인,흥행장,-,-,-,-,-,-,-,-,-,-,-,-
총범죄,폭력범죄,약취·유인,유원지,6,1,5,1,3,3,3,1,5,6,2,9
총범죄,폭력범죄,약취·유인,학교,9,6,11,9,6,5,14,15,16,4,7,15
총범죄,폭력범죄,약취·유인,금융기관,-,-,-,1,-,-,-,-,1,1,2,-
총범죄,폭력범죄,약취·유인,의료기관,2,2,3,2,7,3,1,3,3,1,1,2
총범죄,폭력범죄,약취·유인,종교기관,2,3,-,1,2,1,1,-,1,-,2,3
총범죄,폭력범죄,약취·유인,산야,-,-,-,1,-,-,1,1,-,-,-,-
총범죄,폭력범죄,약취·유인,해상,-,-,-,-,-,-,-,-,1,-,-,-
총범죄,폭력범죄,약취·유인,부대,-,-,-,-,-,-,-,-,-,-,-,-
총범죄,폭력범죄,약취·유인,구금장소,-,-,-,-,-,-,-,-,-,-,-,-
총범죄,폭력범죄,약취·유인,공지,-,-,-,-,-,-,-,-,-,-,-,-
총범죄,폭력범죄,약취·유인,주차장,3,-,3,2,1,1,2,1,2,2,3,1
총범죄,폭력범죄,약취·유인,공중화장실,1,1,2,-,-,1,-,-,2,-,1,1
총범죄,폭력범죄,약취·유인,PC방,-,-,2,-,-,-,-,1,-,-,-,-
총범죄,폭력범죄,약취·유인,기타,56,56,16,42,44,34,51,22,19,26,21,32
총범죄,폭력범죄,폭력행위등,아파트 연립다세대,2175,1895,2943,2171,2374,483,419,475,579,565,648,600
총범죄,폭력범죄,폭력행위등,단독주택,2180,2073,3307,2347,2463,432,317,313,349,344,351,322
총범죄,폭력범죄,폭력행위등,고속도로,46,41,44,79,129,14,5,2,3,5,3,3
총범죄,폭력범죄,폭력행위등,노상,14430,11881,17402,13843,12838,6045,5280,4470,3923,3401,2869,3084
총범죄,폭력범죄,폭력행위등,백화점,13,10,19,8,5,4,4,4,1,2,4,3
총범죄,폭력범죄,폭력행위등,슈퍼마켓,117,81,146,54,43,16,6,13,10,11,12,8
총범죄,폭력범죄,폭력행위등,편의점,142,125,243,155,137,46,48,40,32,26,35,35
총범죄,폭력범죄,폭력행위등,대형할인매장,16,20,12,6,2,4,3,3,1,1,1,2
총범죄,폭력범죄,폭력행위등,상점,473,303,461,318,207,100,82,101,97,90,62,81
총범죄,폭력범죄,폭력행위등,시장노점,538,319,424,224,209,85,98,143,121,110,87,97
총범죄,폭력범죄,폭력행위등,숙박업소 목욕탕,610,445,616,350,296,138,101,160,198,147,199,180
총범죄,폭력범죄,폭력행위등,유흥접객업소,6057,4788,7390,5058,3879,1335,1141,1440,1350,1114,644,773
총범죄,폭력범죄,폭력행위등,사무실,1044,897,1088,839,855,354,254,246,257,239,201,181
총범죄,폭력범죄,폭력행위등,공장,257,169,253,216,182,55,27,31,35,37,53,39
총범죄,폭력범죄,폭력행위등,공사장광산,187,166,209,150,119,70,63,54,54,61,55,56
총범죄,폭력범죄,폭력행위등,창고,24,16,20,17,25,4,8,6,1,4,6,6
총범죄,폭력범죄,폭력행위등,역대합실,110,109,106,82,37,25,20,26,28,19,20,14
총범죄,폭력범죄,폭력행위등,지하철,22,13,23,8,13,8,3,6,4,-,4,5
총범죄,폭력범죄,폭력행위등,기타교통수단내,1165,1017,1830,79,86,24,28,30,35,41,36,37
총범죄,폭력범죄,폭력행위등,흥행장,76,40,54,30,15,15,5,12,6,11,7,5
총범죄,폭력범죄,폭력행위등,유원지,511,498,572,457,353,206,193,184,155,130,122,142
총범죄,폭력범죄,폭력행위등,학교,529,692,443,287,246,137,149,162,177,87,145,114
총범죄,폭력범죄,폭력행위등,금융기관,21,21,29,16,29,3,9,5,5,7,5,3
총범죄,폭력범죄,폭력행위등,의료기관,203,146,211,162,134,54,41,49,40,36,43,35
총범죄,폭력범죄,폭력행위등,종교기관,155,136,166,118,139,48,79,95,72,32,38,43
총범죄,폭력범죄,폭력행위등,산야,171,153,167,142,118,43,28,39,31,57,38,34
총범죄,폭력범죄,폭력행위등,해상,27,20,28,28,20,3,2,7,3,3,3,1
총범죄,폭력범죄,폭력행위등,부대,11,5,8,16,7,2,2,6,6,6,5,16
총범죄,폭력범죄,폭력행위등,구금장소,-,1,1,1,1,2,5,1,-,1,1,1
총범죄,폭력범죄,폭력행위등,공지,24,23,12,8,7,2,1,3,2,2,1,2
총범죄,폭력범죄,폭력행위등,주차장,774,594,804,542,486,228,269,238,207,219,199,213
총범죄,폭력범죄,폭력행위등,공중화장실,134,92,132,49,44,28,24,29,45,21,28,25
총범죄,폭력범죄,폭력행위등,PC방,132,120,122,63,75,39,21,35,22,15,20,14
총범죄,폭력범죄,폭력행위등,기타,14355,19816,2419,9766,10113,3250,2520,776,501,554,539,571
총범죄,폭력범죄,공갈,아파트 연립다세대,183,206,299,312,203,188,232,248,255,309,356,356
총범죄,폭력범죄,공갈,단독주택,186,214,284,339,259,208,292,328,353,387,317,416
총범죄,폭력범죄,공갈,고속도로,-,1,2,3,2,-,2,3,2,1,4,2
총범죄,폭력범죄,공갈,노상,1758,1791,1605,987,773,736,828,745,798,665,554,664
총범죄,폭력범죄,공갈,백화점,6,4,3,2,1,-,2,3,1,5,-,-
총범죄,폭력범죄,공갈,슈퍼마켓,26,32,13,19,9,9,21,9,5,11,6,6
총범죄,폭력범죄,공갈,편의점,36,58,53,61,43,66,42,43,44,84,32,24
총범죄,폭력범죄,공갈,대형할인매장,5,3,3,2,4,4,4,3,3,1,7,1
총범죄,폭력범죄,공갈,상점,78,68,59,81,92,62,46,67,85,58,57,41
총범죄,폭력범죄,공갈,시장노점,94,53,50,98,51,26,32,42,51,44,31,23
총범죄,폭력범죄,공갈,숙박업소 목욕탕,61,63,98,96,58,50,59,68,64,64,43,62
총범죄,폭력범죄,공갈,유흥접객업소,356,493,395,841,600,523,467,241,409,160,129,171
총범죄,폭력범죄,공갈,사무실,269,573,266,368,307,319,307,313,352,297,259,230
총범죄,폭력범죄,공갈,공장,11,33,11,19,16,34,20,15,13,13,9,11
총범죄,폭력범죄,공갈,공사장광산,11,25,23,21,14,44,40,23,16,21,14,17
총범죄,폭력범죄,공갈,창고,2,-,-,2,-,2,4,-,-,1,3,-
총범죄,폭력범죄,공갈,역대합실,32,21,21,24,10,9,12,17,9,8,5,20
총범죄,폭력범죄,공갈,지하철,4,3,4,2,-,2,-,4,3,1,1,4
총범죄,폭력범죄,공갈,기타교통수단내,34,60,29,34,12,14,23,24,25,25,30,18
총범죄,폭력범죄,공갈,흥행장,13,12,9,1,6,2,3,2,2,5,1,1
총범죄,폭력범죄,공갈,유원지,104,80,80,41,26,28,32,30,42,40,24,31
총범죄,폭력범죄,공갈,학교,166,379,163,141,65,80,89,73,75,29,42,47
총범죄,폭력범죄,공갈,금융기관,27,26,33,38,42,31,22,40,28,23,18,10
총범죄,폭력범죄,공갈,의료기관,26,30,29,37,30,36,19,22,31,29,22,20
총범죄,폭력범죄,공갈,종교기관,9,8,6,11,6,13,10,8,7,7,7,6
총범죄,폭력범죄,공갈,산야,9,11,10,5,7,12,10,11,7,4,4,6
총범죄,폭력범죄,공갈,해상,-,-,-,1,-,-,1,1,-,-,1,-
총범죄,폭력범죄,공갈,부대,1,1,-,1,-,3,1,2,4,4,6,9
총범죄,폭력범죄,공갈,구금장소,1,1,1,-,-,2,1,4,2,-,2,2
총범죄,폭력범죄,공갈,공지,3,3,-,-,1,1,-,-,1,-,1,-
총범죄,폭력범죄,공갈,주차장,118,79,67,47,36,28,21,36,31,36,17,30
총범죄,폭력범죄,공갈,공중화장실,32,27,19,3,2,2,3,3,5,5,1,4
총범죄,폭력범죄,공갈,PC방,76,136,108,61,67,134,33,66,61,47,26,18
총범죄,폭력범죄,공갈,기타,1502,2204,567,1164,854,1077,1474,1602,2063,2897,3102,4654
총범죄,폭력범죄,손괴,아파트 연립다세대,2738,2105,3644,2810,3050,3108,3002,5576,7079,7567,8144,7888
총범죄,폭력범죄,손괴,단독주택,2732,2289,3756,2771,3004,2914,2692,4282,4787,4573,4452,4162
총범죄,폭력범죄,손괴,고속도로,24,26,30,23,27,30,26,25,39,37,20,39
총범죄,폭력범죄,손괴,노상,18618,14548,26615,22966,22143,21985,21300,23786,23646,22936,20560,22000
총범죄,폭력범죄,손괴,백화점,13,7,16,8,6,14,9,32,27,24,17,23
총범죄,폭력범죄,손괴,슈퍼마켓,122,94,177,110,79,69,62,113,131,127,118,133
총범죄,폭력범죄,손괴,편의점,163,150,273,207,185,208,191,260,302,286,268,321
총범죄,폭력범죄,손괴,대형할인매장,17,14,21,14,10,7,10,20,28,27,31,25
총범죄,폭력범죄,손괴,상점,1128,702,1321,633,597,574,477,1038,995,977,875,1074
총범죄,폭력범죄,손괴,시장노점,563,430,796,332,261,262,273,856,914,853,756,728
총범죄,폭력범죄,손괴,숙박업소 목욕탕,797,675,1220,658,606,586,620,1537,1501,1669,2157,2054
총범죄,폭력범죄,손괴,유흥접객업소,2899,2188,3920,2391,1987,2035,2064,3854,3981,3568,2216,3025
총범죄,폭력범죄,손괴,사무실,892,740,1112,929,798,752,665,826,815,784,735,682
총범죄,폭력범죄,손괴,공장,155,145,185,144,129,138,107,151,188,175,152,154
총범죄,폭력범죄,손괴,공사장광산,230,173,218,159,155,188,177,228,272,227,208,205
총범죄,폭력범죄,손괴,창고,60,46,79,73,65,62,68,79,89,94,85,61
총범죄,폭력범죄,손괴,역대합실,97,97,157,94,75,84,82,162,163,161,131,192
총범죄,폭력범죄,손괴,지하철,8,12,25,17,13,13,16,32,37,33,25,28
총범죄,폭력범죄,손괴,기타교통수단내,479,431,751,83,65,81,78,190,213,196,190,164
총범죄,폭력범죄,손괴,흥행장,15,25,53,19,27,23,21,34,40,36,32,30
총범죄,폭력범죄,손괴,유원지,78,78,126,133,128,129,99,158,153,162,191,208
총범죄,폭력범죄,손괴,학교,165,143,198,102,103,84,87,128,169,123,104,121
총범죄,폭력범죄,손괴,금융기관,133,92,173,92,79,67,67,100,118,104,98,110
총범죄,폭력범죄,손괴,의료기관,138,108,185,98,107,109,90,156,171,142,121,115
총범죄,폭력범죄,손괴,종교기관,134,110,177,121,114,123,141,246,195,161,147,113
총범죄,폭력범죄,손괴,산야,911,878,1153,1051,1086,1103,1122,1264,1412,1425,1453,1431
총범죄,폭력범죄,손괴,해상,104,155,72,57,79,75,67,102,84,93,31,53
총범죄,폭력범죄,손괴,부대,1,1,2,-,-,1,1,3,-,3,-,1
총범죄,폭력범죄,손괴,구금장소,-,-,-,-,2,-,1,-,3,2,1,-
총범죄,폭력범죄,손괴,공지,64,48,46,26,17,28,13,36,35,25,23,22
총범죄,폭력범죄,손괴,주차장,6655,4500,8120,6106,5786,5766,5661,7093,7369,7765,7254,7031
총범죄,폭력범죄,손괴,공중화장실,59,60,92,26,36,43,33,145,150,139,134,176
총범죄,폭력범죄,손괴,PC방,64,38,77,42,47,61,83,174,178,153,110,119
총범죄,폭력범죄,손괴,기타,21188,29604,3023,15702,18111,18405,16878,3998,2862,3544,3349,4138
총범죄,지능범죄,소계,아파트 연립다세대,8995,8916,12831,11106,11065,10755,9693,11184,12629,14856,12468,12124
총범죄,지능범죄,소계,단독주택,17087,17412,23691,18878,19119,16993,15898,17322,19309,19797,13695,13091
총범죄,지능범죄,소계,고속도로,128,152,173,148,189,273,606,739,1017,1325,1057,999
총범죄,지능범죄,소계,노상,12453,12523,18767,17740,22459,25841,29107,38476,45620,60205,66079,68716
총범죄,지능범죄,소계,백화점,277,241,348,312,321,345,340,496,540,406,352,400
총범죄,지능범죄,소계,슈퍼마켓,696,662,887,743,787,787,815,1054,1120,1086,1030,1167
총범죄,지능범죄,소계,편의점,1199,1118,1957,1893,2007,1730,1799,1877,2127,2472,3558,3312
총범죄,지능범죄,소계,대형할인매장,172,178,183,244,168,169,159,268,297,298,257,286
총범죄,지능범죄,소계,상점,10124,8145,10948,7727,8773,8635,6108,8969,7420,7239,6201,7725
총범죄,지능범죄,소계,시장노점,2245,2008,2653,2087,2084,1955,1836,2543,2766,2506,1892,1950
총범죄,지능범죄,소계,숙박업소 목욕탕,1863,1779,1826,1591,1719,1716,1552,1646,2030,1828,1403,1455
총범죄,지능범죄,소계,유흥접객업소,22799,19128,24724,18677,17994,17035,16480,24369,25747,23602,12279,18377
총범죄,지능범죄,소계,사무실,77067,74448,77836,67835,64679,58952,55831,57629,57098,53461,38544,37098
총범죄,지능범죄,소계,공장,2186,2857,3355,2521,2717,2292,1999,1838,1724,1650,1167,1164
총범죄,지능범죄,소계,공사장광산,2346,2586,2590,2478,2667,2603,2535,2631,2615,2297,1526,1673
총범죄,지능범죄,소계,창고,275,552,499,261,229,255,214,212,232,212,166,156
총범죄,지능범죄,소계,역대합실,605,655,965,709,1246,1217,1314,2463,2850,2219,2022,2326
총범죄,지능범죄,소계,지하철,174,162,287,228,404,492,497,839,890,880,848,1047
총범죄,지능범죄,소계,기타교통수단내,2342,2309,3522,1254,1865,2224,2410,4684,5305,4964,3785,3893
총범죄,지능범죄,소계,흥행장,334,306,371,267,247,272,276,403,547,285,256,362
총범죄,지능범죄,소계,유원지,279,330,527,572,916,1045,794,1231,1383,1147,1167,1319
총범죄,지능범죄,소계,학교,605,581,717,566,649,549,579,683,697,533,434,578
총범죄,지능범죄,소계,금융기관,20108,18604,18677,16125,13201,10304,11996,13011,12333,6602,2686,2269
총범죄,지능범죄,소계,의료기관,3703,2840,2148,2323,2013,2043,2120,2695,2306,2188,1927,1712
총범죄,지능범죄,소계,종교기관,425,480,447,450,454,399,337,389,369,306,229,234
총범죄,지능범죄,소계,산야,690,694,737,697,738,613,578,556,579,579,454,432
총범죄,지능범죄,소계,해상,133,135,43,135,782,559,505,1608,200,184,213,150
총범죄,지능범죄,소계,부대,41,41,72,49,41,39,40,48,54,66,53,111
총범죄,지능범죄,소계,구금장소,14,17,21,27,30,26,24,24,23,30,30,30
총범죄,지능범죄,소계,공지,57,60,261,50,48,26,32,35,17,29,18,26
총범죄,지능범죄,소계,주차장,669,581,761,675,894,928,982,1262,1483,1851,2341,2326
총범죄,지능범죄,소계,공중화장실,85,93,296,138,315,379,448,1171,1311,1078,906,1072
총범죄,지능범죄,소계,PC방,4098,3654,3732,1795,1800,1432,1247,1544,1070,661,476,433
총범죄,지능범죄,소계,기타,85528,110854,112587,118351,133501,139694,133315,140799,167825,207800,181588,217092
총범죄,지능범죄,직무유기,아파트 연립다세대,6,3,9,7,8,6,8,9,8,4,15,24
총범죄,지능범죄,직무유기,단독주택,12,13,16,13,11,12,16,14,8,8,8,18
총범죄,지능범죄,직무유기,고속도로,1,1,-,-,-,-,-,-,1,1,-,-
총범죄,지능범죄,직무유기,노상,32,31,39,46,43,45,35,65,58,65,72,116
총범죄,지능범죄,직무유기,백화점,-,-,-,-,-,-,-,-,-,-,-,-
총범죄,지능범죄,직무유기,슈퍼마켓,-,-,-,-,-,-,1,-,-,-,1,-
총범죄,지능범죄,직무유기,편의점,-,-,1,1,-,-,-,-,-,-,1,1
총범죄,지능범죄,직무유기,대형할인매장,-,-,-,-,-,-,-,-,-,-,-,-
총범죄,지능범죄,직무유기,상점,-,3,1,-,1,-,5,1,3,1,2,2
총범죄,지능범죄,직무유기,시장노점,3,1,7,3,1,2,1,4,1,-,3,3
총범죄,지능범죄,직무유기,숙박업소 목욕탕,-,1,1,-,1,1,1,-,-,3,2,1
총범죄,지능범죄,직무유기,유흥접객업소,3,9,3,1,4,3,3,5,3,3,5,7
총범죄,지능범죄,직무유기,사무실,200,274,320,348,304,297,289,310,330,407,542,829
총범죄,지능범죄,직무유기,공장,4,4,4,6,3,4,2,5,5,3,1,-
총범죄,지능범죄,직무유기,공사장광산,4,5,2,4,3,3,6,4,3,6,5,5
총범죄,지능범죄,직무유기,창고,2,-,-,-,-,-,-,-,-,-,-,-
총범죄,지능범죄,직무유기,역대합실,3,-,-,1,1,1,1,1,-,-,1,1
총범죄,지능범죄,직무유기,지하철,-,-,-,-,1,-,-,-,-,-,-,-
총범죄,지능범죄,직무유기,기타교통수단내,1,-,3,-,-,3,1,1,-,1,-,-
총범죄,지능범죄,직무유기,흥행장,-,-,1,1,3,-,1,-,-,-,-,1
총범죄,지능범죄,직무유기,유원지,1,1,2,4,3,-,1,4,3,3,2,-
총범죄,지능범죄,직무유기,학교,8,13,15,4,11,16,12,11,9,8,21,13
총범죄,지능범죄,직무유기,금융기관,1,1,3,2,1,3,1,2,-,1,4,4
총범죄,지능범죄,직무유기,의료기관,1,3,8,7,2,-,4,9,2,4,6,9
총범죄,지능범죄,직무유기,종교기관,-,2,-,2,1,-,-,2,-,-,-,2
총범죄,지능범죄,직무유기,산야,12,8,17,12,6,14,8,7,5,9,11,11
총범죄,지능범죄,직무유기,해상,1,-,1,1,2,-,-,-,1,-,-,1
총범죄,지능범죄,직무유기,부대,1,-,2,-,1,-,1,-,1,2,3,3
총범죄,지능범죄,직무유기,구금장소,1,3,4,5,5,10,3,7,5,5,6,5
총범죄,지능범죄,직무유기,공지,1,1,-,2,-,-,1,1,-,1,-,-
총범죄,지능범죄,직무유기,주차장,5,3,-,-,1,1,5,-,2,2,1,2
총범죄,지능범죄,직무유기,공중화장실,1,-,-,-,-,-,-,-,-,-,-,-
총범죄,지능범죄,직무유기,PC방,2,-,-,-,-,-,-,-,-,-,1,2
총범죄,지능범죄,직무유기,기타,71,116,96,107,90,110,98,119,142,193,244,490
총범죄,지능범죄,직권남용,아파트 연립다세대,3,4,7,5,9,2,7,8,9,11,14,19
총범죄,지능범죄,직권남용,단독주택,4,3,10,9,12,6,14,11,11,12,16,24
총범죄,지능범죄,직권남용,고속도로,-,1,1,-,1,1,2,1,-,-,-,1
총범죄,지능범죄,직권남용,노상,33,44,45,53,55,70,74,80,96,83,113,184
총범죄,지능범죄,직권남용,백화점,-,-,-,1,1,-,-,-,-,-,-,-
총범죄,지능범죄,직권남용,슈퍼마켓,-,-,1,1,-,-,1,-,-,1,-,1
총범죄,지능범죄,직권남용,편의점,-,-,2,1,-,1,2,1,-,1,4,1
총범죄,지능범죄,직권남용,대형할인매장,-,-,-,-,-,-,-,-,-,-,-,-
총범죄,지능범죄,직권남용,상점,1,3,1,3,2,3,2,4,1,2,5,7
총범죄,지능범죄,직권남용,시장노점,1,1,5,1,5,2,1,6,1,1,3,4
총범죄,지능범죄,직권남용,숙박업소 목욕탕,1,-,-,2,2,3,2,2,1,3,2,4
총범죄,지능범죄,직권남용,유흥접객업소,4,6,9,13,13,5,10,3,9,4,14,29
총범죄,지능범죄,직권남용,사무실,120,139,153,165,193,225,247,339,354,370,426,893
총범죄,지능범죄,직권남용,공장,2,2,2,-,-,4,-,1,-,-,-,3
총범죄,지능범죄,직권남용,공사장광산,2,1,-,2,-,1,2,2,-,2,-,1
총범죄,지능범죄,직권남용,창고,1,-,-,-,-,-,-,-,1,-,-,1
총범죄,지능범죄,직권남용,역대합실,2,2,-,-,-,5,1,3,3,2,2,1
총범죄,지능범죄,직권남용,지하철,-,-,-,1,-,-,1,2,-,1,-,-
총범죄,지능범죄,직권남용,기타교통수단내,1,2,6,1,3,3,1,3,1,3,4,7
총범죄,지능범죄,직권남용,흥행장,-,-,1,2,2,-,-,1,1,-,-,-
총범죄,지능범죄,직권남용,유원지,1,2,3,4,-,2,1,1,4,1,-,2
총범죄,지능범죄,직권남용,학교,2,6,5,6,12,10,9,16,12,20,14,15
총범죄,지능범죄,직권남용,금융기관,-,-,-,2,1,2,-,-,4,2,4,2
총범죄,지능범죄,직권남용,의료기관,-,3,-,4,-,4,5,6,8,4,9,12
총범죄,지능범죄,직권남용,종교기관,1,1,1,-,-,-,1,1,-,2,2,2
총범죄,지능범죄,직권남용,산야,5,4,9,7,1,5,6,4,4,2,6,3
총범죄,지능범죄,직권남용,해상,-,-,-,1,1,-,-,-,-,1,-,1
총범죄,지능범죄,직권남용,부대,-,-,-,-,-,-,-,2,1,1,-,3
총범죄,지능범죄,직권남용,구금장소,2,3,3,6,5,5,7,3,2,9,8,8
총범죄,지능범죄,직권남용,공지,1,1,-,-,1,-,1,-,-,-,-,-
총범죄,지능범죄,직권남용,주차장,-,1,1,2,2,2,6,3,8,4,2,10
총범죄,지능범죄,직권남용,공중화장실,-,-,1,-,-,-,-,-,1,-,-,-
총범죄,지능범죄,직권남용,PC방,-,-,-,1,-,1,-,-,-,-,-,-
총범죄,지능범죄,직권남용,기타,39,47,59,71,80,75,91,100,142,182,227,554
총범죄,지능범죄,증수뢰,아파트 연립다세대,1,2,3,-,-,2,1,3,2,-,3,4
총범죄,지능범죄,증수뢰,단독주택,7,5,3,2,1,5,1,3,2,5,3,4
총범죄,지능범죄,증수뢰,고속도로,1,-,1,1,-,-,-,1,-,-,-,-
총범죄,지능범죄,증수뢰,노상,28,15,18,21,16,24,26,18,15,13,17,18
총범죄,지능범죄,증수뢰,백화점,-,-,-,-,-,-,-,-,-,-,-,-
총범죄,지능범죄,증수뢰,슈퍼마켓,-,-,-,-,-,-,-,-,-,1,1,-
총범죄,지능범죄,증수뢰,편의점,-,-,-,-,-,-,-,-,-,-,-,-
총범죄,지능범죄,증수뢰,대형할인매장,-,-,-,-,-,-,-,-,-,-,-,-
총범죄,지능범죄,증수뢰,상점,8,4,1,-,1,1,-,6,2,1,1,1
총범죄,지능범죄,증수뢰,시장노점,-,-,-,1,1,-,1,4,2,1,2,1
총범죄,지능범죄,증수뢰,숙박업소 목욕탕,92,3,-,4,-,1,2,3,2,1,3,-
총범죄,지능범죄,증수뢰,유흥접객업소,31,26,25,28,27,19,30,27,25,18,18,11
총범죄,지능범죄,증수뢰,사무실,257,214,124,131,116,132,169,136,109,130,103,115
총범죄,지능범죄,증수뢰,공장,1,1,-,-,-,2,2,-,3,1,-,-
총범죄,지능범죄,증수뢰,공사장광산,1,2,5,3,1,-,5,2,2,2,2,1
총범죄,지능범죄,증수뢰,창고,1,-,-,-,-,-,-,-,-,-,-,-
총범죄,지능범죄,증수뢰,역대합실,3,-,1,3,-,1,-,-,-,-,-,1
총범죄,지능범죄,증수뢰,지하철,-,-,-,-,-,-,-,-,-,-,-,-
총범죄,지능범죄,증수뢰,기타교통수단내,3,1,1,-,5,-,2,3,-,1,-,-
총범죄,지능범죄,증수뢰,흥행장,5,-,-,-,1,1,1,2,2,2,4,2
총범죄,지능범죄,증수뢰,유원지,1,1,3,-,1,-,1,1,1,2,4,1
총범죄,지능범죄,증수뢰,학교,23,7,5,-,9,6,7,16,17,26,8,20
총범죄,지능범죄,증수뢰,금융기관,25,10,2,5,5,2,2,4,3,2,-,3
총범죄,지능범죄,증수뢰,의료기관,-,2,3,1,1,1,5,8,3,2,3,4
총범죄,지능범죄,증수뢰,종교기관,1,1,1,-,-,2,-,2,-,-,-,-
총범죄,지능범죄,증수뢰,산야,1,-,-,-,2,-,2,1,1,1,1,2
총범죄,지능범죄,증수뢰,해상,-,-,-,-,-,-,-,32,-,-,-,-
총범죄,지능범죄,증수뢰,부대,3,-,2,-,-,-,-,-,1,2,2,1
총범죄,지능범죄,증수뢰,구금장소,-,-,-,-,-,-,-,-,-,-,-,-
총범죄,지능범죄,증수뢰,공지,1,-,-,-,-,-,-,-,-,-,-,-
총범죄,지능범죄,증수뢰,주차장,8,2,4,3,8,4,-,7,2,4,3,1
총범죄,지능범죄,증수뢰,공중화장실,-,-,-,-,-,-,-,-,-,-,-,-
총범죄,지능범죄,증수뢰,PC방,-,-,-,-,-,-,-,-,-,-,-,-
총범죄,지능범죄,증수뢰,기타,84,61,51,48,52,57,55,68,66,74,224,130
총범죄,지능범죄,통화,아파트 연립다세대,5,5,6,3,4,5,1,2,4,2,2,3
총범죄,지능범죄,통화,단독주택,19,2,10,6,9,3,5,3,2,3,4,1
총범죄,지능범죄,통화,고속도로,3,2,7,4,2,1,4,3,1,2,-,-
총범죄,지능범죄,통화,노상,93,96,101,87,62,40,95,49,47,29,14,15
총범죄,지능범죄,통화,백화점,6,1,3,1,-,1,3,4,2,1,-,-
총범죄,지능범죄,통화,슈퍼마켓,114,90,96,61,34,23,43,32,22,22,1,10
총범죄,지능범죄,통화,편의점,62,90,98,75,71,45,88,42,39,19,18,13
총범죄,지능범죄,통화,대형할인매장,25,12,7,4,1,-,5,-,3,-,-,-
총범죄,지능범죄,통화,상점,203,141,163,82,52,47,72,50,53,32,19,23
총범죄,지능범죄,통화,시장노점,139,123,83,26,26,18,62,33,32,12,9,14
총범죄,지능범죄,통화,숙박업소 목욕탕,8,13,14,6,4,3,1,2,6,5,2,-
총범죄,지능범죄,통화,유흥접객업소,75,48,57,32,18,15,24,27,27,11,17,5
총범죄,지능범죄,통화,사무실,210,269,174,110,46,36,65,33,30,14,16,13
총범죄,지능범죄,통화,공장,-,-,-,-,-,-,-,-,-,-,-,-
총범죄,지능범죄,통화,공사장광산,-,-,-,-,-,-,-,-,-,-,-,-
총범죄,지능범죄,통화,창고,-,-,-,-,-,-,-,-,-,-,-,-
총범죄,지능범죄,통화,역대합실,19,10,13,10,7,3,12,2,5,3,-,2
총범죄,지능범죄,통화,지하철,1,1,-,2,-,-,-,-,-,-,-,-
총범죄,지능범죄,통화,기타교통수단내,17,20,26,18,7,7,3,2,3,4,11,4
총범죄,지능범죄,통화,흥행장,3,1,3,5,2,1,3,1,-,-,-,-
총범죄,지능범죄,통화,유원지,17,26,9,3,1,2,2,5,2,-,-,-
총범죄,지능범죄,통화,학교,4,-,-,-,-,3,1,-,-,1,1,-
총범죄,지능범죄,통화,금융기관,5417,5286,2517,1428,953,975,1428,725,547,365,205,254
총범죄,지능범죄,통화,의료기관,13,10,12,8,1,3,9,3,5,4,-,2
총범죄,지능범죄,통화,종교기관,5,4,1,1,-,1,4,-,2,-,1,1
총범죄,지능범죄,통화,산야,-,-,-,1,-,1,-,-,-,-,-,-
총범죄,지능범죄,통화,해상,-,-,-,-,-,-,-,-,1,-,-,-
총범죄,지능범죄,통화,부대,1,-,1,-,-,-,-,-,-,-,-,-
총범죄,지능범죄,통화,구금장소,-,-,-,-,-,-,-,-,-,-,-,-
총범죄,지능범죄,통화,공지,-,-,-,-,-,-,-,-,-,-,-,-
총범죄,지능범죄,통화,주차장,3,-,2,-,2,2,2,-,-,-,-,-
총범죄,지능범죄,통화,공중화장실,-,-,-,-,-,-,-,-,-,-,-,-
총범죄,지능범죄,통화,PC방,9,5,8,10,2,-,4,-,1,-,-,-
총범죄,지능범죄,통화,기타,1429,1948,463,787,518,576,858,176,146,97,56,92
총범죄,지능범죄,문서·인장,아파트 연립다세대,298,237,277,256,281,216,215,228,237,307,206,255
총범죄,지능범죄,문서·인장,단독주택,636,518,562,398,389,382,320,292,294,289,256,228
총범죄,지능범죄,문서·인장,고속도로,6,16,11,14,11,11,15,9,18,10,15,17
총범죄,지능범죄,문서·인장,노상,426,371,529,519,684,761,608,627,667,689,697,780
총범죄,지능범죄,문서·인장,백화점,2,3,9,6,6,3,1,5,4,1,2,3
총범죄,지능범죄,문서·인장,슈퍼마켓,24,30,48,33,27,28,26,29,27,20,10,11
총범죄,지능범죄,문서·인장,편의점,86,156,196,183,205,266,182,257,230,192,125,213
총범죄,지능범죄,문서·인장,대형할인매장,5,7,12,75,21,7,6,7,9,9,5,11
총범죄,지능범죄,문서·인장,상점,238,330,513,584,570,624,351,328,321,342,248,242
총범죄,지능범죄,문서·인장,시장노점,75,72,137,155,116,110,83,99,97,76,67,58
총범죄,지능범죄,문서·인장,숙박업소 목욕탕,55,34,58,25,38,27,20,27,37,28,35,36
총범죄,지능범죄,문서·인장,유흥접객업소,274,301,328,276,259,275,275,389,440,378,145,223
총범죄,지능범죄,문서·인장,사무실,8045,6862,7726,6758,6420,5431,5598,4547,4704,4257,3829,3519
총범죄,지능범죄,문서·인장,공장,42,28,53,81,50,45,43,19,31,18,17,17
총범죄,지능범죄,문서·인장,공사장광산,40,48,34,32,37,31,35,35,48,22,26,9
총범죄,지능범죄,문서·인장,창고,-,1,1,4,3,3,4,3,-,1,4,-
총범죄,지능범죄,문서·인장,역대합실,43,41,19,23,20,28,14,14,20,7,12,7
총범죄,지능범죄,문서·인장,지하철,5,2,3,1,-,-,-,-,1,-,1,-
총범죄,지능범죄,문서·인장,기타교통수단내,64,61,105,6,9,7,1,6,5,9,4,3
총범죄,지능범죄,문서·인장,흥행장,92,82,83,44,38,46,38,25,5,3,2,4
총범죄,지능범죄,문서·인장,유원지,7,5,8,7,11,5,10,5,12,7,4,7
총범죄,지능범죄,문서·인장,학교,37,28,44,35,46,53,28,26,31,41,25,26
총범죄,지능범죄,문서·인장,금융기관,339,282,358,315,272,191,149,182,179,139,125,98
총범죄,지능범죄,문서·인장,의료기관,477,104,146,119,90,82,80,83,83,80,63,86
총범죄,지능범죄,문서·인장,종교기관,29,19,35,31,41,43,41,35,30,19,19,13
총범죄,지능범죄,문서·인장,산야,22,17,15,13,29,24,18,13,15,21,23,17
총범죄,지능범죄,문서·인장,해상,13,36,2,4,250,40,388,1305,34,50,157,95
총범죄,지능범죄,문서·인장,부대,4,7,11,3,6,8,13,12,10,10,2,16
총범죄,지능범죄,문서·인장,구금장소,-,-,1,2,1,1,-,-,2,3,1,1
총범죄,지능범죄,문서·인장,공지,4,3,2,1,2,-,2,1,-,1,-,1
총범죄,지능범죄,문서·인장,주차장,13,13,25,26,38,73,34,83,89,86,52,92
총범죄,지능범죄,문서·인장,공중화장실,1,1,1,-,-,-,2,-,-,-,-,-
총범죄,지능범죄,문서·인장,PC방,42,28,63,27,31,28,20,27,22,17,14,23
총범죄,지능범죄,문서·인장,기타,3504,4650,3970,4385,4545,4446,3832,3572,3641,4401,4281,5148
총범죄,지능범죄,유가증권인지,아파트 연립다세대,7,3,7,-,4,-,1,-,2,1,-,-
총범죄,지능범죄,유가증권인지,단독주택,11,4,6,4,8,5,1,3,2,-,-,-
총범죄,지능범죄,유가증권인지,고속도로,-,1,-,-,-,1,-,-,-,-,-,-
총범죄,지능범죄,유가증권인지,노상,25,12,24,13,5,11,2,5,5,5,1,4
총범죄,지능범죄,유가증권인지,백화점,1,1,-,-,1,1,-,-,-,-,-,1
총범죄,지능범죄,유가증권인지,슈퍼마켓,8,5,5,2,2,-,4,5,1,1,2,-
총범죄,지능범죄,유가증권인지,편의점,20,-,14,3,3,1,-,6,2,1,3,-
총범죄,지능범죄,유가증권인지,대형할인매장,1,-,-,-,-,-,1,1,-,-,1,-
총범죄,지능범죄,유가증권인지,상점,27,5,13,6,5,3,7,8,12,2,1,1
총범죄,지능범죄,유가증권인지,시장노점,6,2,8,8,2,1,1,2,3,2,1,1
총범죄,지능범죄,유가증권인지,숙박업소 목욕탕,6,7,4,2,1,1,-,4,2,-,2,-
총범죄,지능범죄,유가증권인지,유흥접객업소,23,15,15,10,10,5,7,8,1,4,-,2
총범죄,지능범죄,유가증권인지,사무실,290,197,170,134,103,82,84,87,44,31,17,11
총범죄,지능범죄,유가증권인지,공장,2,3,1,2,2,2,1,1,-,1,-,-
총범죄,지능범죄,유가증권인지,공사장광산,1,4,2,-,1,1,-,-,1,-,-,-
총범죄,지능범죄,유가증권인지,창고,-,-,-,-,-,-,-,-,-,-,-,-
총범죄,지능범죄,유가증권인지,역대합실,3,-,-,1,1,-,-,-,1,-,-,-
총범죄,지능범죄,유가증권인지,지하철,-,-,-,-,-,-,-,-,-,-,-,-
총범죄,지능범죄,유가증권인지,기타교통수단내,4,3,5,-,-,-,-,-,-,-,-,-
총범죄,지능범죄,유가증권인지,흥행장,2,4,3,2,-,-,-,1,-,-,-,-
총범죄,지능범죄,유가증권인지,유원지,1,-,3,-,1,-,-,-,2,-,1,-
총범죄,지능범죄,유가증권인지,학교,-,-,-,-,-,-,-,-,-,-,-,-
총범죄,지능범죄,유가증권인지,금융기관,108,56,57,50,38,18,21,12,11,9,6,17
총범죄,지능범죄,유가증권인지,의료기관,2,1,3,2,-,-,1,-,-,-,-,-
총범죄,지능범죄,유가증권인지,종교기관,1,-,-,-,-,-,-,-,-,-,-,-
총범죄,지능범죄,유가증권인지,산야,-,-,-,1,-,-,-,-,-,-,-,-
총범죄,지능범죄,유가증권인지,해상,-,-,-,-,-,-,-,-,-,-,-,-
총범죄,지능범죄,유가증권인지,부대,-,-,-,-,-,-,-,-,-,-,-,-
총범죄,지능범죄,유가증권인지,구금장소,-,-,-,-,-,-,-,-,-,-,-,-
총범죄,지능범죄,유가증권인지,공지,-,-,-,-,-,-,-,-,-,-,-,-
총범죄,지능범죄,유가증권인지,주차장,1,-,1,-,1,-,1,-,2,-,-,-
총범죄,지능범죄,유가증권인지,공중화장실,-,-,-,-,-,-,-,-,-,-,-,-
총범죄,지능범죄,유가증권인지,PC방,1,1,-,1,-,-,-,-,-,-,-,-
총범죄,지능범죄,유가증권인지,기타,252,184,115,119,94,87,85,54,49,27,28,21
총범죄,지능범죄,사기,아파트 연립다세대,7925,7927,11575,9817,9629,9307,8389,9467,10537,12365,10071,9443
총범죄,지능범죄,사기,단독주택,15458,16013,22223,17487,17561,15443,14699,16079,18015,18366,12618,12024
총범죄,지능범죄,사기,고속도로,90,103,109,86,120,190,524,596,865,1161,939,856
총범죄,지능범죄,사기,노상,9331,9172,11976,10727,11521,12471,14547,19529,23413,36460,44667,43369
총범죄,지능범죄,사기,백화점,176,155,168,164,144,141,127,156,129,145,115,130
총범죄,지능범죄,사기,슈퍼마켓,430,397,471,409,438,406,413,447,486,395,354,355
총범죄,지능범죄,사기,편의점,890,703,1194,1223,1062,659,761,732,923,1266,2389,1863
총범죄,지능범죄,사기,대형할인매장,86,112,75,117,76,77,47,68,68,71,67,73
총범죄,지능범죄,사기,상점,8854,6821,8038,5958,6940,6540,4675,6445,5632,5388,4370,5087
총범죄,지능범죄,사기,시장노점,1708,1553,2022,1546,1592,1443,1334,1727,1878,1746,1232,1199
총범죄,지능범죄,사기,숙박업소 목욕탕,1555,1558,1548,1375,1506,1499,1318,1261,1587,1424,1153,1115
총범죄,지능범죄,사기,유흥접객업소,21307,17744,22885,17132,16369,15440,14783,21621,22920,21123,11025,16606
총범죄,지능범죄,사기,사무실,56542,55253,58554,49929,47382,44093,41518,44041,43820,40892,28142,26511
총범죄,지능범죄,사기,공장,1561,2090,2481,1746,1776,1606,1432,1300,1235,1266,884,854
총범죄,지능범죄,사기,공사장광산,1900,2135,2139,2027,2222,2181,2118,2261,2243,2015,1305,1447
총범죄,지능범죄,사기,창고,185,449,369,145,143,149,104,112,137,113,92,81
총범죄,지능범죄,사기,역대합실,353,411,456,297,559,284,386,586,735,441,438,416
총범죄,지능범죄,사기,지하철,16,21,35,26,41,25,54,68,54,78,59,60
총범죄,지능범죄,사기,기타교통수단내,1790,1609,2218,439,508,553,530,1153,1444,1669,1329,1286
총범죄,지능범죄,사기,흥행장,176,175,182,146,111,114,130,136,250,134,156,170
총범죄,지능범죄,사기,유원지,159,163,207,248,349,499,177,243,196,180,176,183
총범죄,지능범죄,사기,학교,341,361,389,368,328,227,287,299,268,233,233,318
총범죄,지능범죄,사기,금융기관,12988,11839,14603,13283,10890,8274,9605,11067,10609,5259,1771,1329
총범죄,지능범죄,사기,의료기관,3052,2554,1760,1994,1698,1694,1780,2210,1791,1741,1516,1286
총범죄,지능범죄,사기,종교기관,294,324,318,297,281,239,211,215,234,194,153,135
총범죄,지능범죄,사기,산야,518,543,555,535,561,453,423,385,414,393,271,284
총범죄,지능범죄,사기,해상,107,84,18,114,510,501,54,257,148,75,33,47
총범죄,지능범죄,사기,부대,24,34,45,37,26,29,15,27,36,47,45,85
총범죄,지능범죄,사기,구금장소,10,10,10,11,18,8,12,12,13,13,12,15
총범죄,지능범죄,사기,공지,35,44,246,31,35,21,23,24,9,16,13,19
총범죄,지능범죄,사기,주차장,402,377,429,328,344,282,338,336,406,821,1326,1188
총범죄,지능범죄,사기,공중화장실,2,2,5,-,2,3,8,7,1,2,6,4
총범죄,지능범죄,사기,PC방,3884,3513,3503,1641,1593,1232,1075,1241,749,402,316,237
총범죄,지능범죄,사기,기타,71321,91117,98276,98726,110958,115530,109592,125921,153227,191781,166799,197773
총범죄,지능범죄,횡령,아파트 연립다세대,605,565,706,775,892,1010,916,1286,1657,1991,2016,2218
총범죄,지능범죄,횡령,단독주택,770,718,718,800,1010,1024,724,832,879,1035,744,759
총범죄,지능범죄,횡령,고속도로,27,27,44,42,55,68,61,127,130,151,102,125
총범죄,지능범죄,횡령,노상,2418,2709,5951,6188,9982,12331,13621,17968,21192,22669,20347,24087
총범죄,지능범죄,횡령,백화점,92,79,159,136,166,193,203,327,396,253,228,261
총범죄,지능범죄,횡령,슈퍼마켓,117,136,263,233,281,322,320,535,578,641,658,785
총범죄,지능범죄,횡령,편의점,140,168,452,405,661,751,764,837,930,989,1013,1217
총범죄,지능범죄,횡령,대형할인매장,53,45,88,47,68,84,98,192,215,214,180,200
총범죄,지능범죄,횡령,상점,753,794,2139,1014,1131,1010,952,2075,1341,1425,1516,2317
총범죄,지능범죄,횡령,시장노점,279,233,358,304,301,349,323,640,731,647,555,652
총범죄,지능범죄,횡령,숙박업소 목욕탕,138,156,186,167,162,175,195,332,380,348,197,291
총범죄,지능범죄,횡령,유흥접객업소,978,859,1296,1074,1181,1174,1267,2220,2236,2002,1020,1455
총범죄,지능범죄,횡령,사무실,8807,9229,8523,8255,8313,6919,6278,6371,5904,5582,3926,3878
총범죄,지능범죄,횡령,공장,429,616,506,560,623,477,379,380,326,311,229,249
총범죄,지능범죄,횡령,공사장광산,351,361,363,365,369,358,321,284,286,206,166,179
총범죄,지능범죄,횡령,창고,76,92,120,103,82,98,99,90,91,91,69,74
총범죄,지능범죄,횡령,역대합실,171,187,475,373,655,892,899,1853,2085,1766,1569,1897
총범죄,지능범죄,횡령,지하철,152,138,249,198,362,467,439,769,835,801,788,987
총범죄,지능범죄,횡령,기타교통수단내,456,612,1154,788,1332,1651,1868,3516,3848,3277,2437,2592
총범죄,지능범죄,횡령,흥행장,53,43,95,61,86,107,100,233,285,142,90,179
총범죄,지능범죄,횡령,유원지,88,132,290,305,546,534,600,969,1159,950,972,1122
총범죄,지능범죄,횡령,학교,167,148,246,137,219,218,219,287,337,184,117,167
총범죄,지능범죄,횡령,금융기관,1098,1006,1019,913,922,758,700,948,908,759,528,517
총범죄,지능범죄,횡령,의료기관,144,152,201,173,195,245,215,364,399,337,313,301
총범죄,지능범죄,횡령,종교기관,80,107,79,100,106,91,66,112,88,72,42,65
총범죄,지능범죄,횡령,산야,102,87,113,100,113,99,96,122,121,130,135,103
총범죄,지능범죄,횡령,해상,12,13,19,15,14,14,60,13,11,57,22,5
총범죄,지능범죄,횡령,부대,7,-,8,9,8,2,6,6,5,3,1,1
총범죄,지능범죄,횡령,구금장소,1,1,3,3,1,2,2,2,1,-,3,1
총범죄,지능범죄,횡령,공지,12,8,13,15,8,4,4,9,8,8,4,5
총범죄,지능범죄,횡령,주차장,231,181,294,307,495,557,591,830,972,930,952,1032
총범죄,지능범죄,횡령,공중화장실,81,90,289,138,313,376,438,1164,1309,1076,900,1068
총범죄,지능범죄,횡령,PC방,146,99,151,110,168,154,142,269,294,236,144,169
총범죄,지능범죄,횡령,기타,7733,11482,8322,12811,15914,17539,17532,9151,8571,9606,8438,11262
총범죄,지능범죄,배임,아파트 연립다세대,145,170,241,243,238,207,155,181,173,175,141,158
총범죄,지능범죄,배임,단독주택,170,136,143,159,118,113,118,85,96,79,46,33
총범죄,지능범죄,배임,고속도로,-,1,-,1,-,1,-,2,2,-,1,-
총범죄,지능범죄,배임,노상,67,73,84,86,91,88,99,135,127,192,151,143
총범죄,지능범죄,배임,백화점,-,2,9,4,3,6,6,4,9,6,7,5
총범죄,지능범죄,배임,슈퍼마켓,3,4,3,4,5,8,7,6,6,5,3,5
총범죄,지능범죄,배임,편의점,1,1,-,2,5,7,2,2,3,4,5,4
총범죄,지능범죄,배임,대형할인매장,2,2,1,1,2,1,2,-,2,4,4,2
총범죄,지능범죄,배임,상점,40,44,79,80,71,407,44,52,55,46,39,45
총범죄,지능범죄,배임,시장노점,34,23,33,43,40,30,30,28,21,21,20,18
총범죄,지능범죄,배임,숙박업소 목욕탕,8,7,15,10,5,6,13,15,15,16,7,8
총범죄,지능범죄,배임,유흥접객업소,104,120,106,111,113,99,81,69,86,59,35,39
총범죄,지능범죄,배임,사무실,2596,2011,2092,2005,1802,1737,1583,1765,1803,1778,1543,1329
총범죄,지능범죄,배임,공장,145,113,308,126,263,152,140,132,124,50,36,41
총범죄,지능범죄,배임,공사장광산,47,30,45,45,34,28,48,43,32,44,22,31
총범죄,지능범죄,배임,창고,10,10,9,9,1,5,7,7,3,7,1,-
총범죄,지능범죄,배임,역대합실,8,4,1,1,3,3,1,4,1,-,-,1
총범죄,지능범죄,배임,지하철,-,-,-,-,-,-,3,-,-,-,-,-
총범죄,지능범죄,배임,기타교통수단내,6,1,4,2,1,-,4,-,4,-,-,1
총범죄,지능범죄,배임,흥행장,3,1,3,6,4,3,3,4,4,4,4,6
총범죄,지능범죄,배임,유원지,4,-,2,1,4,3,2,3,4,4,8,4
총범죄,지능범죄,배임,학교,23,18,13,16,24,16,16,28,23,20,15,19
총범죄,지능범죄,배임,금융기관,132,124,118,127,119,81,90,71,72,66,43,45
총범죄,지능범죄,배임,의료기관,14,11,15,15,26,14,21,12,15,16,17,12
총범죄,지능범죄,배임,종교기관,14,22,12,19,25,23,14,22,15,19,12,16
총범죄,지능범죄,배임,산야,30,35,28,28,26,17,25,24,19,23,7,12
총범죄,지능범죄,배임,해상,-,2,3,-,5,4,3,1,5,1,1,1
총범죄,지능범죄,배임,부대,1,-,3,-,-,-,5,1,-,1,-,2
총범죄,지능범죄,배임,구금장소,-,-,-,-,-,-,-,-,-,-,-,-
총범죄,지능범죄,배임,공지,3,3,-,1,2,1,1,-,-,3,1,1
총범죄,지능범죄,배임,주차장,6,4,5,9,3,7,5,3,2,4,5,1
총범죄,지능범죄,배임,공중화장실,-,-,-,-,-,-,-,-,-,-,-,-
총범죄,지능범죄,배임,PC방,14,8,7,5,6,17,6,7,4,6,1,2
총범죄,지능범죄,배임,기타,1095,1249,1235,1297,1250,1274,1172,1638,1841,1439,1291,1622
총범죄,풍속범죄,소계,아파트 연립다세대,1708,1613,1834,1347,1129,1468,1290,1453,1693,1884,2605,3629
총범죄,풍속범죄,소계,단독주택,4241,2803,3364,2178,2156,2585,1842,2072,1760,1950,2112,2574
총범죄,풍속범죄,소계,고속도로,2,6,5,2,5,6,7,10,6,5,-,9
총범죄,풍속범죄,소계,노상,567,686,1980,2468,2577,1885,2561,2214,2457,2287,2203,2294
총범죄,풍속범죄,소계,백화점,9,11,27,17,35,28,13,28,25,30,36,21
총범죄,풍속범죄,소계,슈퍼마켓,41,37,79,57,75,47,55,56,83,67,52,49
총범죄,풍속범죄,소계,편의점,25,20,71,58,85,76,103,116,122,102,117,80
총범죄,풍속범죄,소계,대형할인매장,16,137,18,93,20,9,7,23,19,24,16,17
총범죄,풍속범죄,소계,상점,522,344,505,424,342,295,335,362,377,291,342,257
총범죄,풍속범죄,소계,시장노점,246,159,243,138,173,147,127,199,192,213,187,157
총범죄,풍속범죄,소계,숙박업소 목욕탕,884,911,1296,1068,826,657,548,761,809,791,661,633
총범죄,풍속범죄,소계,유흥접객업소,2144,2196,2094,1071,836,762,620,818,849,736,526,488
총범죄,풍속범죄,소계,사무실,5019,3048,4267,3324,3068,3272,2076,1959,2062,2602,1996,1171
총범죄,풍속범죄,소계,공장,51,31,45,37,35,28,19,22,23,21,19,13
총범죄,풍속범죄,소계,공사장광산,3,1,1,2,2,1,1,4,2,1,2,3
총범죄,풍속범죄,소계,창고,73,37,43,32,44,43,24,28,23,35,32,30
총범죄,풍속범죄,소계,역대합실,291,357,854,1093,1583,870,1136,873,742,543,493,437
총범죄,풍속범죄,소계,지하철,263,238,441,564,760,533,650,715,674,401,414,417
총범죄,풍속범죄,소계,기타교통수단내,78,100,215,242,348,214,331,407,337,235,375,184
총범죄,풍속범죄,소계,흥행장,178,161,134,73,54,22,23,24,32,27,21,30
총범죄,풍속범죄,소계,유원지,79,73,140,124,163,156,154,199,248,199,205,207
총범죄,풍속범죄,소계,학교,41,44,88,192,144,123,152,243,245,166,168,244
총범죄,풍속범죄,소계,금융기관,12,9,31,22,16,15,11,15,7,12,6,6
총범죄,풍속범죄,소계,의료기관,17,16,49,30,39,32,39,67,55,63,41,50
총범죄,풍속범죄,소계,종교기관,4,9,13,13,15,16,8,9,12,7,5,5
총범죄,풍속범죄,소계,산야,25,15,33,36,36,28,42,34,33,33,39,24
총범죄,풍속범죄,소계,해상,-,1,-,-,-,1,2,1,-,2,4,-
총범죄,풍속범죄,소계,부대,1,-,1,2,1,7,-,7,17,24,14,32
총범죄,풍속범죄,소계,구금장소,-,-,-,1,-,-,1,4,1,-,-,2
총범죄,풍속범죄,소계,공지,3,2,-,1,-,2,1,1,1,3,-,-
총범죄,풍속범죄,소계,주차장,31,29,48,38,73,49,54,41,60,52,45,48
총범죄,풍속범죄,소계,공중화장실,153,218,712,701,685,654,551,1118,1150,1025,822,925
총범죄,풍속범죄,소계,PC방,1180,771,538,526,339,795,366,322,324,246,258,382
총범죄,풍속범죄,소계,기타,10927,10718,8204,9002,8827,11339,9352,5957,6713,8555,9544,12695
총범죄,풍속범죄,성풍속범죄,아파트 연립다세대,1135,1238,1523,1006,745,766,723,1073,1282,1555,2316,3382
총범죄,풍속범죄,성풍속범죄,단독주택,2284,1904,2252,1265,1073,916,785,1043,862,1156,1486,2049
총범죄,풍속범죄,성풍속범죄,고속도로,2,6,5,2,4,5,6,10,6,5,-,9
총범죄,풍속범죄,성풍속범죄,노상,494,621,1895,2271,2440,1766,2491,2159,2362,2182,2132,2214
총범죄,풍속범죄,성풍속범죄,백화점,9,11,26,17,34,28,12,28,24,30,36,20
총범죄,풍속범죄,성풍속범죄,슈퍼마켓,11,18,59,52,69,42,46,47,68,61,45,46
총범죄,풍속범죄,성풍속범죄,편의점,17,19,67,55,77,70,100,116,118,100,114,78
총범죄,풍속범죄,성풍속범죄,대형할인매장,16,136,18,93,20,9,7,23,18,24,15,17
총범죄,풍속범죄,성풍속범죄,상점,57,117,235,171,232,173,190,243,207,182,186,176
총범죄,풍속범죄,성풍속범죄,시장노점,25,64,83,48,65,50,89,125,113,124,130,115
총범죄,풍속범죄,성풍속범죄,숙박업소 목욕탕,701,800,1152,978,644,477,482,670,691,743,611,604
총범죄,풍속범죄,성풍속범죄,유흥접객업소,207,1064,728,369,293,258,278,351,343,267,206,252
총범죄,풍속범죄,성풍속범죄,사무실,2056,1486,2294,1400,1266,709,539,542,364,391,383,267
총범죄,풍속범죄,성풍속범죄,공장,1,3,11,25,1,10,7,2,5,6,4,2
총범죄,풍속범죄,성풍속범죄,공사장광산,-,-,-,1,1,-,-,3,2,1,1,2
총범죄,풍속범죄,성풍속범죄,창고,1,1,2,1,-,3,2,3,1,2,1,1
총범죄,풍속범죄,성풍속범죄,역대합실,288,356,849,1092,1581,869,1136,872,738,541,492,436
총범죄,풍속범죄,성풍속범죄,지하철,263,238,441,564,760,533,650,715,673,401,414,417
총범죄,풍속범죄,성풍속범죄,기타교통수단내,62,83,195,238,348,212,327,405,334,233,373,183
총범죄,풍속범죄,성풍속범죄,흥행장,1,8,35,9,12,8,8,9,13,12,10,7
총범죄,풍속범죄,성풍속범죄,유원지,30,44,84,89,129,130,128,164,191,161,196,166
총범죄,풍속범죄,성풍속범죄,학교,41,42,87,191,143,121,151,243,245,155,168,244
총범죄,풍속범죄,성풍속범죄,금융기관,6,5,25,12,11,9,10,10,5,8,2,5
총범죄,풍속범죄,성풍속범죄,의료기관,14,15,48,30,36,28,36,64,54,61,41,50
총범죄,풍속범죄,성풍속범죄,종교기관,1,4,12,12,13,13,8,7,11,6,4,4
총범죄,풍속범죄,성풍속범죄,산야,1,5,12,6,6,9,4,16,16,14,24,20
총범죄,풍속범죄,성풍속범죄,해상,-,1,-,-,-,-,-,-,-,-,-,-
총범죄,풍속범죄,성풍속범죄,부대,-,-,1,1,1,1,-,2,2,8,7,24
총범죄,풍속범죄,성풍속범죄,구금장소,-,-,-,1,-,-,1,4,1,-,-,2
총범죄,풍속범죄,성풍속범죄,공지,-,1,-,1,-,2,1,1,1,3,-,-
총범죄,풍속범죄,성풍속범죄,주차장,18,16,33,27,68,42,48,32,51,47,42,46
총범죄,풍속범죄,성풍속범죄,공중화장실,153,218,712,700,685,654,551,1118,1150,1025,822,925
총범죄,풍속범죄,성풍속범죄,PC방,462,592,422,214,172,131,128,137,109,91,150,265
총범죄,풍속범죄,성풍속범죄,기타,5025,5819,6079,5742,5290,4675,4868,3921,3085,4902,6558,10622
총범죄,풍속범죄,도박범죄,아파트 연립다세대,573,375,311,341,384,702,567,380,411,329,289,247
총범죄,풍속범죄,도박범죄,단독주택,1957,899,1112,913,1083,1669,1057,1029,898,794,626,525
총범죄,풍속범죄,도박범죄,고속도로,-,-,-,-,1,1,1,-,-,-,-,-
총범죄,풍속범죄,도박범죄,노상,73,65,85,197,137,119,70,55,95,105,71,80
총범죄,풍속범죄,도박범죄,백화점,-,-,1,-,1,-,1,-,1,-,-,1
총범죄,풍속범죄,도박범죄,슈퍼마켓,30,19,20,5,6,5,9,9,15,6,7,3
총범죄,풍속범죄,도박범죄,편의점,8,1,4,3,8,6,3,-,4,2,3,2
총범죄,풍속범죄,도박범죄,대형할인매장,-,1,-,-,-,-,-,-,1,-,1,-
총범죄,풍속범죄,도박범죄,상점,465,227,270,253,110,122,145,119,170,109,156,81
총범죄,풍속범죄,도박범죄,시장노점,221,95,160,90,108,97,38,74,79,89,57,42
총범죄,풍속범죄,도박범죄,숙박업소 목욕탕,183,111,144,90,182,180,66,91,118,48,50,29
총범죄,풍속범죄,도박범죄,유흥접객업소,1937,1132,1366,702,543,504,342,467,506,469,320,236
총범죄,풍속범죄,도박범죄,사무실,2963,1562,1973,1924,1802,2563,1537,1417,1698,2211,1613,904
총범죄,풍속범죄,도박범죄,공장,50,28,34,12,34,18,12,20,18,15,15,11
총범죄,풍속범죄,도박범죄,공사장광산,3,1,1,1,1,1,1,1,-,-,1,1
총범죄,풍속범죄,도박범죄,창고,72,36,41,31,44,40,22,25,22,33,31,29
총범죄,풍속범죄,도박범죄,역대합실,3,1,5,1,2,1,-,1,4,2,1,1
총범죄,풍속범죄,도박범죄,지하철,-,-,-,-,-,-,-,-,1,-,-,-
총범죄,풍속범죄,도박범죄,기타교통수단내,16,17,20,4,-,2,4,2,3,2,2,1
총범죄,풍속범죄,도박범죄,흥행장,177,153,99,64,42,14,15,15,19,15,11,23
총범죄,풍속범죄,도박범죄,유원지,49,29,56,35,34,26,26,35,57,38,9,41
총범죄,풍속범죄,도박범죄,학교,-,2,1,1,1,2,1,-,-,11,-,-
총범죄,풍속범죄,도박범죄,금융기관,6,4,6,10,5,6,1,5,2,4,4,1
총범죄,풍속범죄,도박범죄,의료기관,3,1,1,-,3,4,3,3,1,2,-,-
총범죄,풍속범죄,도박범죄,종교기관,3,5,1,1,2,3,-,2,1,1,1,1
총범죄,풍속범죄,도박범죄,산야,24,10,21,30,30,19,38,18,17,19,15,4
총범죄,풍속범죄,도박범죄,해상,-,-,-,-,-,1,2,1,-,2,4,-
총범죄,풍속범죄,도박범죄,부대,1,-,-,1,-,6,-,5,15,16,7,8
총범죄,풍속범죄,도박범죄,구금장소,-,-,-,-,-,-,-,-,-,-,-,-
총범죄,풍속범죄,도박범죄,공지,3,1,-,-,-,-,-,-,-,-,-,-
총범죄,풍속범죄,도박범죄,주차장,13,13,15,11,5,7,6,9,9,5,3,2
총범죄,풍속범죄,도박범죄,공중화장실,-,-,-,1,-,-,-,-,-,-,-,-
총범죄,풍속범죄,도박범죄,PC방,718,179,116,312,167,664,238,185,215,155,108,117
총범죄,풍속범죄,도박범죄,기타,5902,4899,2125,3260,3537,6664,4484,2036,3628,3653,2986,2073
총범죄,특별경제범죄,소계,아파트 연립다세대,1990,2489,2379,1885,2374,1620,1162,1348,1411,1471,1278,1407
총범죄,특별경제범죄,소계,단독주택,3606,4558,3974,3093,5509,2050,1580,1560,1370,1068,874,943
총범죄,특별경제범죄,소계,고속도로,30,12,25,19,23,9,7,29,38,31,28,23
총범죄,특별경제범죄,소계,노상,3178,3618,4379,4256,4588,3941,3988,4973,5251,4856,4104,4222
총범죄,특별경제범죄,소계,백화점,48,58,94,99,58,51,52,86,83,38,50,40
총범죄,특별경제범죄,소계,슈퍼마켓,250,326,448,447,430,343,272,390,430,500,373,337
총범죄,특별경제범죄,소계,편의점,467,613,1103,1105,1152,1114,1029,1434,1384,1424,1381,1331
총범죄,특별경제범죄,소계,대형할인매장,50,58,71,129,44,24,22,50,61,59,58,52
총범죄,특별경제범죄,소계,상점,1957,2145,2798,2391,2148,1941,1626,2102,2321,2092,2187,2166
총범죄,특별경제범죄,소계,시장노점,933,997,1159,877,880,906,541,882,991,821,686,810
총범죄,특별경제범죄,소계,숙박업소 목욕탕,591,567,883,493,447,446,424,756,749,664,604,549
총범죄,특별경제범죄,소계,유흥접객업소,8323,8446,9745,7483,6918,6309,5947,10373,9263,8417,4825,5888
총범죄,특별경제범죄,소계,사무실,15657,14331,12863,12496,12243,10239,8087,9162,8625,7713,5978,6552
총범죄,특별경제범죄,소계,공장,788,777,1141,725,756,584,507,449,503,497,517,519
총범죄,특별경제범죄,소계,공사장광산,289,301,300,362,303,302,297,386,339,409,355,285
총범죄,특별경제범죄,소계,창고,58,44,51,41,38,35,26,23,28,39,25,30
총범죄,특별경제범죄,소계,역대합실,115,100,175,203,236,179,153,205,226,215,191,159
총범죄,특별경제범죄,소계,지하철,15,21,47,38,32,28,13,25,34,33,17,22
총범죄,특별경제범죄,소계,기타교통수단내,781,902,1369,117,136,142,127,348,353,478,381,419
총범죄,특별경제범죄,소계,흥행장,99,78,91,62,47,42,40,57,59,53,38,43
총범죄,특별경제범죄,소계,유원지,56,62,59,55,89,57,66,90,77,78,57,93
총범죄,특별경제범죄,소계,학교,116,134,126,171,221,132,180,253,192,97,80,70
총범죄,특별경제범죄,소계,금융기관,4467,3454,3203,3011,2478,1713,1580,2012,1918,1068,650,550
총범죄,특별경제범죄,소계,의료기관,437,525,763,623,661,635,568,879,907,791,564,539
총범죄,특별경제범죄,소계,종교기관,66,122,88,110,87,87,79,106,96,82,50,64
총범죄,특별경제범죄,소계,산야,107,103,110,110,100,95,110,111,134,117,112,81
총범죄,특별경제범죄,소계,해상,74,12,4,12,7,9,10,18,14,11,10,12
총범죄,특별경제범죄,소계,부대,1,3,3,4,6,2,3,3,6,2,2,5
총범죄,특별경제범죄,소계,구금장소,-,-,-,-,-,1,-,1,-,-,-,-
총범죄,특별경제범죄,소계,공지,17,7,10,4,8,2,7,3,6,4,5,3
총범죄,특별경제범죄,소계,주차장,135,149,151,111,146,174,156,200,234,216,187,183
총범죄,특별경제범죄,소계,공중화장실,2,4,4,3,5,3,-,3,4,2,4,4
총범죄,특별경제범죄,소계,PC방,950,754,285,249,399,230,162,179,152,127,91,83
총범죄,특별경제범죄,소계,기타,22373,32385,23118,32124,43760,31580,24535,15498,14141,14353,14946,21131
총범죄,마약범죄,소계,아파트 연립다세대,208,214,410,357,455,635,589,622,836,883,963,1209
총범죄,마약범죄,소계,단독주택,866,697,807,891,1155,1446,1594,1350,1674,1982,1430,1938
총범죄,마약범죄,소계,고속도로,11,8,9,7,11,22,10,13,16,5,7,6
총범죄,마약범죄,소계,노상,1068,1177,1180,1307,1676,1746,1745,1288,1774,1771,1719,1880
총범죄,마약범죄,소계,백화점,-,1,-,1,-,1,3,1,1,4,-,-
총범죄,마약범죄,소계,슈퍼마켓,-,-,1,1,5,2,2,4,2,4,1,2
총범죄,마약범죄,소계,편의점,3,2,3,5,9,14,22,23,25,52,17,20
총범죄,마약범죄,소계,대형할인매장,-,1,-,-,-,2,-,-,-,-,-,-
총범죄,마약범죄,소계,상점,64,45,39,41,53,81,70,58,77,139,98,70
총범죄,마약범죄,소계,시장노점,20,23,24,23,18,28,28,17,30,36,30,31
총범죄,마약범죄,소계,숙박업소 목욕탕,595,645,544,574,863,1059,1091,804,818,849,934,920
총범죄,마약범죄,소계,유흥접객업소,169,167,141,144,203,205,198,182,221,221,148,314
총범죄,마약범죄,소계,사무실,165,190,177,231,247,263,212,195,209,207,152,173
총범죄,마약범죄,소계,공장,4,7,6,15,10,22,23,17,42,67,67,46
총범죄,마약범죄,소계,공사장광산,3,3,4,3,3,5,3,1,2,1,2,-
총범죄,마약범죄,소계,창고,4,3,2,4,3,-,7,3,5,3,6,4
총범죄,마약범죄,소계,역대합실,36,51,37,72,84,100,68,58,59,54,55,52
총범죄,마약범죄,소계,지하철,-,1,3,5,4,1,2,4,5,5,1,4
총범죄,마약범죄,소계,기타교통수단내,106,122,147,102,156,169,189,162,144,174,127,112
총범죄,마약범죄,소계,흥행장,4,-,1,3,6,6,-,-,4,3,1,4
총범죄,마약범죄,소계,유원지,22,22,24,21,27,11,28,14,26,17,17,19
총범죄,마약범죄,소계,학교,5,2,2,3,2,3,3,6,3,3,7,6
총범죄,마약범죄,소계,금융기관,12,8,14,26,19,40,73,118,198,221,52,151
총범죄,마약범죄,소계,의료기관,84,110,196,97,94,182,143,144,195,350,311,243
총범죄,마약범죄,소계,종교기관,5,4,-,1,2,4,3,5,6,3,3,2
총범죄,마약범죄,소계,산야,83,79,123,116,164,218,223,227,238,336,278,402
총범죄,마약범죄,소계,해상,1,4,1,-,3,21,27,1,2,-,-,5
총범죄,마약범죄,소계,부대,1,-,7,-,-,-,-,1,1,1,-,2
총범죄,마약범죄,소계,구금장소,-,-,-,-,-,-,-,1,1,-,1,-
총범죄,마약범죄,소계,공지,7,7,3,3,-,3,5,4,2,4,-,6
총범죄,마약범죄,소계,주차장,57,52,49,43,74,113,118,74,110,104,90,102
총범죄,마약범죄,소계,공중화장실,35,31,34,29,52,56,54,29,35,31,26,30
총범죄,마약범죄,소계,PC방,17,18,12,13,14,20,11,8,16,11,5,10
총범죄,마약범죄,소계,기타,505,574,598,687,999,851,957,1079,1261,1645,1540,2568
총범죄,보건범죄,소계,아파트 연립다세대,188,197,240,278,288,836,684,662,1021,1083,1426,958
총범죄,보건범죄,소계,단독주택,268,721,311,290,279,266,309,293,332,638,874,423
총범죄,보건범죄,소계,고속도로,2,1,3,5,1,5,3,3,4,3,5,2
총범죄,보건범죄,소계,노상,501,484,833,750,764,656,699,646,746,983,919,1337
총범죄,보건범죄,소계,백화점,1,5,8,3,-,4,-,3,2,4,1,-
총범죄,보건범죄,소계,슈퍼마켓,36,124,859,142,237,134,47,78,92,75,59,33
총범죄,보건범죄,소계,편의점,7,6,21,10,20,65,56,21,29,41,52,54
총범죄,보건범죄,소계,대형할인매장,9,8,22,18,19,16,5,4,3,5,1,1
총범죄,보건범죄,소계,상점,1405,2662,2555,2008,1320,1190,873,875,948,865,780,851
총범죄,보건범죄,소계,시장노점,828,460,1389,650,601,481,592,459,594,475,454,419
총범죄,보건범죄,소계,숙박업소 목욕탕,253,244,333,260,485,205,148,248,165,280,164,159
총범죄,보건범죄,소계,유흥접객업소,4353,3126,5091,3351,2960,3074,2266,2796,3325,3975,5865,7441
총범죄,보건범죄,소계,사무실,1109,1330,3754,1650,1455,1500,1366,984,1054,1041,841,671
총범죄,보건범죄,소계,공장,146,1447,484,216,263,223,139,56,155,101,384,48
총범죄,보건범죄,소계,공사장광산,10,3,4,7,4,5,2,2,2,1,3,1
총범죄,보건범죄,소계,창고,16,24,130,45,87,94,47,4,16,19,4,7
총범죄,보건범죄,소계,역대합실,4,7,20,13,4,16,12,7,6,11,9,15
총범죄,보건범죄,소계,지하철,-,1,3,1,2,2,2,-,-,4,-,-
총범죄,보건범죄,소계,기타교통수단내,152,120,196,6,469,6,3,3,4,4,7,4
총범죄,보건범죄,소계,흥행장,3,-,16,12,4,2,19,20,29,15,29,70
총범죄,보건범죄,소계,유원지,14,30,25,18,27,25,18,16,16,20,49,47
총범죄,보건범죄,소계,학교,4,12,13,11,6,2,5,4,8,10,7,9
총범죄,보건범죄,소계,금융기관,1,2,5,2,4,4,8,5,2,3,7,4
총범죄,보건범죄,소계,의료기관,989,951,950,1168,1167,1096,1373,1419,1544,1161,964,977
총범죄,보건범죄,소계,종교기관,10,23,16,12,7,10,17,10,3,76,59,13
총범죄,보건범죄,소계,산야,84,62,76,95,98,148,105,110,53,60,85,113
총범죄,보건범죄,소계,해상,1,11,8,2,3,495,1,-,-,287,2,-
총범죄,보건범죄,소계,부대,4,-,-,1,-,2,-,1,4,-,-,-
총범죄,보건범죄,소계,구금장소,-,-,-,1,2,-,-,1,-,-,1,-
총범죄,보건범죄,소계,공지,21,11,6,2,3,6,2,5,3,2,2,2
총범죄,보건범죄,소계,주차장,16,19,34,25,33,25,32,19,26,22,15,19
총범죄,보건범죄,소계,공중화장실,2,-,-,1,-,2,-,-,-,-,-,1
총범죄,보건범죄,소계,PC방,29,40,19,11,10,40,9,7,21,64,41,150
총범죄,보건범죄,소계,기타,3617,4669,2959,3593,3980,4027,3719,2272,2363,3267,3827,3920
총범죄,환경범죄,소계,아파트 연립다세대,4,6,7,5,1,11,12,8,8,11,12,12
총범죄,환경범죄,소계,단독주택,15,26,26,26,23,24,25,19,35,14,19,19
총범죄,환경범죄,소계,고속도로,2,2,-,1,1,2,4,4,4,2,3,2
총범죄,환경범죄,소계,노상,286,217,321,245,272,322,369,422,520,589,599,628
총범죄,환경범죄,소계,백화점,-,1,1,-,-,-,-,-,-,-,1,-
총범죄,환경범죄,소계,슈퍼마켓,1,1,-,-,-,-,-,-,-,6,1,-
총범죄,환경범죄,소계,편의점,1,-,-,-,-,-,-,-,-,-,-,-
총범죄,환경범죄,소계,대형할인매장,-,-,-,-,-,-,-,-,-,-,-,1
총범죄,환경범죄,소계,상점,16,29,37,29,37,29,50,33,44,20,43,33
총범죄,환경범죄,소계,시장노점,8,1,4,5,9,7,14,13,9,4,5,8
총범죄,환경범죄,소계,숙박업소 목욕탕,2,6,5,6,34,18,7,7,2,4,5,6
총범죄,환경범죄,소계,유흥접객업소,47,33,53,56,67,63,71,74,190,4,2,4
총범죄,환경범죄,소계,사무실,60,66,634,102,110,144,171,161,173,140,168,111
총범죄,환경범죄,소계,공장,531,628,961,739,699,814,846,751,818,694,832,581
총범죄,환경범죄,소계,공사장광산,175,160,258,184,177,347,422,430,448,368,262,270
총범죄,환경범죄,소계,창고,69,8,10,15,10,13,11,10,31,26,24,17
총범죄,환경범죄,소계,역대합실,33,43,19,10,11,18,16,15,5,3,6,12
총범죄,환경범죄,소계,지하철,-,-,-,-,-,-,-,-,-,-,1,-
총범죄,환경범죄,소계,기타교통수단내,12,19,18,10,25,11,13,8,20,10,18,146
총범죄,환경범죄,소계,흥행장,4,1,7,3,-,3,4,5,9,3,13,8
총범죄,환경범죄,소계,유원지,-,5,1,1,1,3,3,10,4,4,5,5
총범죄,환경범죄,소계,학교,1,6,4,1,1,4,1,4,2,3,2,3
총범죄,환경범죄,소계,금융기관,-,1,-,-,-,-,-,-,-,-,-,-
총범죄,환경범죄,소계,의료기관,1,5,12,72,41,10,13,13,21,8,7,9
총범죄,환경범죄,소계,종교기관,1,1,3,-,-,-,2,1,2,-,1,-
총범죄,환경범죄,소계,산야,366,198,253,201,224,244,261,275,326,305,228,204
총범죄,환경범죄,소계,해상,224,705,321,205,543,1508,1637,633,324,389,170,183
총범죄,환경범죄,소계,부대,-,1,-,-,-,1,2,-,1,2,-,-
총범죄,환경범죄,소계,구금장소,-,-,-,-,-,-,-,-,-,-,-,-
총범죄,환경범죄,소계,공지,29,28,11,12,11,20,20,19,27,10,13,15
총범죄,환경범죄,소계,주차장,1,2,4,4,3,9,3,8,7,7,9,2
총범죄,환경범죄,소계,공중화장실,-,-,-,-,-,-,-,-,-,-,-,-
총범죄,환경범죄,소계,PC방,1,-,-,-,-,-,-,-,-,-,-,-
총범죄,환경범죄,소계,기타,759,929,1165,604,655,724,902,1868,847,942,1207,1198
총범죄,교통범죄,소계,아파트 연립다세대,134,80,134,105,124,96,80,101,104,114,105,106
총범죄,교통범죄,소계,단독주택,40,18,33,34,41,40,36,34,27,45,38,37
총범죄,교통범죄,소계,고속도로,2133,3052,2519,2578,2727,3516,4881,4408,5163,4154,5327,7471
총범죄,교통범죄,소계,노상,524351,526938,567776,562472,584632,587582,488787,401095,369771,342058,300530,230183
총범죄,교통범죄,소계,백화점,-,2,2,1,-,1,-,1,-,-,1,-
총범죄,교통범죄,소계,슈퍼마켓,6,3,4,3,3,5,3,2,2,1,1,2
총범죄,교통범죄,소계,편의점,2,3,1,1,5,5,3,3,6,4,4,3
총범죄,교통범죄,소계,대형할인매장,2,1,1,1,-,-,-,3,2,1,-,-
총범죄,교통범죄,소계,상점,42,32,58,38,45,39,30,32,42,29,36,48
총범죄,교통범죄,소계,시장노점,62,40,44,55,102,80,55,103,91,59,79,53
총범죄,교통범죄,소계,숙박업소 목욕탕,10,9,8,6,10,4,4,10,5,4,7,7
총범죄,교통범죄,소계,유흥접객업소,15,8,15,5,11,9,7,8,10,19,14,14
총범죄,교통범죄,소계,사무실,161,69,79,76,191,83,56,73,76,63,74,76
총범죄,교통범죄,소계,공장,8,7,17,14,16,7,8,110,28,31,9,10
총범죄,교통범죄,소계,공사장광산,14,19,25,30,20,19,33,30,18,23,21,21
총범죄,교통범죄,소계,창고,2,-,3,1,3,2,2,6,5,2,3,1
총범죄,교통범죄,소계,역대합실,23,23,14,14,16,16,9,11,9,39,7,10
총범죄,교통범죄,소계,지하철,-,-,-,-,-,1,-,-,1,1,-,4
총범죄,교통범죄,소계,기타교통수단내,77,49,49,39,47,56,51,77,91,60,63,62
총범죄,교통범죄,소계,흥행장,-,4,2,2,-,4,5,6,-,3,4,3
총범죄,교통범죄,소계,유원지,9,6,11,12,14,5,12,8,10,13,9,6
총범죄,교통범죄,소계,학교,20,8,9,10,9,3,2,9,11,6,4,6
총범죄,교통범죄,소계,금융기관,-,2,-,2,-,1,-,1,-,1,1,-
총범죄,교통범죄,소계,의료기관,23,11,11,14,16,12,9,11,7,11,3,7
총범죄,교통범죄,소계,종교기관,5,1,4,2,4,-,3,4,1,3,3,1
총범죄,교통범죄,소계,산야,39,26,40,49,63,60,48,54,44,49,56,51
총범죄,교통범죄,소계,해상,228,179,114,100,118,97,103,213,125,119,132,64
총범죄,교통범죄,소계,부대,1,-,1,-,2,-,-,-,-,3,1,-
총범죄,교통범죄,소계,구금장소,-,-,-,-,-,-,-,-,-,-,-,-
총범죄,교통범죄,소계,공지,8,6,4,3,4,6,4,4,3,4,1,3
총범죄,교통범죄,소계,주차장,706,952,1593,1617,1901,1592,1115,797,768,826,769,692
총범죄,교통범죄,소계,공중화장실,-,-,1,-,-,-,1,-,1,-,-,-
총범죄,교통범죄,소계,PC방,6,-,-,-,-,-,-,-,-,-,-,-
총범죄,교통범죄,소계,기타,8040,11236,881,6209,6541,7060,5815,1157,933,980,1332,2088
총범죄,노동범죄,소계,아파트 연립다세대,13,20,18,10,4,7,16,12,3,8,3,2
총범죄,노동범죄,소계,단독주택,29,27,20,12,3,27,10,19,12,8,5,1
총범죄,노동범죄,소계,고속도로,-,-,1,-,-,-,-,-,-,-,-,1
총범죄,노동범죄,소계,노상,137,102,109,76,108,57,58,58,40,23,21,26
총범죄,노동범죄,소계,백화점,-,-,-,-,-,1,-,2,-,-,-,-
총범죄,노동범죄,소계,슈퍼마켓,1,-,-,1,-,-,5,4,-,-,-,-
총범죄,노동범죄,소계,편의점,-,2,2,4,3,5,3,2,2,1,1,3
총범죄,노동범죄,소계,대형할인매장,-,-,-,-,-,-,-,-,-,-,-,-
총범죄,노동범죄,소계,상점,8,43,2,4,4,6,11,9,4,4,1,5
총범죄,노동범죄,소계,시장노점,13,7,9,8,4,8,3,4,2,1,4,2
총범죄,노동범죄,소계,숙박업소 목욕탕,7,1,8,13,4,9,6,5,5,3,10,2
총범죄,노동범죄,소계,유흥접객업소,355,216,282,154,167,166,141,155,127,53,44,37
총범죄,노동범죄,소계,사무실,499,481,538,424,529,1571,1956,615,126,98,134,124
총범죄,노동범죄,소계,공장,42,33,31,93,42,45,72,34,14,13,19,14
총범죄,노동범죄,소계,공사장광산,8,17,18,21,23,51,56,25,11,7,7,6
총범죄,노동범죄,소계,창고,-,-,-,-,-,-,-,-,-,-,-,-
총범죄,노동범죄,소계,역대합실,48,2,401,326,2,4,-,4,1,1,-,-
총범죄,노동범죄,소계,지하철,-,-,-,-,-,-,-,-,-,-,1,-
총범죄,노동범죄,소계,기타교통수단내,13,17,22,1,2,6,10,5,7,9,1,10
총범죄,노동범죄,소계,흥행장,2,2,-,-,1,-,6,-,-,-,-,1
총범죄,노동범죄,소계,유원지,-,-,-,-,-,-,-,2,-,-,-,-
총범죄,노동범죄,소계,학교,1,3,2,3,2,-,-,4,3,1,4,-
총범죄,노동범죄,소계,금융기관,1,2,-,1,1,2,1,-,-,-,-,-
총범죄,노동범죄,소계,의료기관,1,2,4,3,6,5,10,4,3,2,3,3
총범죄,노동범죄,소계,종교기관,1,-,1,-,-,-,1,-,-,1,-,-
총범죄,노동범죄,소계,산야,6,2,2,2,2,4,1,14,8,2,3,6
총범죄,노동범죄,소계,해상,3,14,11,3,6,69,8,13,460,14,4,277
총범죄,노동범죄,소계,부대,-,-,-,-,-,-,-,-,-,-,-,-
총범죄,노동범죄,소계,구금장소,-,-,-,-,-,-,-,-,-,1,-,-
총범죄,노동범죄,소계,공지,-,-,-,-,-,-,-,-,-,-,-,-
총범죄,노동범죄,소계,주차장,3,-,-,-,1,1,1,-,-,-,-,-
총범죄,노동범죄,소계,공중화장실,-,-,-,-,-,-,-,-,-,-,-,-
총범죄,노동범죄,소계,PC방,5,18,1,-,-,-,2,-,-,-,-,-
총범죄,노동범죄,소계,기타,388,380,239,149,231,413,485,893,147,106,141,194
총범죄,안보범죄,소계,아파트 연립다세대,10,8,5,6,3,7,4,6,6,3,2,3
총범죄,안보범죄,소계,단독주택,18,13,9,9,10,4,14,5,8,7,6,7
총범죄,안보범죄,소계,고속도로,-,-,-,-,-,-,-,-,-,-,-,1
총범죄,안보범죄,소계,노상,14,4,19,7,25,11,10,15,33,42,32,30
총범죄,안보범죄,소계,백화점,-,-,-,-,-,-,-,-,-,-,-,-
총범죄,안보범죄,소계,슈퍼마켓,-,1,-,1,-,-,-,-,-,-,-,-
총범죄,안보범죄,소계,편의점,-,-,-,-,1,-,-,-,-,-,1,1
총범죄,안보범죄,소계,대형할인매장,-,-,-,-,1,-,-,-,-,-,-,-
총범죄,안보범죄,소계,상점,1,-,-,1,-,-,-,1,-,1,-,1
총범죄,안보범죄,소계,시장노점,-,-,-,-,-,-,1,-,-,-,-,-
총범죄,안보범죄,소계,숙박업소 목욕탕,-,4,2,-,3,1,-,2,-,-,3,3
총범죄,안보범죄,소계,유흥접객업소,3,-,2,3,2,1,2,1,2,1,4,3
총범죄,안보범죄,소계,사무실,14,19,18,14,15,22,20,7,27,56,49,76
총범죄,안보범죄,소계,공장,-,-,-,1,-,1,-,-,-,-,2,-
총범죄,안보범죄,소계,공사장광산,-,-,-,1,-,-,-,-,-,-,-,-
총범죄,안보범죄,소계,창고,-,-,-,-,-,-,-,-,-,-,-,-
총범죄,안보범죄,소계,역대합실,2,-,4,2,2,-,-,1,-,2,-,1
총범죄,안보범죄,소계,지하철,1,-,-,-,-,-,-,-,-,-,-,1
총범죄,안보범죄,소계,기타교통수단내,1,1,-,-,-,1,-,-,-,-,2,1
총범죄,안보범죄,소계,흥행장,-,-,-,-,-,-,-,-,-,1,-,-
총범죄,안보범죄,소계,유원지,-,-,-,-,-,-,2,1,-,-,-,-
총범죄,안보범죄,소계,학교,5,3,6,-,2,2,2,1,-,-,1,1
총범죄,안보범죄,소계,금융기관,-,-,-,-,-,-,-,1,-,3,3,3
총범죄,안보범죄,소계,의료기관,-,-,-,-,-,-,-,-,-,-,-,-
총범죄,안보범죄,소계,종교기관,-,-,2,-,1,-,1,3,-,1,-,3
총범죄,안보범죄,소계,산야,-,-,-,1,-,-,-,-,2,-,-,-
총범죄,안보범죄,소계,해상,-,-,1,-,-,-,-,-,-,-,1,-
총범죄,안보범죄,소계,부대,1,-,-,1,-,1,3,1,-,-,-,-
총범죄,안보범죄,소계,구금장소,-,-,-,-,-,-,-,-,-,-,-,-
총범죄,안보범죄,소계,공지,-,-,-,-,-,-,-,-,-,-,-,-
총범죄,안보범죄,소계,주차장,-,-,-,-,-,-,-,-,-,-,-,-
총범죄,안보범죄,소계,공중화장실,-,-,-,-,-,-,-,-,-,-,-,-
총범죄,안보범죄,소계,PC방,4,3,3,1,1,2,3,1,-,-,1,-
총범죄,안보범죄,소계,기타,57,53,64,36,55,28,36,23,91,99,99,84
총범죄,선거범죄,소계,아파트 연립다세대,9,37,14,101,5,26,8,58,7,17,6,79
총범죄,선거범죄,소계,단독주택,13,31,15,76,141,26,18,70,79,19,6,76
총범죄,선거범죄,소계,고속도로,-,-,-,-,-,-,-,1,-,-,-,-
총범죄,선거범죄,소계,노상,31,292,136,358,102,202,256,421,85,264,101,999
총범죄,선거범죄,소계,백화점,-,1,-,1,-,2,-,-,-,-,-,-
총범죄,선거범죄,소계,슈퍼마켓,-,1,-,1,1,-,-,3,-,-,-,2
총범죄,선거범죄,소계,편의점,-,-,-,1,-,-,-,-,-,-,-,1
총범죄,선거범죄,소계,대형할인매장,-,1,-,-,-,-,-,-,-,-,-,1
총범죄,선거범죄,소계,상점,-,8,2,19,6,8,2,13,4,3,3,7
총범죄,선거범죄,소계,시장노점,4,18,2,18,8,10,8,16,2,15,-,19
총범죄,선거범죄,소계,숙박업소 목욕탕,1,6,1,6,4,3,1,8,-,1,-,3
총범죄,선거범죄,소계,유흥접객업소,14,89,13,121,59,66,10,129,53,36,7,71
총범죄,선거범죄,소계,사무실,62,353,83,591,186,294,125,508,164,181,54,527
총범죄,선거범죄,소계,공장,-,-,-,3,-,1,-,2,1,-,-,-
총범죄,선거범죄,소계,공사장광산,-,2,-,-,-,-,-,-,-,-,-,-
총범죄,선거범죄,소계,창고,-,-,-,-,2,-,1,1,1,-,-,1
총범죄,선거범죄,소계,역대합실,1,10,1,4,1,8,5,4,-,13,1,12
총범죄,선거범죄,소계,지하철,-,2,-,1,-,4,-,1,-,1,-,2
총범죄,선거범죄,소계,기타교통수단내,-,4,1,3,4,2,2,1,4,1,-,2
총범죄,선거범죄,소계,흥행장,1,1,1,5,1,2,-,10,1,1,1,6
총범죄,선거범죄,소계,유원지,2,4,3,18,5,6,4,16,4,9,-,20
총범죄,선거범죄,소계,학교,2,21,12,12,2,12,20,11,2,11,1,27
총범죄,선거범죄,소계,금융기관,4,5,2,14,24,4,1,7,16,1,1,1
총범죄,선거범죄,소계,의료기관,-,7,2,2,6,2,2,1,6,2,-,1
총범죄,선거범죄,소계,종교기관,1,8,1,18,3,9,3,10,5,35,3,17
총범죄,선거범죄,소계,산야,-,2,-,2,6,2,2,-,3,-,-,1
총범죄,선거범죄,소계,해상,-,-,-,-,-,-,-,-,-,-,-,-
총범죄,선거범죄,소계,부대,-,1,-,-,-,-,-,-,-,-,-,-
총범죄,선거범죄,소계,구금장소,-,-,-,-,-,-,-,-,-,-,-,-
총범죄,선거범죄,소계,공지,-,-,1,-,1,-,-,-,-,-,-,-
총범죄,선거범죄,소계,주차장,3,6,-,7,-,1,-,5,4,4,-,10
총범죄,선거범죄,소계,공중화장실,-,-,-,-,-,1,-,-,-,-,-,1
총범죄,선거범죄,소계,PC방,4,7,1,1,-,-,-,1,-,-,-,-
총범죄,선거범죄,소계,기타,60,345,107,491,193,327,172,600,170,215,90,1083
총범죄,병역범죄,소계,아파트 연립다세대,1511,1692,2004,1725,1595,1468,1505,1367,1373,345,128,317
총범죄,병역범죄,소계,단독주택,5216,5327,6044,4789,4267,3663,3344,3083,2441,672,244,411
총범죄,병역범죄,소계,고속도로,-,1,-,-,4,1,-,-,-,-,1,-
총범죄,병역범죄,소계,노상,628,619,776,723,551,511,568,572,463,148,76,212
총범죄,병역범죄,소계,백화점,1,-,-,1,-,-,-,-,1,-,-,-
총범죄,병역범죄,소계,슈퍼마켓,-,2,2,-,-,-,-,1,-,-,-,-
총범죄,병역범죄,소계,편의점,-,-,-,1,-,-,-,-,-,-,-,-
총범죄,병역범죄,소계,대형할인매장,-,1,-,-,-,-,-,-,-,-,-,-
총범죄,병역범죄,소계,상점,8,20,27,43,25,16,18,11,12,4,1,21
총범죄,병역범죄,소계,시장노점,5,10,8,8,7,3,4,5,5,1,-,3
총범죄,병역범죄,소계,숙박업소 목욕탕,88,40,59,62,30,53,50,69,33,10,5,22
총범죄,병역범죄,소계,유흥접객업소,8,10,7,5,7,3,3,3,4,2,-,-
총범죄,병역범죄,소계,사무실,1634,1917,1978,1967,1555,1454,1252,1183,1123,426,248,352
총범죄,병역범죄,소계,공장,10,2,6,1,4,2,6,8,6,1,5,2
총범죄,병역범죄,소계,공사장광산,-,1,1,-,-,-,1,1,-,-,-,-
총범죄,병역범죄,소계,창고,-,-,-,-,-,-,-,-,-,-,-,-
총범죄,병역범죄,소계,역대합실,7,9,16,9,16,11,10,11,3,1,3,5
총범죄,병역범죄,소계,지하철,2,4,4,1,2,-,1,3,3,1,1,-
총범죄,병역범죄,소계,기타교통수단내,3,1,2,4,1,-,-,-,-,1,1,2
총범죄,병역범죄,소계,흥행장,-,5,9,13,2,2,5,6,3,-,-,1
총범죄,병역범죄,소계,유원지,49,88,72,59,66,40,47,43,54,9,6,6
총범죄,병역범죄,소계,학교,18,17,24,15,6,19,16,15,15,8,10,15
총범죄,병역범죄,소계,금융기관,9,4,6,1,-,1,-,2,1,-,-,-
총범죄,병역범죄,소계,의료기관,15,13,24,15,28,11,10,12,6,3,4,7
총범죄,병역범죄,소계,종교기관,3,2,1,5,1,1,2,3,-,-,-,-
총범죄,병역범죄,소계,산야,27,25,37,25,18,10,8,7,8,-,1,-
총범죄,병역범죄,소계,해상,-,-,-,-,-,-,-,-,-,1,-,-
총범죄,병역범죄,소계,부대,4296,4476,5679,4255,3433,2945,2508,2369,1941,401,76,405
총범죄,병역범죄,소계,구금장소,-,-,-,-,-,-,-,-,-,-,-,-
총범죄,병역범죄,소계,공지,16,9,13,7,1,1,10,8,8,3,-,1
총범죄,병역범죄,소계,주차장,-,1,1,-,1,-,-,1,1,-,-,-
총범죄,병역범죄,소계,공중화장실,-,-,-,-,-,-,-,-,-,-,-,-
총범죄,병역범죄,소계,PC방,12,7,2,-,2,2,2,-,-,-,-,-
총범죄,병역범죄,소계,기타,7021,8840,9371,7815,7104,6434,5957,5488,5208,1808,1013,2856
총범죄,기타범죄,소계,아파트 연립다세대,6648,6823,9317,9563,10490,13056,12270,14476,16672,17930,23270,25525
총범죄,기타범죄,소계,단독주택,9458,9327,11368,10863,12185,12469,12239,14420,15780,15522,16456,16484
총범죄,기타범죄,소계,고속도로,2201,644,415,1078,931,640,981,987,930,1267,1225,1195
총범죄,기타범죄,소계,노상,23074,22006,32554,32824,37658,65372,51045,41158,42567,43020,44243,48616
총범죄,기타범죄,소계,백화점,54,47,58,67,49,66,75,81,96,94,77,96
총범죄,기타범죄,소계,슈퍼마켓,852,588,968,650,633,637,636,835,819,687,588,569
총범죄,기타범죄,소계,편의점,696,716,1398,1267,1548,1695,1685,2021,1999,1925,1871,2150
총범죄,기타범죄,소계,대형할인매장,55,48,61,88,66,59,55,54,59,68,67,82
총범죄,기타범죄,소계,상점,4742,2963,4236,3297,3388,2959,3109,3314,3559,3224,2620,2849
총범죄,기타범죄,소계,시장노점,1981,1494,2243,2029,1996,1722,1730,1920,1818,1548,1336,1400
총범죄,기타범죄,소계,숙박업소 목욕탕,2691,1872,2566,2135,2063,4754,3782,3386,2991,2535,2766,2742
총범죄,기타범죄,소계,유흥접객업소,18173,13851,19425,16076,15015,15951,15373,18242,18298,14713,11028,13059
총범죄,기타범죄,소계,사무실,20015,19888,24272,23997,24095,24860,24109,25287,26264,23364,20274,19087
총범죄,기타범죄,소계,공장,4942,3759,3592,2563,2664,2301,2878,2870,2486,2210,1742,1542
총범죄,기타범죄,소계,공사장광산,1164,1225,2238,1186,1313,1825,2350,2012,1552,1323,1067,1178
총범죄,기타범죄,소계,창고,724,478,1085,495,1145,759,487,508,536,463,338,2130
총범죄,기타범죄,소계,역대합실,2592,774,5387,1890,2152,680,1193,1189,2059,1919,3218,4599
총범죄,기타범죄,소계,지하철,42,71,92,86,172,128,107,182,198,197,173,217
총범죄,기타범죄,소계,기타교통수단내,2186,2531,3090,536,1079,1452,1770,1166,3299,1006,1743,2972
총범죄,기타범죄,소계,흥행장,575,590,471,368,378,250,322,290,325,303,259,344
총범죄,기타범죄,소계,유원지,468,399,587,543,674,641,676,712,814,874,737,896
총범죄,기타범죄,소계,학교,630,864,1106,970,1098,1159,1302,1685,1881,1493,1759,2171
총범죄,기타범죄,소계,금융기관,240,255,392,322,558,605,530,454,407,264,209,225
총범죄,기타범죄,소계,의료기관,1339,1531,1585,1645,1811,1869,1850,2051,2248,2081,1826,2112
총범죄,기타범죄,소계,종교기관,509,464,661,513,479,488,534,855,822,566,510,413
총범죄,기타범죄,소계,산야,2619,2581,2671,2755,2974,2970,3403,3070,3240,2842,2782,2515
총범죄,기타범죄,소계,해상,13164,10877,14135,4723,13998,13249,12878,14077,18902,24156,15713,20344
총범죄,기타범죄,소계,부대,28,25,40,47,48,71,80,104,137,131,125,325
총범죄,기타범죄,소계,구금장소,3,7,13,17,20,21,30,36,24,28,33,32
총범죄,기타범죄,소계,공지,318,192,160,141,131,74,95,109,122,90,72,72
총범죄,기타범죄,소계,주차장,1299,1425,1310,1236,1414,1827,1724,1540,1662,1673,1791,2115
총범죄,기타범죄,소계,공중화장실,197,198,267,84,80,115,147,195,197,212,172,196
총범죄,기타범죄,소계,PC방,2932,1592,2099,1325,2016,1577,1075,1362,1339,1361,943,987
총범죄,기타범죄,소계,기타,49746,64162,39094,55147,71876,84238,74351,61214,66066,72740,82049,88725
