대분류,중분류,소분류,은신처별,1994,1995,1996,1997,1998,1999,2000,2001,2002,2003,2004,2005,2006,2007,2008,2009,2010
총범죄,소계,소계,자기집,368489,362461,363935,368909,419038,416019,342776,353181,348323,347242,394971,346239,352824,368829,411106,480693,434558
총범죄,소계,소계,공범집,1527,976,1017,1016,1122,977,937,700,568,570,2129,1495,1133,1347,1470,1695,983
총범죄,소계,소계,애인집,941,692,672,647,793,760,788,769,822,786,1116,928,849,1020,904,1086,1207
총범죄,소계,소계,친족집,1816,1460,1385,1345,1675,1583,1434,1217,1070,1002,5172,3561,3267,3746,4264,4282,2265
총범죄,소계,소계,지인집,2578,2096,2131,2281,2804,2393,2110,2080,1821,1838,6590,5804,5469,5309,5849,6351,4871
총범죄,소계,소계,숙박업소,3836,2870,2914,2934,3295,2823,3109,3231,2886,2656,4758,4238,4429,5182,5558,6443,6066
총범죄,소계,소계,야 외,3992,4837,5862,5677,7221,5269,4467,3979,3634,3360,7941,5896,5694,8087,9321,10710,11396
총범죄,소계,소계,현장검거,405259,452273,490605,585958,665954,692562,705643,734197,733340,698485,874049,731237,689548,754911,831074,692268,575140
총범죄,소계,소계,외 국,1035,921,1074,1152,1242,1215,1346,1465,1400,1487,2681,2335,2225,2340,2409,2780,1844
총범죄,소계,소계,기 타,634145,621573,681805,702436,759852,802557,834805,879355,849123,859784,968497,868093,927339,958774,1061165,1127407,947989
형법범,소계,소계,자기집,168330,177600,184158,185009,209382,223227,179309,178022,171792,179478,195715,180410,182903,178265,188146,230262,224717
형법범,소계,소계,공범집,1324,817,813,711117,822162,947649,928512,568,488,495,1132,867,695,846,781,953,715
형법범,소계,소계,애인집,872,625,607,557,651,638,628,633,690,667,829,730,655,767,679,852,980
형법범,소계,소계,친족집,1406,1097,1026,978,1236,1194,1068,899,800,816,2986,2113,1967,2090,1972,2282,1336
형법범,소계,소계,지인집,2078,1616,1595,1610,2034,1763,1504,1480,1242,1257,4579,4107,3739,3558,3718,4145,3348
형법범,소계,소계,숙박업소,3010,2098,2147,2097,2218,1880,2004,2118,1894,1844,3302,3142,3169,3636,3953,4897,4779
형법범,소계,소계,야 외,3279,3881,4729,4468,5867,4158,3474,2976,2712,2597,4187,4002,3848,4718,5610,6713,7000
형법범,소계,소계,현장검거,172827,184844,193467,208129,253483,331372,361503,357246,324618,311248,343979,306680,300178,295009,288791,280809,229957
형법범,소계,소계,외 국,442,429,536,606,712,775,712,866,831,856,1629,1471,1353,1407,1367,1517,1166
형법범,소계,소계,기 타,263672,270006,304669,305983,344669,381028,376728,376302,345243,367614,484772,477017,529073,541055,569758,632370,560459
형법범,강력범,소계,자기집,4031,2629,2609,2904,3455,3343,2820,2416,2299,2482,2660,2465,2843,3011,3391,4356,6641
형법범,강력범,소계,공범집,167,51,65,13495,16415,15404,14479,42,52,60,52,51,40,42,45,48,54
형법범,강력범,소계,애인집,78,40,30,60,64,55,64,53,59,67,57,68,38,54,90,65,105
형법범,강력범,소계,친족집,170,77,70,79,77,76,61,43,41,44,89,59,53,59,74,58,68
형법범,강력범,소계,지인집,201,121,97,131,186,141,88,91,86,81,149,124,123,139,154,191,189
형법범,강력범,소계,숙박업소,411,225,236,275,322,269,276,230,162,236,311,255,263,298,339,391,417
형법범,강력범,소계,야 외,343,276,318,321,474,356,300,274,265,299,308,272,300,277,387,388,502
형법범,강력범,소계,현장검거,3084,2856,3070,3429,4460,4060,3866,3809,3607,4224,4926,4411,4682,4735,4751,4831,6327
형법범,강력범,소계,외 국,13,10,13,5,10,18,12,19,9,10,22,21,20,25,24,28,27
형법범,강력범,소계,기 타,6628,5181,5424,6003,7141,6882,6838,6545,6195,7394,7119,6819,7625,8047,8710,10603,11656
형법범,강력범,살인,자기집,183,162,158,191,265,246,239,222,181,190,191,207,190,190,198,246,268
형법범,강력범,살인,공범집,5,8,4,859,1095,1127,1060,1,2,-,4,1,2,3,-,1,4
형법범,강력범,살인,애인집,3,4,4,8,8,6,7,5,6,5,3,5,4,6,9,2,7
형법범,강력범,살인,친족집,23,22,10,12,16,21,11,13,15,10,13,8,13,16,18,11,10
형법범,강력범,살인,지인집,18,16,11,14,17,15,13,16,12,10,22,25,22,16,14,16,10
형법범,강력범,살인,숙박업소,31,22,22,21,26,28,30,23,12,19,42,38,36,38,43,58,38
형법범,강력범,살인,야 외,41,43,49,43,44,52,41,44,40,52,48,60,50,48,52,61,77
형법범,강력범,살인,현장검거,134,127,146,171,219,231,230,260,245,270,307,289,301,310,326,427,427
형법범,강력범,살인,외 국,2,2,6,-,1,1,2,6,3,4,3,8,4,7,4,7,5
형법범,강력범,살인,기 타,297,317,366,395,499,523,483,581,535,525,567,537,610,678,587,686,498
형법범,강력범,강도,자기집,1367,918,742,1024,1476,1246,1031,857,875,1044,1065,840,1014,1230,1340,2160,1418
형법범,강력범,강도,공범집,138,38,60,6535,8440,7058,6405,39,50,55,44,41,36,37,41,45,34
형법범,강력범,강도,애인집,49,25,19,42,38,43,46,39,40,53,39,53,26,33,67,46,54
형법범,강력범,강도,친족집,75,40,39,49,42,34,31,20,14,24,37,22,25,19,26,28,23
형법범,강력범,강도,지인집,106,76,50,91,139,86,48,44,46,53,84,61,74,94,90,144,89
형법범,강력범,강도,숙박업소,270,132,151,182,229,166,166,148,109,173,204,160,155,194,220,251,216
형법범,강력범,강도,야 외,214,165,194,198,314,217,190,158,174,194,178,144,165,152,229,222,208
형법범,강력범,강도,현장검거,1693,1539,1497,1761,2356,1762,1512,1280,1125,1378,1443,1018,1041,883,972,1110,832
형법범,강력범,강도,외 국,6,3,2,2,7,12,6,10,4,4,11,7,7,11,11,15,15
형법범,강력범,강도,기 타,3136,2390,2344,2904,3625,3308,3239,2952,3016,3992,3361,2738,2642,2818,3178,4532,2653
형법범,강력범,강간,자기집,2320,1445,1572,1552,1537,1672,1399,1167,1072,1085,1218,1185,1400,1336,1514,1650,4566
형법범,강력범,강간,공범집,21,5,1,5353,5737,6201,5927,2,-,1,3,8,2,2,3,-,16
형법범,강력범,강간,애인집,19,10,6,8,10,5,9,7,8,6,11,10,7,12,7,16,40
형법범,강력범,강간,친족집,60,11,17,12,14,16,11,7,9,5,28,20,11,22,19,16,32
형법범,강력범,강간,지인집,71,24,33,21,25,31,25,23,23,14,32,29,22,19,35,23,79
형법범,강력범,강간,숙박업소,103,68,60,69,62,66,71,52,34,37,56,41,66,51,61,68,148
형법범,강력범,강간,야 외,79,62,71,74,100,71,57,62,43,39,59,38,62,47,72,75,186
형법범,강력범,강간,현장검거,1032,965,1193,1219,1439,1670,1691,1767,1708,1922,2383,2327,2637,2846,2734,2595,4522
형법범,강력범,강간,외 국,5,5,5,3,2,4,2,1,2,2,7,6,7,5,7,6,6
형법범,강력범,강간,기 타,2938,2226,2415,2395,2538,2650,2648,2496,2237,2314,2684,3003,3870,4006,4380,4766,8051
형법범,강력범,방화,자기집,161,104,137,137,177,179,151,170,171,163,186,233,239,255,339,300,389
형법범,강력범,방화,공범집,3,-,-,748,1143,1018,1087,-,-,4,1,1,-,-,1,2,-
형법범,강력범,방화,애인집,7,1,1,2,8,1,2,2,5,3,4,-,1,3,7,1,4
형법범,강력범,방화,친족집,12,4,4,6,5,5,8,3,3,5,11,9,4,2,11,3,3
형법범,강력범,방화,지인집,6,5,3,5,5,9,2,8,5,4,11,9,5,10,15,8,11
형법범,강력범,방화,숙박업소,7,3,3,3,5,9,9,7,7,7,9,16,6,15,15,14,15
형법범,강력범,방화,야 외,9,6,4,6,16,16,12,10,8,14,23,30,23,30,34,30,31
형법범,강력범,방화,현장검거,225,225,234,278,446,397,433,502,529,654,793,777,703,696,719,699,546
형법범,강력범,방화,외 국,-,-,-,-,-,1,2,2,-,-,1,-,2,2,2,-,1
형법범,강력범,방화,기 타,257,248,299,309,479,401,468,516,407,563,507,541,503,545,565,619,454
형법범,절도범,소계,자기집,14463,11669,11074,11642,14624,14011,11869,10983,11633,10770,13877,15733,17834,23219,25122,37111,40302
형법범,절도범,소계,공범집,331,211,190,56470,73601,67117,66334,185,161,171,257,210,167,244,212,287,278
형법범,절도범,소계,애인집,100,64,74,71,101,126,118,134,144,185,197,209,197,258,222,298,351
형법범,절도범,소계,친족집,172,144,113,102,145,121,104,120,123,119,255,219,218,251,256,370,254
형법범,절도범,소계,지인집,398,274,252,319,474,375,324,281,288,288,538,610,590,678,789,1023,975
형법범,절도범,소계,숙박업소,719,511,491,517,580,428,552,647,608,538,1010,1063,1136,1298,1495,2065,2044
형법범,절도범,소계,야 외,1352,1982,2036,1929,2713,1868,1610,1189,1260,1126,1455,1676,1646,1992,2483,2882,3332
형법범,절도범,소계,현장검거,13691,14405,14443,17116,22911,20228,20239,16641,16429,15978,20421,20231,20971,22238,22328,25164,20824
형법범,절도범,소계,외 국,21,19,17,22,37,28,25,34,27,37,49,57,51,88,89,116,79
형법범,절도범,소계,기 타,22124,22741,23340,24392,31202,29320,30989,29258,32971,32439,30339,32141,36205,42942,43322,56768,50671
형법범,폭력범,소계,자기집,61748,57374,54260,55676,57779,63175,54895,54131,44986,45002,54201,50233,53106,56900,65499,70698,73402
형법범,폭력범,소계,공범집,317,290,307,350311,387543,475294,517872,148,126,106,379,220,192,253,224,215,167
형법범,폭력범,소계,애인집,270,211,211,219,228,235,213,217,241,190,191,145,143,162,142,189,216
형법범,폭력범,소계,친족집,492,342,304,272,332,302,266,207,174,189,1288,889,777,888,878,1024,429
형법범,폭력범,소계,지인집,816,691,637,630,718,648,587,584,396,395,839,746,729,586,700,759,621
형법범,폭력범,소계,숙박업소,990,768,796,768,650,624,647,631,467,480,631,586,579,672,739,707,697
형법범,폭력범,소계,야 외,1307,1232,1786,1647,1718,1279,1126,1015,731,726,1395,1196,989,1500,1710,2162,2011
형법범,폭력범,소계,현장검거,131172,139669,148591,157174,188789,254166,281790,280287,249078,245436,262344,237759,213434,211005,200037,186534,151283
형법범,폭력범,소계,외 국,133,152,145,154,168,179,165,213,193,204,204,134,124,152,168,216,155
형법범,폭력범,소계,기 타,135502,124335,129057,133191,136633,154204,177681,176502,140523,142935,131081,143857,159655,178516,184545,188241,170203
형법범,지능범,소계,자기집,64513,83228,94529,92506,110155,115605,84738,85332,89471,99448,101433,89496,83774,70941,68340,76195,73632
형법범,지능범,소계,공범집,36,19,28,210045,256531,285537,217798,33,50,41,308,264,183,174,184,196,96
형법범,지능범,소계,애인집,108,93,105,104,134,101,126,120,157,150,276,248,198,249,186,241,270
형법범,지능범,소계,친족집,461,447,478,457,604,610,539,458,391,400,1070,738,644,646,543,525,438
형법범,지능범,소계,지인집,477,394,482,436,539,477,414,428,390,433,2764,2358,2004,1867,1799,1825,1328
형법범,지능범,소계,숙박업소,373,310,353,358,466,405,351,453,496,466,1179,1053,991,1193,1240,1540,1457
형법범,지능범,소계,야 외,186,299,442,477,747,549,343,394,374,380,906,738,733,752,772,846,838
형법범,지능범,소계,현장검거,1935,2591,2798,3680,6459,14781,10147,10388,11266,10706,11768,6750,6275,7293,7829,9011,7756
형법범,지능범,소계,외 국,235,202,304,381,444,508,461,552,561,553,1246,1139,1023,998,953,980,810
형법범,지능범,소계,기 타,67641,88452,116485,111596,136905,152427,120619,123826,128285,149196,275802,252320,271664,258259,281316,309340,274020
형법범,풍속범,소계,자기집,8909,8147,7678,6580,6780,7157,6446,6691,5503,4922,5616,4461,7534,5887,7033,21038,9946
형법범,풍속범,소계,공범집,449,232,212,42907,46213,54767,62650,153,86,103,102,87,81,97,78,163,95
형법범,풍속범,소계,애인집,302,210,176,91,111,112,97,100,79,71,94,46,60,33,19,41,17
형법범,풍속범,소계,친족집,74,57,29,42,48,45,59,48,46,29,192,127,180,114,105,148,59
형법범,풍속범,소계,지인집,135,102,91,52,83,84,58,64,45,33,129,135,168,157,130,191,119
형법범,풍속범,소계,숙박업소,450,238,226,137,142,121,135,125,105,85,109,99,124,75,54,84,79
형법범,풍속범,소계,야 외,27,38,47,19,100,28,29,44,30,20,39,40,63,46,58,158,53
형법범,풍속범,소계,현장검거,18589,20823,19414,21332,24222,31175,37387,36954,33944,24468,31364,24795,38420,26257,26532,26426,20128
형법범,풍속범,소계,외 국,19,29,21,23,21,24,17,17,24,18,31,28,39,50,47,98,42
형법범,풍속범,소계,기 타,17230,15358,14856,14245,14472,15801,18082,17313,15669,12728,12917,11207,17538,13861,12209,23340,12653
형법범,기타형법범,소계,자기집,14666,14553,14008,15701,16589,19936,18541,18469,17900,16854,17928,18022,17812,18307,18761,20864,20794
형법범,기타형법범,소계,공범집,24,14,11,37889,41859,49530,49379,7,13,14,34,35,32,36,38,44,25
형법범,기타형법범,소계,애인집,14,7,11,12,13,9,10,9,10,4,14,14,19,11,20,18,21
형법범,기타형법범,소계,친족집,37,30,32,26,30,40,39,23,25,35,92,81,95,132,116,157,88
형법범,기타형법범,소계,지인집,51,34,36,42,34,38,33,32,37,27,160,134,125,131,146,156,116
형법범,기타형법범,소계,숙박업소,67,46,45,42,58,33,43,32,56,39,62,86,76,100,86,110,85
형법범,기타형법범,소계,야 외,64,54,100,75,115,78,66,60,52,46,84,80,117,151,200,277,264
형법범,기타형법범,소계,현장검거,4356,4500,5151,5398,6642,6962,8074,9167,10294,10436,13156,12734,16396,23481,27314,28843,23639
형법범,기타형법범,소계,외 국,21,17,36,21,32,18,32,31,17,34,77,92,96,94,86,79,53
형법범,기타형법범,소계,기 타,14547,13939,15507,16556,18316,22394,22519,22858,21600,22922,27514,30673,36386,39430,39656,44078,41256
형법범,기타형법범,장물에 관한죄,자기집,1098,831,778,741,1271,1279,973,685,544,520,712,936,1049,1528,994,1744,2319
형법범,기타형법범,장물에 관한죄,공범집,12,3,2,3,5,2,3,1,6,-,3,8,2,3,-,4,4
형법범,기타형법범,장물에 관한죄,애인집,2,-,5,5,5,2,4,1,5,2,4,7,9,3,4,-,4
형법범,기타형법범,장물에 관한죄,친족집,4,3,3,-,2,2,2,-,2,3,3,9,6,1,-,9,1
형법범,기타형법범,장물에 관한죄,지인집,8,5,11,7,3,12,2,4,5,3,8,8,17,10,7,17,10
형법범,기타형법범,장물에 관한죄,숙박업소,21,16,18,8,10,9,5,7,11,5,12,29,11,16,12,13,15
형법범,기타형법범,장물에 관한죄,야 외,19,29,44,30,38,22,23,7,15,22,12,16,36,17,21,20,45
형법범,기타형법범,장물에 관한죄,현장검거,148,154,155,193,339,345,272,203,182,120,173,178,153,141,114,181,118
형법범,기타형법범,장물에 관한죄,외 국,-,-,1,2,1,-,2,-,1,2,3,9,7,9,-,2,6
형법범,기타형법범,장물에 관한죄,기 타,889,966,972,1022,1560,1827,1598,1199,1023,1108,1066,1230,1520,1931,1381,1935,1971
형법범,기타형법범,특가법(장물),자기집,26,6,7,10,12,10,26,16,6,24,13,48,27,20,16,37,31
형법범,기타형법범,특가법(장물),공범집,1,-,-,-,1,-,-,-,-,-,1,-,-,-,-,-,-
형법범,기타형법범,특가법(장물),애인집,2,-,-,-,-,-,-,-,-,-,-,-,1,-,-,-,1
형법범,기타형법범,특가법(장물),친족집,-,-,-,-,1,-,-,-,-,-,1,1,-,-,-,-,-
형법범,기타형법범,특가법(장물),지인집,-,-,-,-,2,-,-,-,-,1,-,1,-,-,-,-,-
형법범,기타형법범,특가법(장물),숙박업소,1,-,-,-,-,-,1,-,-,1,1,2,4,-,-,-,-
형법범,기타형법범,특가법(장물),야 외,-,-,3,-,-,-,-,1,-,-,-,2,1,1,-,-,-
형법범,기타형법범,특가법(장물),현장검거,1,2,6,1,-,3,9,1,1,5,7,4,4,2,-,1,4
형법범,기타형법범,특가법(장물),외 국,-,-,-,-,-,-,-,1,-,1,-,2,-,-,-,-,-
형법범,기타형법범,특가법(장물),기 타,7,8,28,20,32,66,47,29,18,27,25,63,29,21,7,30,15
형법범,기타형법범,내란의 죄,기 타,-,-,-,-,-,-,-,-,-,-,2,-,-,-,-,-,-
형법범,기타형법범,외환의 죄,자기집,-,-,-,-,-,1,-,7,1,-,-,-,-,-,-,-,-
형법범,기타형법범,외환의 죄,기 타,9,-,-,-,1,-,-,-,-,-,-,-,-,-,-,-,-
형법범,기타형법범,국기에 관한 죄,자기집,-,-,-,1,-,-,-,-,-,-,-,-,-,-,-,-,-
형법범,기타형법범,국기에 관한 죄,현장검거,-,-,-,-,-,-,-,1,-,-,-,-,-,-,-,-,-
형법범,기타형법범,공안을 해하는 죄,자기집,8,23,13,26,22,22,13,6,14,9,16,12,10,10,8,4,5
형법범,기타형법범,공안을 해하는 죄,공범집,3,3,-,-,-,1,-,-,-,-,-,-,-,-,-,-,-
형법범,기타형법범,공안을 해하는 죄,애인집,2,-,1,-,-,1,-,-,-,-,-,-,-,-,-,-,-
형법범,기타형법범,공안을 해하는 죄,친족집,1,1,-,-,-,-,-,-,-,-,-,-,1,-,-,-,-
형법범,기타형법범,공안을 해하는 죄,지인집,-,-,-,-,-,1,-,-,-,-,-,-,1,-,-,-,-
형법범,기타형법범,공안을 해하는 죄,숙박업소,2,-,1,7,-,1,-,1,-,6,-,-,5,-,1,-,-
형법범,기타형법범,공안을 해하는 죄,야 외,-,-,-,8,-,4,1,-,-,-,1,-,-,-,-,-,-
형법범,기타형법범,공안을 해하는 죄,현장검거,10,9,16,17,11,30,16,9,4,5,10,11,7,5,11,7,4
형법범,기타형법범,공안을 해하는 죄,외 국,-,-,-,-,1,-,-,-,1,-,-,-,-,-,-,-,-
형법범,기타형법범,공안을 해하는 죄,기 타,27,18,21,65,47,44,35,64,41,23,15,18,58,36,47,15,12
형법범,기타형법범,폭발물에 관한 죄,자기집,-,3,-,-,-,1,-,6,-,-,-,2,-,-,-,-,4
형법범,기타형법범,폭발물에 관한 죄,현장검거,-,-,-,1,-,-,-,-,-,-,-,-,-,-,-,-,-
형법범,기타형법범,폭발물에 관한 죄,기 타,-,-,1,-,2,-,-,-,-,1,-,-,-,1,9,-,-
형법범,기타형법범,공무방해에 관한 죄,자기집,1315,1391,1520,1843,1954,2174,1750,1647,1375,1420,1448,1685,1849,2091,2376,3235,2336
형법범,기타형법범,공무방해에 관한 죄,공범집,1,2,2,3,5,4,2,3,-,4,7,4,3,5,7,5,5
형법범,기타형법범,공무방해에 관한 죄,애인집,1,1,2,1,1,1,1,2,2,2,2,4,3,1,1,3,2
형법범,기타형법범,공무방해에 관한 죄,친족집,7,3,8,12,7,10,14,7,5,9,43,31,29,49,48,53,26
형법범,기타형법범,공무방해에 관한 죄,지인집,9,8,11,13,11,9,8,12,8,9,36,12,20,23,19,28,13
형법범,기타형법범,공무방해에 관한 죄,숙박업소,4,11,7,9,6,3,8,5,7,7,9,12,9,15,15,24,10
형법범,기타형법범,공무방해에 관한 죄,야 외,24,5,12,9,23,14,9,23,10,11,33,12,18,27,60,72,61
형법범,기타형법범,공무방해에 관한 죄,현장검거,2285,2413,2913,3223,3867,3864,4515,5610,6667,6493,7952,7542,8901,12167,13659,12816,10872
형법범,기타형법범,공무방해에 관한 죄,외 국,5,1,7,4,4,3,5,8,3,5,12,11,26,12,13,11,2
형법범,기타형법범,공무방해에 관한 죄,기 타,2507,2036,2521,3044,3292,3455,3192,3346,3219,3318,3192,2667,3194,3906,3680,3815,2937
형법범,기타형법범,도주와 도주원조죄,자기집,12,5,-,1,11,1,7,1,1,-,1,-,-,3,1,1,-
형법범,기타형법범,도주와 도주원조죄,친족집,1,1,2,-,-,1,1,-,-,-,-,1,-,-,-,-,-
형법범,기타형법범,도주와 도주원조죄,지인집,-,-,-,-,-,-,1,-,-,3,-,-,-,-,1,-,3
형법범,기타형법범,도주와 도주원조죄,숙박업소,-,1,-,-,3,-,-,-,-,-,1,-,-,-,-,-,-
형법범,기타형법범,도주와 도주원조죄,야 외,-,-,-,-,5,5,-,-,-,-,-,1,1,-,-,-,-
형법범,기타형법범,도주와 도주원조죄,현장검거,3,12,1,1,68,15,55,1,6,1,3,1,3,2,-,4,3
형법범,기타형법범,도주와 도주원조죄,외 국,-,-,-,-,1,-,-,-,-,-,-,-,-,-,-,-,-
형법범,기타형법범,도주와 도주원조죄,기 타,63,17,7,26,24,84,118,78,98,106,9,6,7,11,5,7,4
형법범,기타형법범,범인은닉·범인도피죄,자기집,105,101,93,119,139,132,142,153,128,152,135,77,93,130,116,156,145
형법범,기타형법범,범인은닉·범인도피죄,공범집,-,2,3,-,-,1,1,-,2,4,2,1,2,-,1,2,1
형법범,기타형법범,범인은닉·범인도피죄,애인집,1,1,2,2,2,2,1,1,1,-,1,-,-,-,-,1,1
형법범,기타형법범,범인은닉·범인도피죄,친족집,2,-,1,2,-,1,1,2,1,-,1,-,3,-,1,1,-
형법범,기타형법범,범인은닉·범인도피죄,지인집,6,3,1,5,3,-,1,2,2,1,2,3,5,4,1,7,2
형법범,기타형법범,범인은닉·범인도피죄,숙박업소,7,4,1,3,3,2,6,3,4,-,4,3,2,3,5,4,1
형법범,기타형법범,범인은닉·범인도피죄,야 외,2,2,1,1,4,2,4,5,4,1,4,5,1,4,2,6,6
형법범,기타형법범,범인은닉·범인도피죄,현장검거,87,99,146,164,170,208,198,221,229,182,264,133,122,113,139,138,158
형법범,기타형법범,범인은닉·범인도피죄,외 국,-,-,2,-,-,-,-,2,-,-,1,-,-,-,-,1,-
형법범,기타형법범,범인은닉·범인도피죄,기 타,245,255,341,364,447,419,493,665,678,688,446,269,244,267,267,324,279
형법범,기타형법범,위증죄,자기집,1490,1326,1147,1265,1340,1712,1541,1400,1229,1126,1175,958,824,746,636,579,627
형법범,기타형법범,위증죄,공범집,-,-,-,-,-,-,1,1,-,-,-,-,3,-,-,1,-
형법범,기타형법범,위증죄,애인집,-,-,-,-,-,-,-,-,-,-,-,1,-,-,-,-,-
형법범,기타형법범,위증죄,친족집,1,-,-,2,1,1,2,1,1,1,1,2,5,5,1,2,-
형법범,기타형법범,위증죄,지인집,-,1,1,-,1,-,1,1,1,-,10,4,5,9,7,4,1
형법범,기타형법범,위증죄,숙박업소,-,1,1,1,-,1,4,1,1,2,1,-,1,-,1,1,1
형법범,기타형법범,위증죄,야 외,-,-,-,2,2,-,1,-,-,1,-,-,-,1,-,-,-
형법범,기타형법범,위증죄,현장검거,3,8,3,13,30,24,28,38,42,6,1,1,1,2,-,1,3
형법범,기타형법범,위증죄,외 국,2,1,1,2,3,1,5,1,1,-,4,3,3,2,3,5,3
형법범,기타형법범,위증죄,기 타,960,847,838,883,888,1302,1301,1193,1046,970,1575,1721,1829,2014,2294,2490,2410
형법범,기타형법범,허위감정·증거인멸은닉·증인은닉죄,자기집,30,68,20,22,34,35,25,23,40,27,13,14,11,23,12,22,21
형법범,기타형법범,허위감정·증거인멸은닉·증인은닉죄,친족집,-,1,-,-,1,-,-,-,-,-,-,-,-,-,-,-,-
형법범,기타형법범,허위감정·증거인멸은닉·증인은닉죄,지인집,-,-,-,-,-,-,2,1,-,-,-,-,-,-,-,-,-
형법범,기타형법범,허위감정·증거인멸은닉·증인은닉죄,숙박업소,-,-,-,-,-,-,1,-,-,-,-,-,-,-,-,1,-
형법범,기타형법범,허위감정·증거인멸은닉·증인은닉죄,야 외,1,-,-,-,-,-,-,-,-,-,-,-,-,-,-,-,-
형법범,기타형법범,허위감정·증거인멸은닉·증인은닉죄,현장검거,3,-,7,2,4,5,4,1,10,5,1,2,-,6,2,-,2
형법범,기타형법범,허위감정·증거인멸은닉·증인은닉죄,외 국,-,-,-,-,-,-,-,-,-,-,-,1,-,-,-,-,1
형법범,기타형법범,허위감정·증거인멸은닉·증인은닉죄,기 타,27,40,19,21,20,27,42,54,32,37,34,35,67,46,37,49,75
형법범,기타형법범,무고의 죄,자기집,1076,1006,951,1091,990,1346,1313,1325,1302,1229,1131,1115,864,593,634,623,621
형법범,기타형법범,무고의 죄,공범집,-,-,-,-,1,1,1,-,-,1,2,1,1,-,-,2,-
형법범,기타형법범,무고의 죄,애인집,-,-,-,-,-,-,1,1,-,-,-,-,-,1,-,-,1
형법범,기타형법범,무고의 죄,친족집,-,3,2,-,1,2,4,1,-,1,1,1,-,1,1,2,1
형법범,기타형법범,무고의 죄,지인집,-,2,2,1,1,1,-,1,1,-,7,4,2,3,4,4,2
형법범,기타형법범,무고의 죄,숙박업소,5,1,1,-,-,1,1,4,-,1,2,2,-,1,-,2,2
형법범,기타형법범,무고의 죄,야 외,1,-,1,3,1,-,-,1,-,-,-,-,1,2,-,1,1
형법범,기타형법범,무고의 죄,현장검거,5,18,8,13,22,53,42,49,48,17,30,8,11,18,6,17,11
형법범,기타형법범,무고의 죄,외 국,1,2,8,2,3,-,2,2,2,2,6,3,6,5,4,3,5
형법범,기타형법범,무고의 죄,기 타,717,657,750,753,860,1221,1252,1263,1136,1195,1914,2128,2442,2271,2461,3070,3098
형법범,기타형법범,특가법(무고),자기집,2,-,-,-,-,-,-,2,-,-,4,-,-,2,-,-,-
형법범,기타형법범,특가법(무고),숙박업소,-,-,-,-,-,-,-,-,1,-,-,-,-,-,-,-,-
형법범,기타형법범,특가법(무고),현장검거,-,-,-,-,-,-,-,-,-,-,1,-,-,2,-,-,-
형법범,기타형법범,특가법(무고),기 타,1,-,-,-,1,2,2,5,5,1,2,9,2,2,-,1,-
형법범,기타형법범,신앙에 관한 죄,자기집,152,102,143,145,89,145,80,171,168,164,146,160,219,163,112,114,123
형법범,기타형법범,신앙에 관한 죄,공범집,-,-,-,-,-,-,1,-,1,-,1,-,1,1,-,-,-
형법범,기타형법범,신앙에 관한 죄,애인집,1,-,-,-,-,-,-,-,-,-,-,-,1,-,-,-,-
형법범,기타형법범,신앙에 관한 죄,친족집,-,2,-,-,-,-,-,-,-,1,-,1,-,-,-,-,-
형법범,기타형법범,신앙에 관한 죄,지인집,-,-,-,-,-,-,-,-,3,-,1,2,-,-,-,-,2
형법범,기타형법범,신앙에 관한 죄,숙박업소,-,-,-,-,1,1,-,-,1,-,-,1,2,-,-,-,1
형법범,기타형법범,신앙에 관한 죄,야 외,-,1,1,1,-,-,-,-,-,-,-,-,-,-,-,-,-
형법범,기타형법범,신앙에 관한 죄,현장검거,2,1,2,1,29,2,3,10,5,2,13,9,10,13,11,6,8
형법범,기타형법범,신앙에 관한 죄,외 국,-,-,-,-,-,-,-,-,-,-,-,4,-,1,-,-,-
형법범,기타형법범,신앙에 관한 죄,기 타,99,128,80,125,93,146,165,148,111,262,364,283,306,439,239,327,281
형법범,기타형법범,실화 및 업무상실화죄,자기집,554,464,407,372,300,310,330,306,245,217,264,273,276,308,379,409,416
형법범,기타형법범,실화 및 업무상실화죄,공범집,2,-,1,-,-,1,-,-,-,-,1,2,-,2,-,1,-
형법범,기타형법범,실화 및 업무상실화죄,애인집,-,-,-,-,-,2,1,-,1,-,-,-,-,1,-,-,-
형법범,기타형법범,실화 및 업무상실화죄,친족집,9,6,6,2,3,5,4,4,2,1,6,3,7,1,4,3,5
형법범,기타형법범,실화 및 업무상실화죄,지인집,7,3,1,5,3,3,2,2,2,1,2,2,4,2,10,6,3
형법범,기타형법범,실화 및 업무상실화죄,숙박업소,4,6,2,3,-,1,3,2,2,2,6,4,2,3,7,5,-
형법범,기타형법범,실화 및 업무상실화죄,야 외,1,3,6,1,3,5,4,4,7,-,2,3,5,11,7,21,9
형법범,기타형법범,실화 및 업무상실화죄,현장검거,421,444,376,282,258,336,354,364,318,256,341,340,267,230,251,248,190
형법범,기타형법범,실화 및 업무상실화죄,외 국,-,1,2,-,1,2,1,-,-,1,-,-,1,1,1,-,-
형법범,기타형법범,실화 및 업무상실화죄,기 타,866,746,777,843,672,683,811,855,669,655,649,634,623,629,604,670,622
형법범,기타형법범,일수와 수리에 관한 죄,자기집,9,14,8,16,11,8,8,14,7,4,6,5,3,2,5,1,2
형법범,기타형법범,일수와 수리에 관한 죄,현장검거,-,-,-,-,2,4,-,2,1,-,1,-,-,-,-,-,1
형법범,기타형법범,일수와 수리에 관한 죄,기 타,7,5,5,2,9,7,7,14,9,3,7,11,13,14,11,3,14
형법범,기타형법범,교통 방해의 죄,자기집,262,210,246,289,310,328,318,371,292,362,269,388,470,439,546,553,502
형법범,기타형법범,교통 방해의 죄,공범집,-,-,-,-,-,-,-,-,-,-,1,2,2,-,2,2,2
형법범,기타형법범,교통 방해의 죄,애인집,-,-,-,-,1,-,-,-,-,-,-,-,-,-,1,1,-
형법범,기타형법범,교통 방해의 죄,친족집,-,1,-,2,-,-,-,1,1,-,1,1,-,22,-,10,-
형법범,기타형법범,교통 방해의 죄,지인집,1,-,-,1,1,-,-,1,-,1,-,4,1,2,1,-,2
형법범,기타형법범,교통 방해의 죄,숙박업소,2,-,-,-,4,-,1,2,-,1,4,-,2,2,3,1,3
형법범,기타형법범,교통 방해의 죄,야 외,1,3,3,-,-,1,-,2,-,1,1,2,-,1,22,3,1
형법범,기타형법범,교통 방해의 죄,현장검거,238,272,249,232,305,218,229,332,227,530,268,225,232,362,341,530,224
형법범,기타형법범,교통 방해의 죄,외 국,1,4,3,1,4,-,3,3,1,1,1,1,3,3,4,6,4
형법범,기타형법범,교통 방해의 죄,기 타,572,448,567,511,602,517,584,571,539,827,465,453,559,699,666,789,811
형법범,기타형법범,음용수에 관한 죄,자기집,18,21,4,11,8,36,16,27,20,10,10,13,15,19,10,6,15
형법범,기타형법범,음용수에 관한 죄,친족집,1,-,-,-,-,-,-,-,-,-,-,-,-,-,-,-,-
형법범,기타형법범,음용수에 관한 죄,지인집,-,-,-,-,-,-,-,-,-,-,-,-,-,1,-,-,-
형법범,기타형법범,음용수에 관한 죄,현장검거,2,-,2,-,1,2,2,1,-,-,-,1,-,3,-,-,-
형법범,기타형법범,음용수에 관한 죄,기 타,13,19,15,11,4,21,25,12,8,24,6,18,17,17,18,25,19
형법범,기타형법범,아편·몰핀에 관한 죄,기 타,2,-,-,-,-,-,-,-,-,-,-,-,-,-,-,-,-
형법범,기타형법범,과실사상의 죄,자기집,1762,1690,1664,1620,1437,1448,1656,1497,1363,1389,1625,1317,1393,1266,1492,1538,1668
형법범,기타형법범,과실사상의 죄,공범집,1,-,-,-,-,-,-,-,-,-,2,2,6,1,2,3,2
형법범,기타형법범,과실사상의 죄,애인집,1,-,-,1,-,1,-,-,-,-,-,-,-,-,3,-,1
형법범,기타형법범,과실사상의 죄,친족집,2,3,1,-,-,1,5,-,-,1,6,2,4,3,4,3,1
형법범,기타형법범,과실사상의 죄,지인집,3,2,4,2,-,-,1,-,-,-,6,4,4,9,8,4,7
형법범,기타형법범,과실사상의 죄,숙박업소,7,-,9,1,6,-,3,2,1,2,2,3,4,3,3,1,4
형법범,기타형법범,과실사상의 죄,야 외,5,2,15,8,1,5,7,5,3,2,10,12,6,11,9,12,19
형법범,기타형법범,과실사상의 죄,현장검거,664,579,657,579,526,565,679,607,646,606,687,487,469,464,450,464,379
형법범,기타형법범,과실사상의 죄,외 국,4,2,4,4,1,2,2,6,3,1,2,7,7,6,3,5,3
형법범,기타형법범,과실사상의 죄,기 타,2585,2643,2678,2725,2423,2540,2633,2688,2539,2834,2743,2811,3193,3220,2976,3293,3399
형법범,기타형법범,낙태의 죄,자기집,24,22,11,21,21,24,32,30,25,12,13,18,23,12,20,15,36
형법범,기타형법범,낙태의 죄,공범집,-,-,-,-,-,-,-,-,-,-,-,-,-,-,-,1,-
형법범,기타형법범,낙태의 죄,애인집,-,-,-,-,-,-,-,-,-,-,-,-,-,-,-,-,1
형법범,기타형법범,낙태의 죄,친족집,-,-,-,-,-,-,1,-,-,-,-,1,-,-,-,-,1
형법범,기타형법범,낙태의 죄,지인집,-,-,-,-,-,-,-,-,-,-,-,-,2,-,1,-,1
형법범,기타형법범,낙태의 죄,현장검거,-,-,-,-,2,2,1,10,-,-,2,-,-,-,-,-,-
형법범,기타형법범,낙태의 죄,외 국,-,-,-,1,-,-,-,-,-,-,-,-,-,-,-,-,-
형법범,기타형법범,낙태의 죄,기 타,10,15,7,12,20,35,35,30,16,22,33,28,31,22,32,24,65
형법범,기타형법범,유기의 죄,자기집,47,48,50,39,45,79,62,57,52,60,96,50,28,38,27,29,34
형법범,기타형법범,유기의 죄,공범집,-,-,-,-,1,-,1,-,1,-,-,-,-,1,-,-,-
형법범,기타형법범,유기의 죄,애인집,1,2,-,-,-,-,1,-,-,-,3,-,-,-,1,1,-
형법범,기타형법범,유기의 죄,친족집,-,1,1,-,-,-,-,-,-,-,-,-,-,1,-,-,-
형법범,기타형법범,유기의 죄,지인집,-,1,-,-,2,-,2,2,-,-,3,1,1,2,-,2,1
형법범,기타형법범,유기의 죄,숙박업소,2,-,-,2,2,-,-,-,-,1,2,6,2,7,2,5,1
형법범,기타형법범,유기의 죄,야 외,-,-,-,1,-,-,4,1,-,1,-,-,2,2,-,1,1
형법범,기타형법범,유기의 죄,현장검거,3,3,4,5,10,8,3,6,8,3,8,1,5,4,6,12,2
형법범,기타형법범,유기의 죄,외 국,2,-,-,-,-,-,-,-,-,-,2,-,1,-,-,-,-
형법범,기타형법범,유기의 죄,기 타,42,43,39,44,30,55,48,79,40,60,98,98,95,111,108,87,83
형법범,기타형법범,명예에 관한 죄,자기집,2466,2496,2289,2450,2412,3507,3815,4100,4093,4037,4488,4326,4058,4005,4471,4802,4848
형법범,기타형법범,명예에 관한 죄,공범집,-,-,-,-,-,-,1,-,1,1,1,3,2,9,8,13,3
형법범,기타형법범,명예에 관한 죄,애인집,1,-,-,1,-,-,-,-,-,-,1,-,1,-,1,3,-
형법범,기타형법범,명예에 관한 죄,친족집,3,-,3,-,2,3,-,3,2,5,3,5,6,2,15,13,16
형법범,기타형법범,명예에 관한 죄,지인집,3,2,1,-,1,1,2,-,1,3,23,40,25,20,21,24,22
형법범,기타형법범,명예에 관한 죄,숙박업소,4,1,1,2,2,1,3,-,2,2,5,4,6,4,6,11,10
형법범,기타형법범,명예에 관한 죄,야 외,3,-,2,-,3,-,2,-,2,1,2,2,3,6,6,18,25
형법범,기타형법범,명예에 관한 죄,현장검거,28,27,33,27,68,66,146,113,127,57,90,108,89,605,1421,2102,1987
형법범,기타형법범,명예에 관한 죄,외 국,3,2,2,3,-,4,4,2,3,5,15,15,14,20,24,19,15
형법범,기타형법범,명예에 관한 죄,기 타,1542,1630,1732,1662,1854,2989,3259,3459,3225,3462,5483,7038,7705,8254,9275,10075,9920
형법범,기타형법범,신용·업무와 경매에 관한 죄,자기집,2443,2788,2524,3143,2781,3689,3506,3980,4610,3896,3934,4482,4414,4715,4649,4809,4787
형법범,기타형법범,신용·업무와 경매에 관한 죄,공범집,-,1,3,1,-,1,-,1,1,-,10,11,7,8,10,7,4
형법범,기타형법범,신용·업무와 경매에 관한 죄,애인집,-,1,-,-,1,-,-,1,-,-,1,1,-,2,4,4,2
형법범,기타형법범,신용·업무와 경매에 관한 죄,친족집,5,1,-,-,3,-,2,1,4,2,16,17,13,26,25,41,21
형법범,기타형법범,신용·업무와 경매에 관한 죄,지인집,7,6,-,3,3,2,3,2,13,3,26,31,16,17,38,31,25
형법범,기타형법범,신용·업무와 경매에 관한 죄,숙박업소,4,3,-,1,20,6,6,2,26,4,7,11,10,32,11,23,17
형법범,기타형법범,신용·업무와 경매에 관한 죄,야 외,5,5,1,-,29,9,9,3,5,1,10,16,31,33,45,76,53
형법범,기타형법범,신용·업무와 경매에 관한 죄,현장검거,215,221,160,303,446,560,932,1077,1303,1643,2558,2924,4141,6673,8026,9484,7273
형법범,기타형법범,신용·업무와 경매에 관한 죄,외 국,2,1,2,1,2,2,3,2,-,8,18,25,20,23,19,17,9
형법범,기타형법범,신용·업무와 경매에 관한 죄,기 타,1910,1841,2205,2224,2539,3494,3952,4314,4640,4875,5509,6642,8310,9253,9343,10134,8777
형법범,기타형법범,비밀침해죄,자기집,4,2,4,7,-,2,6,9,10,2,12,11,20,13,6,9,9
형법범,기타형법범,비밀침해죄,친족집,-,-,-,-,-,-,-,-,-,-,-,-,-,-,-,-,1
형법범,기타형법범,비밀침해죄,현장검거,-,-,2,-,-,-,-,429,-,-,-,-,-,-,-,1,-
형법범,기타형법범,비밀침해죄,기 타,2,4,2,3,2,7,3,4,4,5,16,13,25,26,38,32,41
형법범,기타형법범,주거침입의 죄,자기집,364,345,418,448,487,543,519,527,585,447,565,563,684,808,1031,1110,1249
형법범,기타형법범,주거침입의 죄,공범집,3,3,-,1,-,-,-,1,-,3,-,1,3,4,6,2,2
형법범,기타형법범,주거침입의 죄,애인집,2,-,1,2,3,-,1,2,1,-,-,1,4,3,5,5,7
형법범,기타형법범,주거침입의 죄,친족집,-,-,3,1,4,5,2,1,2,1,3,3,18,9,15,16,8
형법범,기타형법범,주거침입의 죄,지인집,2,1,3,1,1,4,3,1,-,1,9,6,5,10,18,12,12
형법범,기타형법범,주거침입의 죄,숙박업소,2,1,2,2,-,1,-,1,-,3,4,4,6,8,15,13,16
형법범,기타형법범,주거침입의 죄,야 외,2,3,7,8,5,6,2,5,2,3,2,1,8,19,21,40,34
형법범,기타형법범,주거침입의 죄,현장검거,228,221,376,305,400,586,498,82,402,465,684,712,1937,2588,2800,2790,2379
형법범,기타형법범,주거침입의 죄,외 국,-,-,1,-,-,-,-,1,-,3,2,3,-,1,3,1,-
형법범,기타형법범,주거침입의 죄,기 타,443,340,480,499,565,739,754,721,641,645,846,1129,1822,1939,2084,2315,2280
형법범,기타형법범,권리행사를 방해하는 죄,자기집,1399,1594,1711,2021,2915,3099,2403,2109,1789,1747,1818,1554,1463,1204,1008,1065,995
형법범,기타형법범,권리행사를 방해하는 죄,공범집,1,-,-,-,2,-,-,-,1,1,2,-,-,1,1,1,2
형법범,기타형법범,권리행사를 방해하는 죄,애인집,-,2,-,-,-,-,-,1,-,-,2,-,-,-,-,-,1
형법범,기타형법범,권리행사를 방해하는 죄,친족집,1,4,2,5,5,9,1,2,3,10,7,3,2,10,2,4,7
형법범,기타형법범,권리행사를 방해하는 죄,지인집,5,-,1,4,2,4,5,3,1,1,25,11,17,16,9,17,10
형법범,기타형법범,권리행사를 방해하는 죄,숙박업소,2,1,2,3,1,6,1,2,-,2,2,4,9,5,5,6,4
형법범,기타형법범,권리행사를 방해하는 죄,야 외,-,1,4,3,1,5,-,3,4,2,7,3,4,5,5,7,9
형법범,기타형법범,권리행사를 방해하는 죄,현장검거,10,17,35,35,84,65,88,-,67,40,35,27,35,27,34,40,19
형법범,기타형법범,권리행사를 방해하는 죄,외 국,1,3,3,1,11,4,5,3,2,5,11,8,7,10,11,9,5
형법범,기타형법범,권리행사를 방해하는 죄,기 타,1002,1233,1422,1696,2329,2714,2163,2067,1863,1774,2926,3345,4253,4109,3880,4557,4138
형법범,기타형법범,인질강요,자기집,-,-,-,-,-,-,-,-,1,-,-,-,-,-,-,-,-
형법범,기타형법범,인질강요,지인집,-,-,-,-,-,1,-,-,-,-,-,-,-,-,-,-,-
형법범,기타형법범,인질강요,현장검거,-,-,-,1,-,-,-,-,1,-,-,-,1,-,1,-,-
형법범,기타형법범,인질강요,외 국,-,-,-,-,-,-,-,-,-,-,-,-,-,-,1,-,-
형법범,기타형법범,인질강요,기 타,-,-,-,1,-,-,-,-,-,-,3,-,-,-,1,-,-
형법범,기타형법범,인질상해(치상),자기집,-,-,-,-,-,5,-,-,-,-,-,-,-,-,-,-,-
형법범,기타형법범,인질상해(치상),현장검거,-,-,-,-,-,1,-,-,-,-,-,4,-,1,-,-,1
형법범,기타형법범,인질상해(치상),기 타,-,-,-,-,-,-,-,-,-,-,-,-,1,-,-,-,-
형법범,기타형법범,인질살해(치사),현장검거,-,-,-,-,-,-,-,-,-,-,-,-,-,-,-,-,1
형법범,기타형법범,기타,자기집,-,-,-,-,-,-,-,-,-,-,34,15,19,169,212,3,1
형법범,기타형법범,기타,공범집,-,-,-,-,-,-,-,-,-,-,1,-,-,1,1,-,-
형법범,기타형법범,기타,친족집,-,-,-,-,-,-,-,-,-,-,-,-,1,2,-,-,-
형법범,기타형법범,기타,지인집,-,-,-,-,-,-,-,-,-,-,2,1,-,3,1,-,-
형법범,기타형법범,기타,숙박업소,-,-,-,-,-,-,-,-,-,-,-,1,1,1,-,-,-
형법범,기타형법범,기타,야 외,-,-,-,-,-,-,-,-,-,-,-,5,-,11,2,-,-
형법범,기타형법범,기타,현장검거,-,-,-,-,-,-,-,-,-,-,27,16,8,53,42,1,-
형법범,기타형법범,기타,외 국,-,-,-,-,-,-,-,-,-,-,-,-,1,1,-,-,-
형법범,기타형법범,기타,기 타,-,-,-,-,-,-,-,-,-,-,86,24,41,192,193,11,5
특별법범,소계,소계,자기집,200159,184861,179777,183900,209656,192792,163467,175159,176531,167764,199256,165829,169921,190564,222960,250431,209841
특별법범,소계,소계,공범집,203,159,204,962254,1041956,979486,969840,132,80,75,997,628,438,501,689,742,268
특별법범,소계,소계,애인집,69,67,65,90,142,122,160,136,132,119,287,198,194,253,225,234,227
특별법범,소계,소계,친족집,410,363,359,367,439,389,366,318,270,186,2186,1448,1300,1656,2292,2000,929
특별법범,소계,소계,지인집,500,480,536,671,770,630,606,600,579,581,2011,1697,1730,1751,2131,2206,1523
특별법범,소계,소계,숙박업소,826,772,767,837,1077,943,1105,1113,992,812,1456,1096,1260,1546,1605,1546,1287
특별법범,소계,소계,야 외,713,956,1133,1209,1354,1111,993,1003,922,763,3754,1894,1846,3369,3711,3997,4396
특별법범,소계,소계,현장검거,232432,267429,297138,377829,412471,361190,344140,376951,408722,387237,530070,424557,389370,459902,542283,411459,345183
특별법범,소계,소계,외 국,593,492,538,546,530,440,634,599,569,631,1052,864,872,933,1042,1263,678
특별법범,소계,소계,기 타,370473,351567,377136,396453,415183,421529,458077,503053,503880,492170,483725,391076,398266,417719,491407,495037,387530
