대분류,중분류,소분류,내·외국인별(1),내·외국인별(2),2011,2012,2013,2014,2015,2016,2017,2018,2019,2020,2021,2022
총범죄,소계,소계,한국,소계,1787797,1700901,1716318,1683979,1735947,1806561,1651556,1549609,1549238,1459031,1218230,1219376
총범죄,소계,소계,외국인,소계,27436,22914,24984,28456,35443,41044,33905,32313,36400,35390,29450,30954
총범죄,소계,소계,외국인,미국,1751,1668,1799,1779,1737,1881,1775,1687,1717,1494,1364,1605
총범죄,소계,소계,외국인,중국,16267,13152,14557,16832,21279,22567,18965,17603,18177,17116,14503,15085
총범죄,소계,소계,외국인,일본,125,171,169,181,244,196,221,226,208,133,93,126
총범죄,소계,소계,외국인,몽골,1470,1381,1274,1085,1270,1647,1244,1153,1189,1160,943,1034
총범죄,소계,소계,외국인,베트남,2438,1819,1666,1740,2038,2355,1753,1539,2255,2764,2861,3200
총범죄,소계,소계,외국인,태국,932,576,597,1249,1738,3211,2168,2463,3713,2995,2219,2347
총범죄,소계,소계,외국인,대만,515,427,496,579,481,506,529,484,529,442,325,333
총범죄,소계,소계,외국인,러시아,245,270,260,374,451,818,1027,1061,1464,1452,1073,995
총범죄,소계,소계,외국인,방글라데시,123,115,128,106,137,205,139,106,139,172,122,126
총범죄,소계,소계,외국인,스리랑카,459,354,351,365,633,559,326,284,237,266,155,169
총범죄,소계,소계,외국인,우즈베키스탄,710,710,993,1070,1418,1755,1448,1350,1533,1863,1580,1539
총범죄,소계,소계,외국인,인도네시아,179,189,186,220,406,385,214,170,180,219,167,184
총범죄,소계,소계,외국인,캐나다,271,323,292,306,373,376,312,342,307,279,251,279
총범죄,소계,소계,외국인,키르기스스탄,98,84,79,78,111,186,139,133,140,169,115,124
총범죄,소계,소계,외국인,필리핀,542,270,364,429,481,673,370,276,315,456,315,298
총범죄,소계,소계,외국인,파키스탄,244,198,226,219,254,367,248,185,358,358,226,129
총범죄,소계,소계,외국인,기타,1067,1207,1547,1844,2392,3357,3027,3251,3939,4052,3138,3381
소계,강력범죄,소계,한국,소계,24761,23199,24648,24389,24980,26241,28014,27376,28038,26218,22350,24166
소계,강력범죄,소계,외국인,소계,585,590,703,676,841,830,913,926,905,753,642,851
소계,강력범죄,소계,외국인,미국,50,37,42,54,65,54,78,65,57,50,56,58
소계,강력범죄,소계,외국인,중국,233,223,254,284,315,351,352,351,342,287,227,295
소계,강력범죄,소계,외국인,일본,3,5,11,7,12,4,15,17,12,2,2,4
소계,강력범죄,소계,외국인,몽골,49,45,46,42,43,57,56,55,45,35,30,34
소계,강력범죄,소계,외국인,베트남,74,69,49,42,43,35,35,31,41,38,48,62
소계,강력범죄,소계,외국인,태국,4,13,9,11,24,21,34,34,33,37,21,34
소계,강력범죄,소계,외국인,대만,11,1,14,18,11,16,10,11,12,10,5,5
소계,강력범죄,소계,외국인,러시아,9,13,18,12,15,21,45,61,62,43,25,29
소계,강력범죄,소계,외국인,방글라데시,10,15,17,14,18,6,21,16,14,8,7,26
소계,강력범죄,소계,외국인,스리랑카,21,29,30,14,51,18,20,17,15,7,5,8
소계,강력범죄,소계,외국인,우즈베키스탄,29,42,53,40,66,49,35,40,62,44,34,58
소계,강력범죄,소계,외국인,인도네시아,1,11,2,6,18,3,3,4,4,-,5,1
소계,강력범죄,소계,외국인,캐나다,4,10,8,5,13,9,14,11,14,5,12,6
소계,강력범죄,소계,외국인,키르기스스탄,3,3,1,-,4,1,3,1,7,7,1,3
소계,강력범죄,소계,외국인,필리핀,14,7,8,10,6,21,9,4,3,3,9,6
소계,강력범죄,소계,외국인,파키스탄,21,13,30,21,24,25,11,14,17,32,18,12
소계,강력범죄,소계,외국인,기타,49,54,111,96,113,139,172,194,165,145,137,210
소계,강력범죄,살인기수,한국,소계,427,423,359,421,350,345,307,328,317,316,293,289
소계,강력범죄,살인기수,외국인,소계,22,23,18,26,39,34,37,22,28,25,14,9
소계,강력범죄,살인기수,외국인,미국,-,-,-,1,-,-,3,2,-,-,2,-
소계,강력범죄,살인기수,외국인,중국,18,6,6,20,17,24,19,18,15,12,7,5
소계,강력범죄,살인기수,외국인,일본,-,1,-,-,-,-,1,-,-,-,-,-
소계,강력범죄,살인기수,외국인,몽골,-,-,-,-,-,1,2,-,1,-,-,-
소계,강력범죄,살인기수,외국인,베트남,2,7,5,1,9,4,2,-,2,3,2,-
소계,강력범죄,살인기수,외국인,태국,-,4,-,-,1,5,6,-,4,4,-,1
소계,강력범죄,살인기수,외국인,대만,-,-,-,-,-,-,-,-,-,-,-,-
소계,강력범죄,살인기수,외국인,러시아,-,2,-,-,1,-,1,1,2,-,-,2
소계,강력범죄,살인기수,외국인,방글라데시,-,-,-,-,1,-,-,-,-,-,-,-
소계,강력범죄,살인기수,외국인,스리랑카,-,-,-,1,-,-,-,-,1,1,-,-
소계,강력범죄,살인기수,외국인,우즈베키스탄,-,-,1,2,-,-,1,-,2,2,1,-
소계,강력범죄,살인기수,외국인,인도네시아,-,-,-,-,7,-,-,-,-,-,-,-
소계,강력범죄,살인기수,외국인,캐나다,-,1,-,-,-,-,1,-,-,-,-,-
소계,강력범죄,살인기수,외국인,키르기스스탄,-,-,-,-,-,-,-,-,-,-,-,-
소계,강력범죄,살인기수,외국인,필리핀,2,1,1,-,-,-,-,-,-,-,1,-
소계,강력범죄,살인기수,외국인,파키스탄,-,-,-,-,-,-,-,-,-,-,-,-
소계,강력범죄,살인기수,외국인,기타,-,1,5,1,3,-,1,1,1,3,1,1
소계,강력범죄,살인미수등,한국,소계,755,549,565,521,532,542,495,456,471,403,383,393
소계,강력범죄,살인미수등,외국인,소계,81,61,55,54,54,74,66,60,54,51,26,36
소계,강력범죄,살인미수등,외국인,미국,1,-,-,-,-,-,2,1,-,2,-,1
소계,강력범죄,살인미수등,외국인,중국,51,35,44,35,34,41,41,33,28,24,14,17
소계,강력범죄,살인미수등,외국인,일본,-,-,-,-,-,-,-,-,-,-,-,-
소계,강력범죄,살인미수등,외국인,몽골,5,3,2,1,2,6,4,4,2,-,-,1
소계,강력범죄,살인미수등,외국인,베트남,14,10,6,6,5,8,1,5,5,9,3,4
소계,강력범죄,살인미수등,외국인,태국,4,-,1,-,1,5,4,5,7,4,3,3
소계,강력범죄,살인미수등,외국인,대만,-,-,1,2,-,-,-,1,-,-,-,-
소계,강력범죄,살인미수등,외국인,러시아,-,-,-,1,1,2,3,-,2,2,-,1
소계,강력범죄,살인미수등,외국인,방글라데시,2,1,-,-,1,-,-,-,-,-,-,-
소계,강력범죄,살인미수등,외국인,스리랑카,1,6,-,1,1,1,1,1,1,-,-,-
소계,강력범죄,살인미수등,외국인,우즈베키스탄,1,2,-,2,6,2,1,-,3,1,-,6
소계,강력범죄,살인미수등,외국인,인도네시아,-,-,-,-,-,-,-,-,-,-,-,-
소계,강력범죄,살인미수등,외국인,캐나다,-,-,-,1,-,-,-,-,-,-,1,-
소계,강력범죄,살인미수등,외국인,키르기스스탄,-,-,-,-,-,-,-,-,-,1,-,-
소계,강력범죄,살인미수등,외국인,필리핀,1,1,-,2,-,-,-,-,1,-,1,-
소계,강력범죄,살인미수등,외국인,파키스탄,-,-,-,-,-,-,-,-,-,1,1,-
소계,강력범죄,살인미수등,외국인,기타,1,3,1,3,3,9,9,10,5,7,3,3
소계,강력범죄,강도,한국,소계,4737,3181,2489,2004,1881,1639,1393,1114,1266,1136,697,682
소계,강력범죄,강도,외국인,소계,153,141,104,74,118,77,63,51,70,66,51,82
소계,강력범죄,강도,외국인,미국,20,10,7,3,10,3,1,4,1,-,1,2
소계,강력범죄,강도,외국인,중국,54,50,39,30,37,37,31,17,24,21,16,40
소계,강력범죄,강도,외국인,일본,-,-,-,-,1,-,-,-,-,-,-,-
소계,강력범죄,강도,외국인,몽골,16,12,9,5,7,5,3,-,3,4,-,1
소계,강력범죄,강도,외국인,베트남,33,28,14,10,11,8,5,11,1,3,2,18
소계,강력범죄,강도,외국인,태국,-,7,1,-,8,1,2,3,-,3,2,-
소계,강력범죄,강도,외국인,대만,2,-,2,1,6,2,-,-,-,2,-,-
소계,강력범죄,강도,외국인,러시아,4,5,9,3,5,5,4,4,13,2,5,8
소계,강력범죄,강도,외국인,방글라데시,-,-,-,-,2,-,-,-,-,4,-,-
소계,강력범죄,강도,외국인,스리랑카,1,6,1,1,9,-,1,2,-,2,-,-
소계,강력범죄,강도,외국인,우즈베키스탄,3,10,18,8,10,3,3,-,5,5,10,7
소계,강력범죄,강도,외국인,인도네시아,-,5,-,3,4,-,-,-,-,-,-,-
소계,강력범죄,강도,외국인,캐나다,1,-,-,-,1,-,1,1,1,-,-,-
소계,강력범죄,강도,외국인,키르기스스탄,-,-,-,-,-,-,-,-,3,3,-,2
소계,강력범죄,강도,외국인,필리핀,6,-,1,-,-,2,-,-,-,-,-,-
소계,강력범죄,강도,외국인,파키스탄,1,-,-,-,2,2,-,-,-,2,-,-
소계,강력범죄,강도,외국인,기타,12,8,3,10,5,9,12,9,19,15,15,4
소계,강력범죄,강간・강제추행,한국,소계,17340,17664,-,-,-,-,-,-,-,-,-,-
소계,강력범죄,강간・강제추행,외국인,소계,312,348,-,-,-,-,-,-,-,-,-,-
소계,강력범죄,강간・강제추행,외국인,미국,27,24,-,-,-,-,-,-,-,-,-,-
소계,강력범죄,강간・강제추행,외국인,중국,101,120,-,-,-,-,-,-,-,-,-,-
소계,강력범죄,강간・강제추행,외국인,일본,3,4,-,-,-,-,-,-,-,-,-,-
소계,강력범죄,강간・강제추행,외국인,몽골,28,30,-,-,-,-,-,-,-,-,-,-
소계,강력범죄,강간・강제추행,외국인,베트남,23,24,-,-,-,-,-,-,-,-,-,-
소계,강력범죄,강간・강제추행,외국인,태국,-,2,-,-,-,-,-,-,-,-,-,-
소계,강력범죄,강간・강제추행,외국인,대만,7,1,-,-,-,-,-,-,-,-,-,-
소계,강력범죄,강간・강제추행,외국인,러시아,4,6,-,-,-,-,-,-,-,-,-,-
소계,강력범죄,강간・강제추행,외국인,방글라데시,8,14,-,-,-,-,-,-,-,-,-,-
소계,강력범죄,강간・강제추행,외국인,스리랑카,19,17,-,-,-,-,-,-,-,-,-,-
소계,강력범죄,강간・강제추행,외국인,우즈베키스탄,25,29,-,-,-,-,-,-,-,-,-,-
소계,강력범죄,강간・강제추행,외국인,인도네시아,1,6,-,-,-,-,-,-,-,-,-,-
소계,강력범죄,강간・강제추행,외국인,캐나다,3,9,-,-,-,-,-,-,-,-,-,-
소계,강력범죄,강간・강제추행,외국인,키르기스스탄,3,2,-,-,-,-,-,-,-,-,-,-
소계,강력범죄,강간・강제추행,외국인,필리핀,5,5,-,-,-,-,-,-,-,-,-,-
소계,강력범죄,강간・강제추행,외국인,파키스탄,20,13,-,-,-,-,-,-,-,-,-,-
소계,강력범죄,강간・강제추행,외국인,기타,35,42,-,-,-,-,-,-,-,-,-,-
소계,강력범죄,강간,한국,소계,-,-,5735,5421,5507,5703,5822,5825,5974,5974,5439,5376
소계,강력범죄,강간,외국인,소계,-,-,121,96,114,126,121,122,164,139,154,230
소계,강력범죄,강간,외국인,미국,-,-,11,13,13,13,17,12,19,21,22,19
소계,강력범죄,강간,외국인,중국,-,-,39,28,31,50,41,43,47,37,44,37
소계,강력범죄,강간,외국인,일본,-,-,1,-,1,1,1,-,-,-,-,-
소계,강력범죄,강간,외국인,몽골,-,-,5,16,7,8,14,6,4,6,12,14
소계,강력범죄,강간,외국인,베트남,-,-,6,3,6,6,2,4,11,7,15,11
소계,강력범죄,강간,외국인,태국,-,-,1,2,2,3,6,4,5,3,-,4
소계,강력범죄,강간,외국인,대만,-,-,2,5,1,-,3,1,2,4,-,1
소계,강력범죄,강간,외국인,러시아,-,-,1,2,-,-,3,6,2,8,5,6
소계,강력범죄,강간,외국인,방글라데시,-,-,5,5,6,-,2,6,9,-,1,18
소계,강력범죄,강간,외국인,스리랑카,-,-,5,-,6,1,1,4,2,1,-,2
소계,강력범죄,강간,외국인,우즈베키스탄,-,-,5,4,14,11,9,10,20,15,8,10
소계,강력범죄,강간,외국인,인도네시아,-,-,-,-,-,-,-,1,2,-,3,-
소계,강력범죄,강간,외국인,캐나다,-,-,-,-,2,1,1,1,4,2,1,2
소계,강력범죄,강간,외국인,키르기스스탄,-,-,1,-,1,-,1,-,2,2,1,-
소계,강력범죄,강간,외국인,필리핀,-,-,2,5,3,2,1,-,1,1,2,2
소계,강력범죄,강간,외국인,파키스탄,-,-,7,2,3,4,-,1,5,8,5,3
소계,강력범죄,강간,외국인,기타,-,-,30,11,18,26,19,23,29,24,35,101
소계,강력범죄,유사강간,한국,소계,-,-,135,376,528,591,681,833,883,912,813,894
소계,강력범죄,유사강간,외국인,소계,-,-,1,13,7,7,13,15,12,22,21,23
소계,강력범죄,유사강간,외국인,미국,-,-,1,6,1,-,-,1,1,1,3,3
소계,강력범죄,유사강간,외국인,중국,-,-,-,2,4,2,5,8,5,6,4,7
소계,강력범죄,유사강간,외국인,일본,-,-,-,-,-,-,-,1,-,-,1,-
소계,강력범죄,유사강간,외국인,몽골,-,-,-,-,-,-,-,-,2,2,1,1
소계,강력범죄,유사강간,외국인,베트남,-,-,-,-,-,-,1,-,-,3,1,1
소계,강력범죄,유사강간,외국인,태국,-,-,-,-,-,1,-,-,1,-,-,3
소계,강력범죄,유사강간,외국인,대만,-,-,-,-,-,1,-,-,1,1,-,-
소계,강력범죄,유사강간,외국인,러시아,-,-,-,-,-,-,1,-,-,1,1,-
소계,강력범죄,유사강간,외국인,방글라데시,-,-,-,-,-,-,-,1,-,-,-,-
소계,강력범죄,유사강간,외국인,스리랑카,-,-,-,-,-,1,1,-,-,-,-,-
소계,강력범죄,유사강간,외국인,우즈베키스탄,-,-,-,1,-,1,1,-,2,2,2,3
소계,강력범죄,유사강간,외국인,인도네시아,-,-,-,-,-,-,-,-,-,-,1,-
소계,강력범죄,유사강간,외국인,캐나다,-,-,-,-,-,-,-,-,-,1,-,-
소계,강력범죄,유사강간,외국인,키르기스스탄,-,-,-,-,-,-,-,-,-,-,-,-
소계,강력범죄,유사강간,외국인,필리핀,-,-,-,1,1,-,2,1,-,-,1,-
소계,강력범죄,유사강간,외국인,파키스탄,-,-,-,2,1,-,-,-,-,-,1,1
소계,강력범죄,유사강간,외국인,기타,-,-,-,1,-,1,2,3,-,5,5,4
소계,강력범죄,강제추행,한국,소계,-,-,12144,13028,14024,15533,17690,17017,17345,15956,13530,15128
소계,강력범죄,강제추행,외국인,소계,-,-,352,372,464,483,582,614,547,426,352,446
소계,강력범죄,강제추행,외국인,미국,-,-,19,31,40,34,52,43,36,26,28,33
소계,강력범죄,강제추행,외국인,중국,-,-,108,147,166,186,197,215,206,172,133,174
소계,강력범죄,강제추행,외국인,일본,-,-,9,7,10,3,11,16,12,2,1,4
소계,강력범죄,강제추행,외국인,몽골,-,-,28,18,24,33,32,42,33,22,16,13
소계,강력범죄,강제추행,외국인,베트남,-,-,14,21,11,9,23,8,22,13,20,27
소계,강력범죄,강제추행,외국인,태국,-,-,4,6,12,4,14,21,16,22,15,23
소계,강력범죄,강제추행,외국인,대만,-,-,8,10,3,11,7,8,9,3,5,4
소계,강력범죄,강제추행,외국인,러시아,-,-,8,6,8,14,30,45,41,25,13,11
소계,강력범죄,강제추행,외국인,방글라데시,-,-,9,8,7,6,19,8,5,4,6,8
소계,강력범죄,강제추행,외국인,스리랑카,-,-,21,8,35,15,16,9,11,3,5,6
소계,강력범죄,강제추행,외국인,우즈베키스탄,-,-,24,21,35,30,20,30,26,18,11,32
소계,강력범죄,강제추행,외국인,인도네시아,-,-,1,3,5,3,3,3,1,-,1,1
소계,강력범죄,강제추행,외국인,캐나다,-,-,8,4,10,8,11,9,9,2,9,3
소계,강력범죄,강제추행,외국인,키르기스스탄,-,-,-,-,3,1,2,1,2,1,-,1
소계,강력범죄,강제추행,외국인,필리핀,-,-,4,2,2,16,6,2,1,2,3,4
소계,강력범죄,강제추행,외국인,파키스탄,-,-,21,16,16,19,11,12,11,21,11,8
소계,강력범죄,강제추행,외국인,기타,-,-,66,64,77,91,128,142,106,90,75,94
소계,강력범죄,기타 강간·강제추행등,한국,소계,-,-,1862,1174,673,509,364,443,486,346,263,276
소계,강력범죄,기타 강간·강제추행등,외국인,소계,-,-,25,19,13,12,7,15,9,3,8,7
소계,강력범죄,기타 강간·강제추행등,외국인,미국,-,-,2,-,1,1,-,-,-,-,-,-
소계,강력범죄,기타 강간·강제추행등,외국인,중국,-,-,7,8,3,5,4,6,4,1,-,3
소계,강력범죄,기타 강간·강제추행등,외국인,일본,-,-,-,-,-,-,1,-,-,-,-,-
소계,강력범죄,기타 강간·강제추행등,외국인,몽골,-,-,2,1,2,1,1,2,-,-,-,2
소계,강력범죄,기타 강간·강제추행등,외국인,베트남,-,-,1,-,-,-,-,-,-,-,3,-
소계,강력범죄,기타 강간·강제추행등,외국인,태국,-,-,-,1,-,-,-,-,-,-,1,-
소계,강력범죄,기타 강간·강제추행등,외국인,대만,-,-,-,-,-,2,-,-,-,-,-,-
소계,강력범죄,기타 강간·강제추행등,외국인,러시아,-,-,-,-,-,-,1,1,-,1,-,-
소계,강력범죄,기타 강간·강제추행등,외국인,방글라데시,-,-,2,1,1,-,-,-,-,-,-,-
소계,강력범죄,기타 강간·강제추행등,외국인,스리랑카,-,-,3,1,-,-,-,1,-,-,-,-
소계,강력범죄,기타 강간·강제추행등,외국인,우즈베키스탄,-,-,3,2,-,1,-,-,2,1,1,-
소계,강력범죄,기타 강간·강제추행등,외국인,인도네시아,-,-,-,-,-,-,-,-,1,-,-,-
소계,강력범죄,기타 강간·강제추행등,외국인,캐나다,-,-,-,-,-,-,-,-,-,-,-,1
소계,강력범죄,기타 강간·강제추행등,외국인,키르기스스탄,-,-,-,-,-,-,-,-,-,-,-,-
소계,강력범죄,기타 강간·강제추행등,외국인,필리핀,-,-,-,-,-,-,-,-,-,-,-,-
소계,강력범죄,기타 강간·강제추행등,외국인,파키스탄,-,-,1,1,1,-,-,-,-,-,-,-
소계,강력범죄,기타 강간·강제추행등,외국인,기타,-,-,4,4,5,2,-,5,2,-,3,1
소계,강력범죄,방화,한국,소계,1502,1382,1359,1444,1485,1379,1262,1360,1296,1175,932,1128
소계,강력범죄,방화,외국인,소계,17,17,27,22,32,17,24,27,21,21,16,18
소계,강력범죄,방화,외국인,미국,2,3,2,-,-,3,3,2,-,-,-,-
소계,강력범죄,방화,외국인,중국,9,12,11,14,23,6,14,11,13,14,9,12
소계,강력범죄,방화,외국인,일본,-,-,1,-,-,-,1,-,-,-,-,-
소계,강력범죄,방화,외국인,몽골,-,-,-,1,1,3,-,1,-,1,1,2
소계,강력범죄,방화,외국인,베트남,2,-,3,1,1,-,1,3,-,-,2,1
소계,강력범죄,방화,외국인,태국,-,-,2,2,-,2,2,1,-,1,-,-
소계,강력범죄,방화,외국인,대만,2,-,1,-,1,-,-,1,-,-,-,-
소계,강력범죄,방화,외국인,러시아,1,-,-,-,-,-,2,4,2,4,1,1
소계,강력범죄,방화,외국인,방글라데시,-,-,1,-,-,-,-,1,-,-,-,-
소계,강력범죄,방화,외국인,스리랑카,-,-,-,2,-,-,-,-,-,-,-,-
소계,강력범죄,방화,외국인,우즈베키스탄,-,1,2,-,1,1,-,-,2,-,1,-
소계,강력범죄,방화,외국인,인도네시아,-,-,1,-,2,-,-,-,-,-,-,-
소계,강력범죄,방화,외국인,캐나다,-,-,-,-,-,-,-,-,-,-,1,-
소계,강력범죄,방화,외국인,키르기스스탄,-,1,-,-,-,-,-,-,-,-,-,-
소계,강력범죄,방화,외국인,필리핀,-,-,-,-,-,1,-,1,-,-,1,-
소계,강력범죄,방화,외국인,파키스탄,-,-,1,-,1,-,-,1,1,-,-,-
소계,강력범죄,방화,외국인,기타,1,-,2,2,2,1,1,1,3,1,-,2
소계,절도범죄,소계,한국,소계,109633,102880,100915,93871,100875,103604,102797,94418,98137,95669,83345,91968
소계,절도범죄,소계,외국인,소계,1757,1554,1743,1774,2291,2811,2898,2916,3158,2756,2342,2347
소계,절도범죄,소계,외국인,미국,112,102,106,99,99,99,146,95,123,97,84,97
소계,절도범죄,소계,외국인,중국,667,622,763,827,1150,1440,1359,1357,1444,1326,1265,1229
소계,절도범죄,소계,외국인,일본,6,11,10,11,44,20,23,22,40,15,9,21
소계,절도범죄,소계,외국인,몽골,294,229,203,163,181,259,220,234,195,190,116,102
소계,절도범죄,소계,외국인,베트남,228,176,180,161,175,182,162,156,194,176,174,190
소계,절도범죄,소계,외국인,태국,36,12,12,23,37,51,40,49,47,56,56,43
소계,절도범죄,소계,외국인,대만,40,35,32,43,48,53,44,66,95,52,27,49
소계,절도범죄,소계,외국인,러시아,55,43,46,74,86,139,232,226,234,153,91,82
소계,절도범죄,소계,외국인,방글라데시,7,2,8,7,11,9,6,5,12,6,6,7
소계,절도범죄,소계,외국인,스리랑카,39,23,25,17,32,43,27,29,14,17,18,4
소계,절도범죄,소계,외국인,우즈베키스탄,84,97,144,113,132,130,174,175,187,188,103,129
소계,절도범죄,소계,외국인,인도네시아,23,8,9,11,19,11,18,21,22,12,9,9
소계,절도범죄,소계,외국인,캐나다,15,16,16,18,14,24,23,26,23,23,15,28
소계,절도범죄,소계,외국인,키르기스스탄,8,3,6,8,11,8,13,12,9,15,9,10
소계,절도범죄,소계,외국인,필리핀,20,21,25,40,35,34,36,29,37,33,24,36
소계,절도범죄,소계,외국인,파키스탄,14,6,13,12,11,16,14,17,20,12,14,10
소계,절도범죄,소계,외국인,기타,109,148,145,147,206,293,361,397,462,385,322,301
소계,폭력범죄,소계,한국,소계,384288,392209,361575,349634,362937,371254,354559,340420,337792,306073,257979,267952
소계,폭력범죄,소계,외국인,소계,7754,8073,8338,8641,9786,9711,8952,8549,8769,7917,6250,6721
소계,폭력범죄,소계,외국인,미국,494,475,470,453,448,485,421,406,403,319,304,371
소계,폭력범죄,소계,외국인,중국,4994,5275,5553,5903,6671,6592,5767,5366,5410,4604,3683,3974
소계,폭력범죄,소계,외국인,일본,26,32,41,37,44,45,38,41,42,27,21,24
소계,폭력범죄,소계,외국인,몽골,452,536,435,358,399,418,405,379,363,343,269,294
소계,폭력범죄,소계,외국인,베트남,522,477,449,435,380,344,299,330,455,482,437,449
소계,폭력범죄,소계,외국인,태국,127,113,94,102,183,157,181,191,204,139,136,152
소계,폭력범죄,소계,외국인,대만,120,137,125,129,120,115,115,115,86,69,81,75
소계,폭력범죄,소계,외국인,러시아,49,70,69,87,106,162,257,254,338,307,189,218
소계,폭력범죄,소계,외국인,방글라데시,54,37,46,30,34,25,32,27,34,48,19,17
소계,폭력범죄,소계,외국인,스리랑카,142,108,90,108,153,102,63,77,53,61,35,30
소계,폭력범죄,소계,외국인,우즈베키스탄,197,163,243,244,279,296,364,369,295,353,275,264
소계,폭력범죄,소계,외국인,인도네시아,30,25,18,23,50,54,20,25,25,43,14,21
소계,폭력범죄,소계,외국인,캐나다,74,103,88,82,118,102,105,93,90,55,57,58
소계,폭력범죄,소계,외국인,키르기스스탄,6,17,16,21,26,22,36,27,36,39,22,23
소계,폭력범죄,소계,외국인,필리핀,96,69,66,61,99,101,97,67,68,92,58,68
소계,폭력범죄,소계,외국인,파키스탄,57,66,37,40,47,41,65,34,29,35,46,21
소계,폭력범죄,소계,외국인,기타,314,370,498,528,629,650,687,748,838,901,604,662
소계,폭력범죄,상해,한국,소계,87781,83453,73872,65629,60804,63843,57240,51484,47527,42277,34661,32249
소계,폭력범죄,상해,외국인,소계,1357,1397,1334,1256,1255,1852,1611,1383,1327,1275,927,949
소계,폭력범죄,상해,외국인,미국,117,112,90,79,70,76,55,44,43,41,31,34
소계,폭력범죄,상해,외국인,중국,910,904,846,818,817,1224,984,886,826,711,544,556
소계,폭력범죄,상해,외국인,일본,3,4,8,7,5,4,2,3,7,6,4,1
소계,폭력범죄,상해,외국인,몽골,77,87,61,40,41,56,67,52,46,44,28,28
소계,폭력범죄,상해,외국인,베트남,52,64,58,77,70,78,69,69,98,96,72,90
소계,폭력범죄,상해,외국인,태국,17,12,13,10,15,67,65,30,41,26,18,20
소계,폭력범죄,상해,외국인,대만,19,28,24,23,21,20,24,16,9,9,9,5
소계,폭력범죄,상해,외국인,러시아,11,21,18,16,15,37,57,34,44,79,31,41
소계,폭력범죄,상해,외국인,방글라데시,5,3,6,8,10,9,3,8,7,11,5,3
소계,폭력범죄,상해,외국인,스리랑카,14,10,11,8,13,30,8,21,11,9,12,7
소계,폭력범죄,상해,외국인,우즈베키스탄,36,37,47,52,52,48,94,61,57,69,53,45
소계,폭력범죄,상해,외국인,인도네시아,-,3,3,5,-,19,3,11,2,7,4,2
소계,폭력범죄,상해,외국인,캐나다,16,24,18,11,20,15,4,6,6,9,3,4
소계,폭력범죄,상해,외국인,키르기스스탄,-,4,4,6,3,12,9,4,5,7,4,2
소계,폭력범죄,상해,외국인,필리핀,13,14,13,12,14,19,23,11,13,8,9,13
소계,폭력범죄,상해,외국인,파키스탄,15,16,5,10,4,7,10,9,3,10,3,-
소계,폭력범죄,상해,외국인,기타,52,54,109,74,85,131,134,118,109,133,97,98
소계,폭력범죄,폭행,한국,소계,159518,165400,163355,168048,188227,212023,206067,200199,197964,174297,142199,152643
소계,폭력범죄,폭행,외국인,소계,2264,2575,2982,3118,4081,4834,4678,4602,4746,4151,3435,3589
소계,폭력범죄,폭행,외국인,미국,169,183,199,199,213,244,235,241,231,177,187,212
소계,폭력범죄,폭행,외국인,중국,1545,1678,2011,2160,2878,3354,3065,2880,2953,2550,2003,2124
소계,폭력범죄,폭행,외국인,일본,12,19,19,20,22,23,26,30,22,13,14,15
소계,폭력범죄,폭행,외국인,몽골,132,181,169,134,191,227,221,214,226,191,159,174
소계,폭력범죄,폭행,외국인,베트남,79,86,98,92,111,151,136,173,214,233,257,226
소계,폭력범죄,폭행,외국인,태국,9,11,9,17,34,35,57,66,95,68,71,75
소계,폭력범죄,폭행,외국인,대만,60,57,58,73,61,63,74,74,45,38,47,49
소계,폭력범죄,폭행,외국인,러시아,14,26,17,30,45,80,127,121,186,147,103,105
소계,폭력범죄,폭행,외국인,방글라데시,9,12,14,10,10,11,19,12,18,19,10,11
소계,폭력범죄,폭행,외국인,스리랑카,12,24,20,27,27,27,34,30,18,23,13,14
소계,폭력범죄,폭행,외국인,우즈베키스탄,48,59,85,59,80,155,178,175,157,164,146,125
소계,폭력범죄,폭행,외국인,인도네시아,5,5,2,3,2,19,12,7,9,6,4,6
소계,폭력범죄,폭행,외국인,캐나다,25,41,49,44,70,56,67,62,57,25,27,36
소계,폭력범죄,폭행,외국인,키르기스스탄,5,7,7,7,16,5,19,16,19,18,11,10
소계,폭력범죄,폭행,외국인,필리핀,14,29,18,21,48,53,40,43,39,54,30,38
소계,폭력범죄,폭행,외국인,파키스탄,16,19,17,16,22,27,30,18,16,21,24,17
소계,폭력범죄,폭행,외국인,기타,110,138,190,206,251,304,338,440,441,404,329,352
소계,폭력범죄,체포・감금,한국,소계,964,1102,1078,1098,1209,1664,1879,1584,1612,1679,1502,1397
소계,폭력범죄,체포・감금,외국인,소계,5,11,8,20,17,23,32,24,42,16,19,35
소계,폭력범죄,체포・감금,외국인,미국,-,1,2,2,2,2,1,2,1,3,3,1
소계,폭력범죄,체포・감금,외국인,중국,3,5,1,15,12,16,18,10,24,10,3,22
소계,폭력범죄,체포・감금,외국인,일본,-,-,-,-,-,-,-,-,-,-,-,-
소계,폭력범죄,체포・감금,외국인,몽골,-,2,2,-,-,-,1,-,-,-,1,1
소계,폭력범죄,체포・감금,외국인,베트남,1,3,-,1,1,-,-,2,2,1,1,-
소계,폭력범죄,체포・감금,외국인,태국,-,-,-,-,-,-,-,2,2,-,1,-
소계,폭력범죄,체포・감금,외국인,대만,-,-,-,-,-,-,1,-,1,-,-,1
소계,폭력범죄,체포・감금,외국인,러시아,-,-,-,-,-,-,-,1,5,1,4,3
소계,폭력범죄,체포・감금,외국인,방글라데시,-,-,-,-,-,1,-,-,-,-,-,1
소계,폭력범죄,체포・감금,외국인,스리랑카,-,-,-,-,1,-,-,-,-,-,1,-
소계,폭력범죄,체포・감금,외국인,우즈베키스탄,-,-,-,1,1,1,2,3,4,1,1,1
소계,폭력범죄,체포・감금,외국인,인도네시아,-,-,-,-,-,-,-,-,-,-,-,-
소계,폭력범죄,체포・감금,외국인,캐나다,1,-,-,-,-,1,-,2,-,-,-,-
소계,폭력범죄,체포・감금,외국인,키르기스스탄,-,-,-,-,-,-,-,1,2,-,-,-
소계,폭력범죄,체포・감금,외국인,필리핀,-,-,-,-,-,-,1,-,1,-,-,1
소계,폭력범죄,체포・감금,외국인,파키스탄,-,-,-,-,-,-,-,-,-,-,-,-
소계,폭력범죄,체포・감금,외국인,기타,-,-,3,1,-,2,8,1,-,-,4,4
소계,폭력범죄,협박,한국,소계,3813,4667,4633,5073,9018,16415,16240,17952,21862,21972,21536,21911
소계,폭력범죄,협박,외국인,소계,42,65,49,87,179,410,359,385,515,535,487,540
소계,폭력범죄,협박,외국인,미국,4,7,5,9,11,25,17,16,16,15,15,20
소계,폭력범죄,협박,외국인,중국,25,38,34,51,109,268,251,246,342,310,302,338
소계,폭력범죄,협박,외국인,일본,-,-,1,-,2,1,4,2,5,3,-,6
소계,폭력범죄,협박,외국인,몽골,1,1,-,3,6,9,5,8,11,15,10,15
소계,폭력범죄,협박,외국인,베트남,-,2,1,1,6,35,16,25,46,55,42,31
소계,폭력범죄,협박,외국인,태국,-,-,-,-,2,6,10,10,8,11,15,17
소계,폭력범죄,협박,외국인,대만,1,1,-,1,5,6,8,4,8,8,6,7
소계,폭력범죄,협박,외국인,러시아,-,-,-,4,2,3,9,14,8,6,12,17
소계,폭력범죄,협박,외국인,방글라데시,2,-,-,-,1,-,-,2,1,4,2,-
소계,폭력범죄,협박,외국인,스리랑카,-,-,-,-,1,2,3,3,4,8,3,5
소계,폭력범죄,협박,외국인,우즈베키스탄,4,4,6,3,8,14,4,19,11,31,20,29
소계,폭력범죄,협박,외국인,인도네시아,-,-,-,-,1,-,-,2,-,-,-,1
소계,폭력범죄,협박,외국인,캐나다,-,3,-,3,4,2,6,4,5,7,10,5
소계,폭력범죄,협박,외국인,키르기스스탄,-,-,-,1,-,3,1,-,3,1,3,3
소계,폭력범죄,협박,외국인,필리핀,-,1,-,3,5,3,4,4,7,10,9,5
소계,폭력범죄,협박,외국인,파키스탄,-,2,1,2,-,2,1,3,4,-,4,-
소계,폭력범죄,협박,외국인,기타,5,6,1,6,16,31,20,23,36,51,34,41
소계,폭력범죄,약취・유인,한국,소계,334,266,253,243,236,297,279,256,340,291,313,305
소계,폭력범죄,약취・유인,외국인,소계,6,4,7,9,16,8,6,4,11,5,5,16
소계,폭력범죄,약취・유인,외국인,미국,1,-,2,-,-,-,1,-,-,-,-,1
소계,폭력범죄,약취・유인,외국인,중국,-,2,2,2,4,-,2,1,3,1,2,9
소계,폭력범죄,약취・유인,외국인,일본,-,-,-,-,-,-,-,-,1,-,-,-
소계,폭력범죄,약취・유인,외국인,몽골,-,-,-,1,3,-,-,-,1,-,-,-
소계,폭력범죄,약취・유인,외국인,베트남,2,1,1,2,2,5,2,-,2,-,-,2
소계,폭력범죄,약취・유인,외국인,태국,-,-,-,-,-,-,-,-,-,-,1,-
소계,폭력범죄,약취・유인,외국인,대만,1,-,-,-,-,-,-,1,-,-,-,-
소계,폭력범죄,약취・유인,외국인,러시아,-,-,-,-,-,-,-,-,-,-,-,1
소계,폭력범죄,약취・유인,외국인,방글라데시,-,-,-,-,-,-,-,-,-,-,-,-
소계,폭력범죄,약취・유인,외국인,스리랑카,-,-,-,-,-,-,-,-,-,-,-,-
소계,폭력범죄,약취・유인,외국인,우즈베키스탄,-,1,1,3,2,1,-,1,1,2,-,-
소계,폭력범죄,약취・유인,외국인,인도네시아,-,-,-,-,-,-,-,-,-,-,1,-
소계,폭력범죄,약취・유인,외국인,캐나다,-,-,-,-,-,-,-,-,-,1,-,-
소계,폭력범죄,약취・유인,외국인,키르기스스탄,-,-,-,-,-,-,-,-,-,-,-,-
소계,폭력범죄,약취・유인,외국인,필리핀,-,-,-,-,-,-,-,-,-,-,-,-
소계,폭력범죄,약취・유인,외국인,파키스탄,2,-,-,-,3,-,-,-,-,-,-,-
소계,폭력범죄,약취・유인,외국인,기타,-,-,1,1,2,2,1,1,3,1,1,3
소계,폭력범죄,폭력행위등,한국,소계,99791,102799,86460,76618,69509,39146,35193,30576,27477,24383,19939,20728
소계,폭력범죄,폭력행위등,외국인,소계,3632,3457,3398,3495,3493,1817,1454,1309,1148,959,587,698
소계,폭력범죄,폭력행위등,외국인,미국,141,107,118,93,88,75,45,45,33,19,17,28
소계,폭력범죄,폭력행위등,외국인,중국,2246,2322,2325,2453,2385,1243,954,838,709,463,356,428
소계,폭력범죄,폭력행위등,외국인,일본,8,7,7,7,7,8,4,-,5,-,2,-
소계,폭력범죄,폭력행위등,외국인,몽골,199,211,158,141,114,85,61,54,28,44,16,15
소계,폭력범죄,폭력행위등,외국인,베트남,380,308,272,245,169,61,56,45,61,61,32,57
소계,폭력범죄,폭력행위등,외국인,태국,101,86,70,71,126,43,44,71,51,25,22,26
소계,폭력범죄,폭력행위등,외국인,대만,33,37,31,21,23,16,4,12,10,3,6,4
소계,폭력범죄,폭력행위등,외국인,러시아,21,20,25,26,31,18,47,44,50,42,11,26
소계,폭력범죄,폭력행위등,외국인,방글라데시,36,20,26,11,10,2,8,4,4,11,-,1
소계,폭력범죄,폭력행위등,외국인,스리랑카,115,73,57,73,107,41,14,21,19,16,3,3
소계,폭력범죄,폭력행위등,외국인,우즈베키스탄,96,46,81,102,106,54,50,74,31,39,25,29
소계,폭력범죄,폭력행위등,외국인,인도네시아,25,17,12,14,47,16,4,4,9,29,4,11
소계,폭력범죄,폭력행위등,외국인,캐나다,21,25,9,12,14,12,14,4,7,3,7,1
소계,폭력범죄,폭력행위등,외국인,키르기스스탄,-,5,4,4,6,2,5,5,5,7,1,3
소계,폭력범죄,폭력행위등,외국인,필리핀,66,24,34,23,29,21,21,4,4,11,5,5
소계,폭력범죄,폭력행위등,외국인,파키스탄,23,27,13,9,18,2,20,1,3,-,15,-
소계,폭력범죄,폭력행위등,외국인,기타,121,122,156,190,213,118,103,83,119,186,65,61
소계,폭력범죄,공갈,한국,소계,3768,5430,3173,3640,2890,3561,3469,3431,3389,3247,2664,2626
소계,폭력범죄,공갈,외국인,소계,18,25,16,34,40,77,104,90,163,187,111,128
소계,폭력범죄,공갈,외국인,미국,2,4,3,-,1,2,3,-,4,1,3,3
소계,폭력범죄,공갈,외국인,중국,10,17,6,26,32,66,80,75,107,157,97,112
소계,폭력범죄,공갈,외국인,일본,1,-,-,-,-,1,-,-,-,-,-,-
소계,폭력범죄,공갈,외국인,몽골,-,1,1,-,-,2,-,1,-,-,2,1
소계,폭력범죄,공갈,외국인,베트남,-,-,2,-,-,-,4,-,1,-,2,4
소계,폭력범죄,공갈,외국인,태국,-,-,-,3,-,1,-,2,-,-,1,1
소계,폭력범죄,공갈,외국인,대만,-,-,1,-,1,-,-,1,-,1,1,-
소계,폭력범죄,공갈,외국인,러시아,-,-,-,-,-,-,3,-,2,-,-,-
소계,폭력범죄,공갈,외국인,방글라데시,2,-,-,-,3,1,1,-,1,-,-,-
소계,폭력범죄,공갈,외국인,스리랑카,-,-,-,-,-,-,1,-,-,1,-,-
소계,폭력범죄,공갈,외국인,우즈베키스탄,-,3,2,1,1,2,4,-,2,1,2,3
소계,폭력범죄,공갈,외국인,인도네시아,-,-,-,-,-,-,-,-,3,1,-,-
소계,폭력범죄,공갈,외국인,캐나다,2,-,-,3,1,-,4,-,-,-,-,-
소계,폭력범죄,공갈,외국인,키르기스스탄,-,-,-,-,-,-,-,-,-,-,1,-
소계,폭력범죄,공갈,외국인,필리핀,-,-,-,-,-,1,-,-,-,-,-,-
소계,폭력범죄,공갈,외국인,파키스탄,1,-,-,-,-,1,1,-,-,-,-,1
소계,폭력범죄,공갈,외국인,기타,-,-,1,1,1,-,3,11,43,25,2,3
소계,폭력범죄,손괴,한국,소계,28319,29092,28751,29285,31044,34305,34192,34938,37621,37927,35165,36093
소계,폭력범죄,손괴,외국인,소계,430,539,544,622,705,690,708,752,817,789,679,766
소계,폭력범죄,손괴,외국인,미국,60,61,51,71,63,61,64,58,75,63,48,72
소계,폭력범죄,손괴,외국인,중국,255,309,328,378,434,421,413,430,446,402,376,385
소계,폭력범죄,손괴,외국인,일본,2,2,6,3,8,8,2,6,2,5,1,2
소계,폭력범죄,손괴,외국인,몽골,43,53,44,39,44,39,50,50,51,49,53,60
소계,폭력범죄,손괴,외국인,베트남,8,13,17,17,21,14,16,16,31,36,31,39
소계,폭력범죄,손괴,외국인,태국,-,4,2,1,6,5,5,10,7,9,7,13
소계,폭력범죄,손괴,외국인,대만,6,14,11,11,9,10,4,7,13,10,12,9
소계,폭력범죄,손괴,외국인,러시아,3,3,9,11,13,24,14,40,43,32,28,25
소계,폭력범죄,손괴,외국인,방글라데시,-,2,-,1,-,1,1,1,3,3,2,1
소계,폭력범죄,손괴,외국인,스리랑카,1,1,2,-,4,2,3,2,1,4,3,1
소계,폭력범죄,손괴,외국인,우즈베키스탄,13,13,21,23,29,21,32,36,32,46,28,32
소계,폭력범죄,손괴,외국인,인도네시아,-,-,1,1,-,-,1,1,2,-,1,1
소계,폭력범죄,손괴,외국인,캐나다,9,10,12,9,9,16,10,15,15,10,10,12
소계,폭력범죄,손괴,외국인,키르기스스탄,1,1,1,3,1,-,2,1,2,6,2,5
소계,폭력범죄,손괴,외국인,필리핀,3,1,1,2,3,4,8,5,4,9,5,6
소계,폭력범죄,손괴,외국인,파키스탄,-,2,1,3,-,2,3,3,3,4,-,3
소계,폭력범죄,손괴,외국인,기타,26,50,37,49,61,62,80,71,87,101,72,100
소계,지능범죄,소계,한국,소계,325838,278012,301726,283211,290598,283258,265579,288268,304394,302695,206450,215520
소계,지능범죄,소계,외국인,소계,3561,2231,2299,2888,3781,3767,3538,3846,4388,5011,3931,4180
소계,지능범죄,소계,외국인,미국,247,209,220,245,244,243,258,277,287,229,179,220
소계,지능범죄,소계,외국인,중국,2214,1249,1275,1847,2543,2435,2146,2203,2418,2942,2434,2446
소계,지능범죄,소계,외국인,일본,31,26,20,30,28,25,27,30,22,37,21,26
소계,지능범죄,소계,외국인,몽골,81,52,52,43,77,68,82,83,88,97,53,113
소계,지능범죄,소계,외국인,베트남,408,285,239,160,202,209,227,212,407,457,347,431
소계,지능범죄,소계,외국인,태국,36,29,40,26,31,33,35,42,47,94,77,174
소계,지능범죄,소계,외국인,대만,164,72,98,124,81,88,78,97,107,95,68,68
소계,지능범죄,소계,외국인,러시아,25,11,18,31,36,49,79,60,72,77,91,76
소계,지능범죄,소계,외국인,방글라데시,15,15,6,12,9,17,12,5,13,30,17,11
소계,지능범죄,소계,외국인,스리랑카,35,23,24,23,29,21,25,23,23,18,8,4
소계,지능범죄,소계,외국인,우즈베키스탄,35,29,42,54,65,71,101,111,127,167,149,155
소계,지능범죄,소계,외국인,인도네시아,19,6,9,13,11,25,18,10,19,28,28,16
소계,지능범죄,소계,외국인,캐나다,28,46,45,37,48,46,34,60,35,41,44,36
소계,지능범죄,소계,외국인,키르기스스탄,8,5,3,4,13,14,11,15,5,7,8,9
소계,지능범죄,소계,외국인,필리핀,26,21,16,21,38,59,30,39,32,57,44,35
소계,지능범죄,소계,외국인,파키스탄,54,23,34,19,23,31,24,20,22,35,27,9
소계,지능범죄,소계,외국인,기타,135,130,158,199,303,333,351,559,664,600,336,351
소계,지능범죄,직무유기,한국,소계,669,823,802,801,859,642,663,713,788,946,810,834
소계,지능범죄,직무유기,외국인,소계,-,-,-,-,1,-,-,-,-,1,-,-
소계,지능범죄,직무유기,외국인,미국,-,-,-,-,-,-,-,-,-,-,-,-
소계,지능범죄,직무유기,외국인,중국,-,-,-,-,-,-,-,-,-,-,-,-
소계,지능범죄,직무유기,외국인,일본,-,-,-,-,-,-,-,-,-,-,-,-
소계,지능범죄,직무유기,외국인,몽골,-,-,-,-,-,-,-,-,-,-,-,-
소계,지능범죄,직무유기,외국인,베트남,-,-,-,-,-,-,-,-,-,-,-,-
소계,지능범죄,직무유기,외국인,태국,-,-,-,-,-,-,-,-,-,-,-,-
소계,지능범죄,직무유기,외국인,대만,-,-,-,-,-,-,-,-,-,-,-,-
소계,지능범죄,직무유기,외국인,러시아,-,-,-,-,-,-,-,-,-,-,-,-
소계,지능범죄,직무유기,외국인,방글라데시,-,-,-,-,-,-,-,-,-,-,-,-
소계,지능범죄,직무유기,외국인,스리랑카,-,-,-,-,-,-,-,-,-,-,-,-
소계,지능범죄,직무유기,외국인,우즈베키스탄,-,-,-,-,1,-,-,-,-,-,-,-
소계,지능범죄,직무유기,외국인,인도네시아,-,-,-,-,-,-,-,-,-,-,-,-
소계,지능범죄,직무유기,외국인,캐나다,-,-,-,-,-,-,-,-,-,-,-,-
소계,지능범죄,직무유기,외국인,키르기스스탄,-,-,-,-,-,-,-,-,-,-,-,-
소계,지능범죄,직무유기,외국인,필리핀,-,-,-,-,-,-,-,-,-,-,-,-
소계,지능범죄,직무유기,외국인,파키스탄,-,-,-,-,-,-,-,-,-,-,-,-
소계,지능범죄,직무유기,외국인,기타,-,-,-,-,-,-,-,-,-,1,-,-
소계,지능범죄,직권남용,한국,소계,357,409,523,595,587,577,679,811,974,1021,857,1019
소계,지능범죄,직권남용,외국인,소계,-,-,-,-,-,-,-,-,-,-,-,1
소계,지능범죄,직권남용,외국인,미국,-,-,-,-,-,-,-,-,-,-,-,-
소계,지능범죄,직권남용,외국인,중국,-,-,-,-,-,-,-,-,-,-,-,1
소계,지능범죄,직권남용,외국인,일본,-,-,-,-,-,-,-,-,-,-,-,-
소계,지능범죄,직권남용,외국인,몽골,-,-,-,-,-,-,-,-,-,-,-,-
소계,지능범죄,직권남용,외국인,베트남,-,-,-,-,-,-,-,-,-,-,-,-
소계,지능범죄,직권남용,외국인,태국,-,-,-,-,-,-,-,-,-,-,-,-
소계,지능범죄,직권남용,외국인,대만,-,-,-,-,-,-,-,-,-,-,-,-
소계,지능범죄,직권남용,외국인,러시아,-,-,-,-,-,-,-,-,-,-,-,-
소계,지능범죄,직권남용,외국인,방글라데시,-,-,-,-,-,-,-,-,-,-,-,-
소계,지능범죄,직권남용,외국인,스리랑카,-,-,-,-,-,-,-,-,-,-,-,-
소계,지능범죄,직권남용,외국인,우즈베키스탄,-,-,-,-,-,-,-,-,-,-,-,-
소계,지능범죄,직권남용,외국인,인도네시아,-,-,-,-,-,-,-,-,-,-,-,-
소계,지능범죄,직권남용,외국인,캐나다,-,-,-,-,-,-,-,-,-,-,-,-
소계,지능범죄,직권남용,외국인,키르기스스탄,-,-,-,-,-,-,-,-,-,-,-,-
소계,지능범죄,직권남용,외국인,필리핀,-,-,-,-,-,-,-,-,-,-,-,-
소계,지능범죄,직권남용,외국인,파키스탄,-,-,-,-,-,-,-,-,-,-,-,-
소계,지능범죄,직권남용,외국인,기타,-,-,-,-,-,-,-,-,-,-,-,-
소계,지능범죄,증수뢰,한국,소계,1238,829,854,847,839,784,1126,1130,938,803,650,702
소계,지능범죄,증수뢰,외국인,소계,1,3,1,1,3,4,2,1,4,4,1,1
소계,지능범죄,증수뢰,외국인,미국,-,1,-,-,1,-,-,-,1,-,-,-
소계,지능범죄,증수뢰,외국인,중국,1,2,1,-,2,4,2,1,3,2,1,1
소계,지능범죄,증수뢰,외국인,일본,-,-,-,-,-,-,-,-,-,1,-,-
소계,지능범죄,증수뢰,외국인,몽골,-,-,-,-,-,-,-,-,-,-,-,-
소계,지능범죄,증수뢰,외국인,베트남,-,-,-,-,-,-,-,-,-,-,-,-
소계,지능범죄,증수뢰,외국인,태국,-,-,-,-,-,-,-,-,-,-,-,-
소계,지능범죄,증수뢰,외국인,대만,-,-,-,1,-,-,-,-,-,-,-,-
소계,지능범죄,증수뢰,외국인,러시아,-,-,-,-,-,-,-,-,-,-,-,-
소계,지능범죄,증수뢰,외국인,방글라데시,-,-,-,-,-,-,-,-,-,-,-,-
소계,지능범죄,증수뢰,외국인,스리랑카,-,-,-,-,-,-,-,-,-,-,-,-
소계,지능범죄,증수뢰,외국인,우즈베키스탄,-,-,-,-,-,-,-,-,-,-,-,-
소계,지능범죄,증수뢰,외국인,인도네시아,-,-,-,-,-,-,-,-,-,-,-,-
소계,지능범죄,증수뢰,외국인,캐나다,-,-,-,-,-,-,-,-,-,-,-,-
소계,지능범죄,증수뢰,외국인,키르기스스탄,-,-,-,-,-,-,-,-,-,-,-,-
소계,지능범죄,증수뢰,외국인,필리핀,-,-,-,-,-,-,-,-,-,-,-,-
소계,지능범죄,증수뢰,외국인,파키스탄,-,-,-,-,-,-,-,-,-,-,-,-
소계,지능범죄,증수뢰,외국인,기타,-,-,-,-,-,-,-,-,-,1,-,-
소계,지능범죄,통화,한국,소계,112,162,427,329,284,216,523,250,130,78,58,40
소계,지능범죄,통화,외국인,소계,9,1,7,5,2,4,8,5,13,8,-,2
소계,지능범죄,통화,외국인,미국,3,-,-,-,-,1,4,-,2,-,-,-
소계,지능범죄,통화,외국인,중국,-,-,-,1,1,1,2,-,6,1,-,1
소계,지능범죄,통화,외국인,일본,-,-,-,-,-,-,-,-,-,-,-,-
소계,지능범죄,통화,외국인,몽골,-,-,-,-,-,-,-,-,-,-,-,-
소계,지능범죄,통화,외국인,베트남,1,-,1,-,-,-,1,-,-,-,-,-
소계,지능범죄,통화,외국인,태국,-,-,1,1,-,-,-,-,-,1,-,-
소계,지능범죄,통화,외국인,대만,-,-,-,-,-,-,-,1,1,2,-,-
소계,지능범죄,통화,외국인,러시아,1,-,-,-,-,-,-,2,2,1,-,-
소계,지능범죄,통화,외국인,방글라데시,-,-,-,-,-,-,-,-,-,-,-,-
소계,지능범죄,통화,외국인,스리랑카,-,-,-,-,-,-,-,-,-,1,-,-
소계,지능범죄,통화,외국인,우즈베키스탄,3,-,-,-,-,-,-,-,-,1,-,-
소계,지능범죄,통화,외국인,인도네시아,-,-,-,-,-,-,-,-,-,-,-,-
소계,지능범죄,통화,외국인,캐나다,-,-,-,-,-,1,-,-,-,-,-,-
소계,지능범죄,통화,외국인,키르기스스탄,-,-,-,-,-,-,-,-,-,-,-,-
소계,지능범죄,통화,외국인,필리핀,1,-,2,-,-,-,-,-,-,-,-,-
소계,지능범죄,통화,외국인,파키스탄,-,-,3,-,-,-,-,-,-,-,-,-
소계,지능범죄,통화,외국인,기타,-,1,-,3,1,1,1,2,2,1,-,1
소계,지능범죄,문서・인장,한국,소계,20878,18680,19805,18932,18406,17505,15478,15322,15854,15138,11204,11579
소계,지능범죄,문서・인장,외국인,소계,1227,799,601,528,616,519,440,254,399,327,237,285
소계,지능범죄,문서・인장,외국인,미국,14,12,13,22,12,12,12,24,20,14,15,8
소계,지능범죄,문서・인장,외국인,중국,709,418,301,297,269,230,215,87,93,96,66,62
소계,지능범죄,문서・인장,외국인,일본,2,1,5,-,1,-,2,3,3,3,-,3
소계,지능범죄,문서・인장,외국인,몽골,18,17,11,9,12,6,8,12,7,3,4,14
소계,지능범죄,문서・인장,외국인,베트남,338,244,162,98,121,123,98,49,189,115,38,107
소계,지능범죄,문서・인장,외국인,태국,25,24,20,13,15,11,8,3,5,5,5,13
소계,지능범죄,문서・인장,외국인,대만,4,3,9,9,5,3,2,4,4,9,5,2
소계,지능범죄,문서・인장,외국인,러시아,2,1,2,2,4,9,10,1,11,9,5,8
소계,지능범죄,문서・인장,외국인,방글라데시,7,7,4,5,4,4,1,1,3,10,2,1
소계,지능범죄,문서・인장,외국인,스리랑카,35,17,11,3,13,10,4,6,2,5,1,-
소계,지능범죄,문서・인장,외국인,우즈베키스탄,7,6,7,18,14,15,17,26,22,18,46,26
소계,지능범죄,문서・인장,외국인,인도네시아,3,4,3,11,3,6,2,-,1,1,2,2
소계,지능범죄,문서・인장,외국인,캐나다,2,3,6,2,5,3,-,3,-,1,3,2
소계,지능범죄,문서・인장,외국인,키르기스스탄,2,2,1,1,3,2,5,-,2,2,1,2
소계,지능범죄,문서・인장,외국인,필리핀,8,11,9,7,7,21,10,1,-,3,2,3
소계,지능범죄,문서・인장,외국인,파키스탄,29,11,16,6,10,12,5,2,2,4,5,4
소계,지능범죄,문서・인장,외국인,기타,22,18,21,25,118,52,41,32,35,29,37,28
소계,지능범죄,유가증권인지,한국,소계,1017,632,547,551,397,373,326,293,204,116,68,78
소계,지능범죄,유가증권인지,외국인,소계,8,1,1,1,2,-,4,2,4,1,-,-
소계,지능범죄,유가증권인지,외국인,미국,1,-,-,-,-,-,-,1,1,1,-,-
소계,지능범죄,유가증권인지,외국인,중국,1,-,-,-,-,-,2,-,2,-,-,-
소계,지능범죄,유가증권인지,외국인,일본,-,-,-,1,-,-,-,1,-,-,-,-
소계,지능범죄,유가증권인지,외국인,몽골,-,-,-,-,-,-,-,-,-,-,-,-
소계,지능범죄,유가증권인지,외국인,베트남,3,-,-,-,-,-,-,-,-,-,-,-
소계,지능범죄,유가증권인지,외국인,태국,-,-,-,-,-,-,-,-,-,-,-,-
소계,지능범죄,유가증권인지,외국인,대만,1,-,-,-,-,-,-,-,-,-,-,-
소계,지능범죄,유가증권인지,외국인,러시아,-,-,-,-,-,-,-,-,-,-,-,-
소계,지능범죄,유가증권인지,외국인,방글라데시,-,-,-,-,-,-,-,-,-,-,-,-
소계,지능범죄,유가증권인지,외국인,스리랑카,-,-,-,-,-,-,-,-,-,-,-,-
소계,지능범죄,유가증권인지,외국인,우즈베키스탄,-,-,-,-,-,-,-,-,-,-,-,-
소계,지능범죄,유가증권인지,외국인,인도네시아,-,-,-,-,-,-,-,-,-,-,-,-
소계,지능범죄,유가증권인지,외국인,캐나다,-,1,-,-,-,-,-,-,1,-,-,-
소계,지능범죄,유가증권인지,외국인,키르기스스탄,-,-,-,-,-,-,-,-,-,-,-,-
소계,지능범죄,유가증권인지,외국인,필리핀,-,-,-,-,-,-,-,-,-,-,-,-
소계,지능범죄,유가증권인지,외국인,파키스탄,-,-,-,-,-,-,-,-,-,-,-,-
소계,지능범죄,유가증권인지,외국인,기타,2,-,1,-,2,-,2,-,-,-,-,-
소계,지능범죄,사기,한국,소계,262539,219696,237887,220165,225486,220561,206059,227013,242988,241119,159695,166300
소계,지능범죄,사기,외국인,소계,2095,1191,1422,2008,2719,2649,2423,2841,3172,3890,3141,3228
소계,지능범죄,사기,외국인,미국,186,150,163,167,179,189,186,182,190,168,128,158
소계,지능범죄,사기,외국인,중국,1407,728,849,1385,2077,1907,1603,1765,1898,2419,2059,2010
소계,지능범죄,사기,외국인,일본,26,20,10,22,21,16,18,20,17,28,18,16
소계,지능범죄,사기,외국인,몽골,52,25,33,30,36,42,37,35,48,71,29,83
소계,지능범죄,사기,외국인,베트남,55,30,58,45,48,58,86,123,159,284,264,274
소계,지능범죄,사기,외국인,태국,6,3,17,9,10,14,20,28,30,71,66,153
소계,지능범죄,사기,외국인,대만,152,51,73,102,63,57,58,69,86,72,47,45
소계,지능범죄,사기,외국인,러시아,18,6,13,21,29,32,49,34,40,47,62,58
소계,지능범죄,사기,외국인,방글라데시,7,7,2,5,3,9,9,4,9,16,12,8
소계,지능범죄,사기,외국인,스리랑카,-,5,11,9,8,5,12,13,18,10,6,3
소계,지능범죄,사기,외국인,우즈베키스탄,23,16,29,24,33,34,50,51,58,109,84,98
소계,지능범죄,사기,외국인,인도네시아,15,2,4,-,7,7,5,4,15,20,19,8
소계,지능범죄,사기,외국인,캐나다,22,34,30,28,28,31,28,49,26,36,31,23
소계,지능범죄,사기,외국인,키르기스스탄,4,3,1,3,9,9,2,10,2,4,7,5
소계,지능범죄,사기,외국인,필리핀,11,7,4,7,25,27,13,24,25,43,39,26
소계,지능범죄,사기,외국인,파키스탄,24,11,13,11,9,17,16,14,11,26,19,5
소계,지능범죄,사기,외국인,기타,87,93,112,140,134,195,231,416,540,466,251,255
소계,지능범죄,횡령,한국,소계,31181,29298,32486,31669,35542,35016,32942,34564,34409,35216,27465,29369
소계,지능범죄,횡령,외국인,소계,208,209,237,306,403,567,638,706,754,714,505,637
소계,지능범죄,횡령,외국인,미국,37,35,34,47,37,31,45,57,54,39,24,48
소계,지능범죄,횡령,외국인,중국,94,97,119,143,188,291,316,344,411,379,293,362
소계,지능범죄,횡령,외국인,일본,2,3,1,5,3,9,7,2,2,5,2,7
소계,지능범죄,횡령,외국인,몽골,11,10,8,4,29,20,36,36,33,22,20,16
소계,지능범죄,횡령,외국인,베트남,11,11,18,17,30,28,42,40,57,51,34,47
소계,지능범죄,횡령,외국인,태국,5,2,2,3,6,8,7,10,12,17,5,8
소계,지능범죄,횡령,외국인,대만,7,12,13,10,11,24,17,19,11,9,12,18
소계,지능범죄,횡령,외국인,러시아,3,4,3,6,3,8,20,23,18,20,24,10
소계,지능범죄,횡령,외국인,방글라데시,1,1,-,2,2,4,2,-,1,4,3,2
소계,지능범죄,횡령,외국인,스리랑카,-,1,2,11,8,6,9,4,3,2,1,1
소계,지능범죄,횡령,외국인,우즈베키스탄,2,6,6,12,17,22,34,33,46,37,19,31
소계,지능범죄,횡령,외국인,인도네시아,1,-,2,2,1,12,11,6,2,7,7,6
소계,지능범죄,횡령,외국인,캐나다,3,7,7,7,11,8,2,5,5,4,8,9
소계,지능범죄,횡령,외국인,키르기스스탄,2,-,1,-,1,3,4,5,1,1,-,2
소계,지능범죄,횡령,외국인,필리핀,6,3,1,7,6,11,7,14,7,11,3,6
소계,지능범죄,횡령,외국인,파키스탄,1,1,2,2,4,2,3,4,9,5,3,-
소계,지능범죄,횡령,외국인,기타,22,16,18,28,46,80,76,104,82,101,47,64
소계,지능범죄,배임,한국,소계,7847,7483,8395,9322,8198,7584,7783,8172,8109,8258,5643,5599
소계,지능범죄,배임,외국인,소계,13,27,30,39,35,24,23,37,42,66,47,26
소계,지능범죄,배임,외국인,미국,6,11,10,9,15,10,11,13,19,7,12,6
소계,지능범죄,배임,외국인,중국,2,4,5,21,6,2,6,6,5,45,15,9
소계,지능범죄,배임,외국인,일본,1,2,4,2,3,-,-,4,-,-,1,-
소계,지능범죄,배임,외국인,몽골,-,-,-,-,-,-,1,-,-,1,-,-
소계,지능범죄,배임,외국인,베트남,-,-,-,-,3,-,-,-,2,7,11,3
소계,지능범죄,배임,외국인,태국,-,-,-,-,-,-,-,1,-,-,1,-
소계,지능범죄,배임,외국인,대만,-,6,3,2,2,4,1,4,5,3,4,3
소계,지능범죄,배임,외국인,러시아,1,-,-,2,-,-,-,-,1,-,-,-
소계,지능범죄,배임,외국인,방글라데시,-,-,-,-,-,-,-,-,-,-,-,-
소계,지능범죄,배임,외국인,스리랑카,-,-,-,-,-,-,-,-,-,-,-,-
소계,지능범죄,배임,외국인,우즈베키스탄,-,1,-,-,-,-,-,1,1,2,-,-
소계,지능범죄,배임,외국인,인도네시아,-,-,-,-,-,-,-,-,1,-,-,-
소계,지능범죄,배임,외국인,캐나다,1,1,2,-,4,3,4,3,3,-,2,2
소계,지능범죄,배임,외국인,키르기스스탄,-,-,-,-,-,-,-,-,-,-,-,-
소계,지능범죄,배임,외국인,필리핀,-,-,-,-,-,-,-,-,-,-,-,-
소계,지능범죄,배임,외국인,파키스탄,-,-,-,-,-,-,-,-,-,-,-,-
소계,지능범죄,배임,외국인,기타,2,2,6,3,2,5,-,5,5,1,1,3
소계,풍속범죄,소계,한국,소계,58407,49861,47089,40808,39980,44326,35018,31491,33042,33922,28510,30402
소계,풍속범죄,소계,외국인,소계,2976,1044,925,886,1103,823,763,692,737,749,520,589
소계,풍속범죄,소계,외국인,미국,8,17,25,18,29,28,25,21,38,30,23,36
소계,풍속범죄,소계,외국인,중국,2521,829,659,642,899,636,540,515,516,467,324,291
소계,풍속범죄,소계,외국인,일본,3,7,11,7,5,4,11,16,9,2,3,2
소계,풍속범죄,소계,외국인,몽골,-,2,3,4,3,11,10,7,11,13,7,7
소계,풍속범죄,소계,외국인,베트남,237,115,70,100,58,29,32,29,34,84,56,155
소계,풍속범죄,소계,외국인,태국,129,29,8,20,6,19,14,8,12,20,26,22
소계,풍속범죄,소계,외국인,대만,25,11,21,10,26,14,25,9,18,13,6,4
소계,풍속범죄,소계,외국인,러시아,1,-,-,1,1,2,8,5,7,14,1,5
소계,풍속범죄,소계,외국인,방글라데시,1,1,9,4,6,4,2,2,-,2,1,2
소계,풍속범죄,소계,외국인,스리랑카,30,1,6,7,10,4,5,3,-,5,5,4
소계,풍속범죄,소계,외국인,우즈베키스탄,1,7,13,10,7,8,11,6,12,23,6,13
소계,풍속범죄,소계,외국인,인도네시아,2,4,8,6,4,-,5,3,1,2,4,4
소계,풍속범죄,소계,외국인,캐나다,2,1,1,5,7,7,8,7,9,5,2,3
소계,풍속범죄,소계,외국인,키르기스스탄,-,1,-,1,1,1,1,-,1,1,-,1
소계,풍속범죄,소계,외국인,필리핀,6,3,56,3,6,4,11,12,10,1,6,3
소계,풍속범죄,소계,외국인,파키스탄,-,3,7,6,1,2,2,2,3,10,4,2
소계,풍속범죄,소계,외국인,기타,10,13,28,42,34,50,53,47,56,57,46,35
소계,풍속범죄,성풍속범죄,한국,소계,15121,16182,18462,13708,11666,10962,11743,12441,12170,13297,14356,19113
소계,풍속범죄,성풍속범죄,외국인,소계,88,139,226,237,251,245,303,272,303,249,193,238
소계,풍속범죄,성풍속범죄,외국인,미국,8,13,22,12,26,19,24,19,32,27,22,35
소계,풍속범죄,성풍속범죄,외국인,중국,33,65,84,97,116,124,134,114,135,107,77,91
소계,풍속범죄,성풍속범죄,외국인,일본,3,7,10,7,5,4,10,16,9,2,3,2
소계,풍속범죄,성풍속범죄,외국인,몽골,-,2,3,4,3,10,10,7,11,13,7,7
소계,풍속범죄,성풍속범죄,외국인,베트남,18,13,26,34,19,9,15,27,16,11,16,25
소계,풍속범죄,성풍속범죄,외국인,태국,3,2,4,8,2,4,6,8,7,2,8,5
소계,풍속범죄,성풍속범죄,외국인,대만,2,5,7,3,11,9,7,5,13,8,1,4
소계,풍속범죄,성풍속범죄,외국인,러시아,1,-,-,1,1,2,8,5,7,5,1,3
소계,풍속범죄,성풍속범죄,외국인,방글라데시,1,1,9,4,-,4,2,2,-,2,1,1
소계,풍속범죄,성풍속범죄,외국인,스리랑카,2,1,6,7,10,4,5,3,-,5,5,4
소계,풍속범죄,성풍속범죄,외국인,우즈베키스탄,-,7,13,10,7,8,11,6,12,7,4,13
소계,풍속범죄,성풍속범죄,외국인,인도네시아,2,4,8,6,4,-,5,3,1,2,4,4
소계,풍속범죄,성풍속범죄,외국인,캐나다,2,1,1,4,7,6,8,5,8,4,2,3
소계,풍속범죄,성풍속범죄,외국인,키르기스스탄,-,1,-,1,1,1,1,-,1,-,-,1
소계,풍속범죄,성풍속범죄,외국인,필리핀,6,2,4,3,6,4,5,5,3,1,6,3
소계,풍속범죄,성풍속범죄,외국인,파키스탄,-,3,7,6,1,2,2,2,3,10,4,2
소계,풍속범죄,성풍속범죄,외국인,기타,7,12,22,30,32,35,50,45,45,43,32,35
소계,풍속범죄,도박범죄,한국,소계,43286,33679,28627,27100,28314,33364,23275,19050,20872,20625,14154,11289
소계,풍속범죄,도박범죄,외국인,소계,2888,905,699,649,852,578,460,420,434,500,327,351
소계,풍속범죄,도박범죄,외국인,미국,-,4,3,6,3,9,1,2,6,3,1,1
소계,풍속범죄,도박범죄,외국인,중국,2488,764,575,545,783,512,406,401,381,360,247,200
소계,풍속범죄,도박범죄,외국인,일본,-,-,1,-,-,-,1,-,-,-,-,-
소계,풍속범죄,도박범죄,외국인,몽골,-,-,-,-,-,1,-,-,-,-,-,-
소계,풍속범죄,도박범죄,외국인,베트남,219,102,44,66,39,20,17,2,18,73,40,130
소계,풍속범죄,도박범죄,외국인,태국,126,27,4,12,4,15,8,-,5,18,18,17
소계,풍속범죄,도박범죄,외국인,대만,23,6,14,7,15,5,18,4,5,5,5,-
소계,풍속범죄,도박범죄,외국인,러시아,-,-,-,-,-,-,-,-,-,9,-,2
소계,풍속범죄,도박범죄,외국인,방글라데시,-,-,-,-,6,-,-,-,-,-,-,1
소계,풍속범죄,도박범죄,외국인,스리랑카,28,-,-,-,-,-,-,-,-,-,-,-
소계,풍속범죄,도박범죄,외국인,우즈베키스탄,1,-,-,-,-,-,-,-,-,16,2,-
소계,풍속범죄,도박범죄,외국인,인도네시아,-,-,-,-,-,-,-,-,-,-,-,-
소계,풍속범죄,도박범죄,외국인,캐나다,-,-,-,1,-,1,-,2,1,1,-,-
소계,풍속범죄,도박범죄,외국인,키르기스스탄,-,-,-,-,-,-,-,-,-,1,-,-
소계,풍속범죄,도박범죄,외국인,필리핀,-,1,52,-,-,-,6,7,7,-,-,-
소계,풍속범죄,도박범죄,외국인,파키스탄,-,-,-,-,-,-,-,-,-,-,-,-
소계,풍속범죄,도박범죄,외국인,기타,3,1,6,12,2,15,3,2,11,14,14,-
소계,특별경제범죄,소계,한국,소계,90683,92617,82445,86638,88642,76321,71273,74245,77938,66676,46077,49829
소계,특별경제범죄,소계,외국인,소계,939,810,863,1010,1714,1348,1179,1103,1237,1228,769,844
소계,특별경제범죄,소계,외국인,미국,36,48,66,42,45,69,66,53,61,51,26,46
소계,특별경제범죄,소계,외국인,중국,644,438,602,708,1351,1002,840,760,864,882,537,594
소계,특별경제범죄,소계,외국인,일본,7,15,5,9,15,9,5,7,6,6,3,2
소계,특별경제범죄,소계,외국인,몽골,30,21,27,28,64,26,37,30,27,21,5,16
소계,특별경제범죄,소계,외국인,베트남,98,112,45,21,31,24,23,17,27,34,43,56
소계,특별경제범죄,소계,외국인,태국,3,1,-,2,2,8,5,4,10,14,9,8
소계,특별경제범죄,소계,외국인,대만,14,20,23,26,18,19,21,25,25,20,7,7
소계,특별경제범죄,소계,외국인,러시아,6,14,5,26,34,13,25,19,21,30,28,13
소계,특별경제범죄,소계,외국인,방글라데시,2,6,4,6,1,7,6,9,6,6,8,1
소계,특별경제범죄,소계,외국인,스리랑카,4,2,1,2,5,5,4,3,7,3,-,1
소계,특별경제범죄,소계,외국인,우즈베키스탄,25,17,13,28,27,29,25,33,24,30,23,18
소계,특별경제범죄,소계,외국인,인도네시아,3,5,4,5,7,1,1,3,1,2,5,2
소계,특별경제범죄,소계,외국인,캐나다,10,10,6,11,11,14,4,16,11,13,9,12
소계,특별경제범죄,소계,외국인,키르기스스탄,4,-,1,1,2,-,2,5,2,5,5,1
소계,특별경제범죄,소계,외국인,필리핀,4,27,3,19,14,6,4,-,1,5,3,4
소계,특별경제범죄,소계,외국인,파키스탄,6,11,1,3,4,11,5,5,4,3,5,-
소계,특별경제범죄,소계,외국인,기타,43,63,57,73,83,105,106,114,140,103,53,63
소계,마약범죄,소계,한국,소계,5173,4510,4849,4952,6527,7797,7934,7128,8848,10247,8609,10270
소계,마약범죄,소계,외국인,소계,236,221,200,312,386,646,578,549,1027,1383,1564,1678
소계,마약범죄,소계,외국인,미국,70,78,61,53,31,30,28,25,25,31,21,18
소계,마약범죄,소계,외국인,중국,81,42,62,108,166,325,222,227,282,269,272,384
소계,마약범죄,소계,외국인,일본,-,1,-,1,1,3,1,1,1,2,1,2
소계,마약범죄,소계,외국인,몽골,-,-,-,-,-,-,-,-,-,7,3,2
소계,마약범죄,소계,외국인,베트남,22,20,7,25,17,4,3,27,38,87,260,330
소계,마약범죄,소계,외국인,태국,16,15,8,72,92,205,215,181,409,694,726,779
소계,마약범죄,소계,외국인,대만,3,2,3,-,-,6,3,4,7,7,4,2
소계,마약범죄,소계,외국인,러시아,5,18,4,8,3,1,11,8,57,75,80,38
소계,마약범죄,소계,외국인,방글라데시,-,-,-,-,2,-,1,-,1,1,1,1
소계,마약범죄,소계,외국인,스리랑카,7,6,2,3,11,1,2,7,8,10,5,10
소계,마약범죄,소계,외국인,우즈베키스탄,-,12,12,12,14,15,22,20,88,85,76,30
소계,마약범죄,소계,외국인,인도네시아,-,-,2,1,2,-,-,-,1,-,1,11
소계,마약범죄,소계,외국인,캐나다,9,12,3,9,5,10,3,4,7,8,5,9
소계,마약범죄,소계,외국인,키르기스스탄,1,2,1,1,-,-,2,1,3,7,8,6
소계,마약범죄,소계,외국인,필리핀,3,3,20,-,8,2,1,3,2,3,1,2
소계,마약범죄,소계,외국인,파키스탄,-,-,1,-,3,-,4,1,-,-,1,-
소계,마약범죄,소계,외국인,기타,19,10,14,19,31,44,60,40,98,97,99,54
소계,보건범죄,소계,한국,소계,19405,18910,22363,21236,19980,20768,18329,16063,16588,20338,37620,54744
소계,보건범죄,소계,외국인,소계,1040,621,683,849,741,881,801,902,1436,1472,1323,1976
소계,보건범죄,소계,외국인,미국,16,30,27,25,21,22,26,10,13,44,71,121
소계,보건범죄,소계,외국인,중국,760,436,472,443,402,516,383,367,557,500,568,801
소계,보건범죄,소계,외국인,일본,4,4,4,3,10,4,9,1,5,5,7,7
소계,보건범죄,소계,외국인,몽골,15,4,18,8,4,8,1,1,4,7,25,68
소계,보건범죄,소계,외국인,베트남,1,1,5,31,12,5,10,8,16,69,138,176
소계,보건범죄,소계,외국인,태국,157,114,97,217,231,269,307,480,757,560,222,181
소계,보건범죄,소계,외국인,대만,20,16,26,40,20,13,33,12,22,15,17,22
소계,보건범죄,소계,외국인,러시아,23,3,-,6,1,12,3,6,26,81,50,100
소계,보건범죄,소계,외국인,방글라데시,-,-,2,-,-,-,-,-,-,2,3,1
소계,보건범죄,소계,외국인,스리랑카,3,-,-,2,-,-,-,-,-,-,1,5
소계,보건범죄,소계,외국인,우즈베키스탄,10,-,3,14,1,2,5,4,5,26,43,87
소계,보건범죄,소계,외국인,인도네시아,-,-,3,-,2,-,-,-,-,4,15,36
소계,보건범죄,소계,외국인,캐나다,9,4,4,7,14,7,4,5,3,10,8,22
소계,보건범죄,소계,외국인,키르기스스탄,-,1,-,-,1,-,1,-,3,-,3,10
소계,보건범죄,소계,외국인,필리핀,7,-,-,11,3,3,2,-,8,97,21,26
소계,보건범죄,소계,외국인,파키스탄,-,-,9,8,3,1,-,-,-,1,1,1
소계,보건범죄,소계,외국인,기타,15,8,13,34,16,19,17,8,17,51,130,312
소계,환경범죄,소계,한국,소계,3069,3190,3533,3094,3119,3742,4319,3994,5010,4263,3781,3627
소계,환경범죄,소계,외국인,소계,44,57,55,42,57,60,59,72,78,66,72,62
소계,환경범죄,소계,외국인,미국,1,4,3,4,1,2,2,4,2,1,4,1
소계,환경범죄,소계,외국인,중국,20,22,23,18,13,23,21,25,17,22,23,24
소계,환경범죄,소계,외국인,일본,2,-,-,1,3,3,-,1,-,1,-,-
소계,환경범죄,소계,외국인,몽골,-,1,-,1,-,-,-,-,1,-,-,1
소계,환경범죄,소계,외국인,베트남,2,-,-,-,9,2,9,9,9,2,2,4
소계,환경범죄,소계,외국인,태국,-,-,-,1,-,2,-,-,5,-,-,-
소계,환경범죄,소계,외국인,대만,1,2,-,2,1,1,1,1,2,-,-,1
소계,환경범죄,소계,외국인,러시아,9,14,16,8,10,8,7,18,12,14,17,7
소계,환경범죄,소계,외국인,방글라데시,-,-,2,1,-,-,1,-,-,1,-,1
소계,환경범죄,소계,외국인,스리랑카,-,-,-,-,-,-,-,-,-,-,-,-
소계,환경범죄,소계,외국인,우즈베키스탄,-,-,-,-,-,-,1,-,3,2,-,1
소계,환경범죄,소계,외국인,인도네시아,1,-,4,-,5,3,1,2,2,1,-,5
소계,환경범죄,소계,외국인,캐나다,1,-,-,-,-,-,-,-,1,-,-,2
소계,환경범죄,소계,외국인,키르기스스탄,-,-,-,-,-,-,-,-,-,1,-,-
소계,환경범죄,소계,외국인,필리핀,1,5,4,3,6,9,4,6,9,5,5,5
소계,환경범죄,소계,외국인,파키스탄,-,-,-,-,1,-,1,-,2,2,3,-
소계,환경범죄,소계,외국인,기타,6,9,3,3,8,7,11,6,13,14,18,10
소계,교통범죄,소계,한국,소계,518982,507403,530987,526184,539757,543917,476148,406024,376027,348536,303834,233662
소계,교통범죄,소계,외국인,소계,5368,4673,5769,6942,9617,11435,8404,7123,7690,7910,7398,6554
소계,교통범죄,소계,외국인,미국,582,534,567,576,551,574,477,444,449,393,385,348
소계,교통범죄,소계,외국인,중국,1958,1869,2665,3482,4683,5440,4591,3772,3695,3531,3252,2734
소계,교통범죄,소계,외국인,일본,24,30,37,52,43,45,34,29,23,13,13,8
소계,교통범죄,소계,외국인,몽골,459,397,382,350,393,498,279,228,252,274,253,218
소계,교통범죄,소계,외국인,베트남,687,453,465,596,914,994,630,500,672,796,850,819
소계,교통범죄,소계,외국인,태국,363,200,224,271,426,633,323,314,420,398,375,417
소계,교통범죄,소계,외국인,대만,72,73,100,124,93,103,82,73,68,55,47,42
소계,교통범죄,소계,외국인,러시아,32,51,52,78,98,152,156,214,301,319,287,259
소계,교통범죄,소계,외국인,방글라데시,27,24,15,19,45,57,43,21,38,43,44,40
소계,교통범죄,소계,외국인,스리랑카,154,142,148,170,305,280,146,98,83,108,67,72
소계,교통범죄,소계,외국인,우즈베키스탄,287,291,396,455,716,911,555,443,551,701,628,527
소계,교통범죄,소계,외국인,인도네시아,83,78,98,86,239,225,109,78,72,95,68,56
소계,교통범죄,소계,외국인,캐나다,83,79,86,84,100,99,80,62,57,56,42,28
소계,교통범죄,소계,외국인,키르기스스탄,57,29,36,24,36,78,36,25,44,46,41,34
소계,교통범죄,소계,외국인,필리핀,166,79,72,102,185,251,125,64,85,95,68,49
소계,교통범죄,소계,외국인,파키스탄,71,46,56,42,79,103,54,55,47,49,50,42
소계,교통범죄,소계,외국인,기타,263,298,370,431,711,992,684,703,833,938,928,861
소계,노동범죄,소계,한국,소계,2592,2340,2292,2106,2388,5810,4924,2047,847,600,660,582
소계,노동범죄,소계,외국인,소계,49,38,17,25,7,50,40,26,18,13,10,35
소계,노동범죄,소계,외국인,미국,-,-,1,1,-,-,-,-,-,-,1,1
소계,노동범죄,소계,외국인,중국,30,31,11,22,4,35,26,21,11,3,4,21
소계,노동범죄,소계,외국인,일본,-,-,-,-,1,-,-,-,-,-,-,-
소계,노동범죄,소계,외국인,몽골,-,-,-,-,-,3,1,-,-,-,-,1
소계,노동범죄,소계,외국인,베트남,2,-,2,-,-,2,3,-,-,-,1,4
소계,노동범죄,소계,외국인,태국,10,-,-,1,-,6,1,2,4,4,1,1
소계,노동범죄,소계,외국인,대만,-,-,-,-,-,-,1,-,-,-,-,-
소계,노동범죄,소계,외국인,러시아,-,-,-,-,-,-,3,2,-,3,-,-
소계,노동범죄,소계,외국인,방글라데시,-,-,-,-,-,-,-,-,-,-,-,-
소계,노동범죄,소계,외국인,스리랑카,2,-,-,-,-,-,1,-,-,-,-,-
소계,노동범죄,소계,외국인,우즈베키스탄,-,1,-,-,-,-,3,-,-,1,1,-
소계,노동범죄,소계,외국인,인도네시아,1,-,1,-,-,-,-,-,-,-,-,1
소계,노동범죄,소계,외국인,캐나다,-,4,1,1,-,1,-,-,-,-,-,-
소계,노동범죄,소계,외국인,키르기스스탄,-,-,-,-,-,-,-,-,-,-,-,-
소계,노동범죄,소계,외국인,필리핀,3,1,-,-,1,-,-,-,-,-,-,-
소계,노동범죄,소계,외국인,파키스탄,-,1,-,-,-,-,-,-,-,-,-,-
소계,노동범죄,소계,외국인,기타,1,-,1,-,1,3,1,1,3,2,2,6
소계,안보범죄,소계,한국,소계,160,123,150,90,170,149,247,167,540,621,699,660
소계,안보범죄,소계,외국인,소계,-,3,2,-,4,2,4,20,5,57,40,22
소계,안보범죄,소계,외국인,미국,-,-,-,-,1,-,1,16,-,-,1,-
소계,안보범죄,소계,외국인,중국,-,1,-,-,2,-,2,2,4,5,9,7
소계,안보범죄,소계,외국인,일본,-,-,-,-,-,-,-,-,-,-,-,-
소계,안보범죄,소계,외국인,몽골,-,-,-,-,-,1,-,-,-,-,-,-
소계,안보범죄,소계,외국인,베트남,-,-,-,-,-,-,-,-,-,-,-,-
소계,안보범죄,소계,외국인,태국,-,-,-,-,-,-,1,-,-,-,-,-
소계,안보범죄,소계,외국인,대만,-,-,-,-,-,-,-,-,-,35,-,-
소계,안보범죄,소계,외국인,러시아,-,-,-,-,-,-,-,-,-,2,7,1
소계,안보범죄,소계,외국인,방글라데시,-,-,-,-,-,-,-,-,-,-,-,1
소계,안보범죄,소계,외국인,스리랑카,-,-,-,-,-,-,-,-,-,-,-,-
소계,안보범죄,소계,외국인,우즈베키스탄,-,-,-,-,-,-,-,-,-,9,19,12
소계,안보범죄,소계,외국인,인도네시아,-,-,-,-,-,-,-,-,-,-,-,-
소계,안보범죄,소계,외국인,캐나다,-,1,-,-,-,-,-,-,-,-,-,-
소계,안보범죄,소계,외국인,키르기스스탄,-,-,-,-,-,-,-,-,-,1,-,1
소계,안보범죄,소계,외국인,필리핀,-,-,-,-,-,-,-,-,-,-,-,-
소계,안보범죄,소계,외국인,파키스탄,-,-,-,-,1,1,-,-,-,-,-,-
소계,안보범죄,소계,외국인,기타,-,1,2,-,-,-,-,2,1,5,4,-
소계,선거범죄,소계,한국,소계,398,1853,407,2799,1121,1525,782,3274,1180,1545,312,3756
소계,선거범죄,소계,외국인,소계,2,2,2,1,-,-,5,6,-,-,-,11
소계,선거범죄,소계,외국인,미국,-,-,-,-,-,-,2,1,-,-,-,1
소계,선거범죄,소계,외국인,중국,-,1,-,1,-,-,-,4,-,-,-,8
소계,선거범죄,소계,외국인,일본,-,-,-,-,-,-,-,-,-,-,-,-
소계,선거범죄,소계,외국인,몽골,-,-,-,-,-,-,-,-,-,-,-,-
소계,선거범죄,소계,외국인,베트남,-,1,-,-,-,-,-,-,-,-,-,-
소계,선거범죄,소계,외국인,태국,-,-,-,-,-,-,-,-,-,-,-,-
소계,선거범죄,소계,외국인,대만,-,-,-,-,-,-,-,1,-,-,-,-
소계,선거범죄,소계,외국인,러시아,-,-,-,-,-,-,-,-,-,-,-,1
소계,선거범죄,소계,외국인,방글라데시,-,-,-,-,-,-,-,-,-,-,-,-
소계,선거범죄,소계,외국인,스리랑카,-,-,-,-,-,-,-,-,-,-,-,-
소계,선거범죄,소계,외국인,우즈베키스탄,-,-,-,-,-,-,-,-,-,-,-,1
소계,선거범죄,소계,외국인,인도네시아,-,-,-,-,-,-,-,-,-,-,-,-
소계,선거범죄,소계,외국인,캐나다,2,-,-,-,-,-,3,-,-,-,-,-
소계,선거범죄,소계,외국인,키르기스스탄,-,-,-,-,-,-,-,-,-,-,-,-
소계,선거범죄,소계,외국인,필리핀,-,-,-,-,-,-,-,-,-,-,-,-
소계,선거범죄,소계,외국인,파키스탄,-,-,-,-,-,-,-,-,-,-,-,-
소계,선거범죄,소계,외국인,기타,-,-,2,-,-,-,-,-,-,-,-,-
소계,병역범죄,소계,한국,소계,22750,18358,23193,18519,18233,15651,14567,13241,11804,3159,1388,3889
소계,병역범죄,소계,외국인,소계,2,1,7,4,8,8,7,13,5,5,7,20
소계,병역범죄,소계,외국인,미국,2,1,2,3,7,4,4,9,5,4,6,12
소계,병역범죄,소계,외국인,중국,-,-,3,1,-,-,-,-,-,-,-,-
소계,병역범죄,소계,외국인,일본,-,-,1,-,-,-,-,1,-,-,-,-
소계,병역범죄,소계,외국인,몽골,-,-,-,-,-,-,-,-,-,-,-,-
소계,병역범죄,소계,외국인,베트남,-,-,-,-,-,-,-,-,-,-,-,-
소계,병역범죄,소계,외국인,태국,-,-,-,-,-,-,-,-,-,-,-,-
소계,병역범죄,소계,외국인,대만,-,-,-,-,-,-,-,-,-,-,-,-
소계,병역범죄,소계,외국인,러시아,-,-,-,-,-,-,1,-,-,-,-,-
소계,병역범죄,소계,외국인,방글라데시,-,-,-,-,-,-,-,-,-,-,-,-
소계,병역범죄,소계,외국인,스리랑카,-,-,-,-,-,-,-,-,-,-,-,-
소계,병역범죄,소계,외국인,우즈베키스탄,-,-,-,-,-,-,-,-,-,-,-,-
소계,병역범죄,소계,외국인,인도네시아,-,-,-,-,-,-,-,-,-,-,-,-
소계,병역범죄,소계,외국인,캐나다,-,-,1,-,1,-,-,1,-,-,1,1
소계,병역범죄,소계,외국인,키르기스스탄,-,-,-,-,-,-,-,-,-,-,-,-
소계,병역범죄,소계,외국인,필리핀,-,-,-,-,-,-,-,-,-,-,-,-
소계,병역범죄,소계,외국인,파키스탄,-,-,-,-,-,-,-,-,-,-,-,-
소계,병역범죄,소계,외국인,기타,-,-,-,-,-,4,2,2,-,1,-,7
소계,기타범죄,소계,한국,소계,221658,205436,210146,226448,236640,302198,267066,241453,249053,238469,216616,228349
소계,기타범죄,소계,외국인,소계,3123,2996,3378,4406,5107,8672,5764,5570,6947,6070,4582,5064
소계,기타범죄,소계,외국인,미국,133,133,209,206,195,271,241,261,254,245,203,275
소계,기타범죄,소계,외국인,중국,2145,2114,2215,2546,3080,3772,2716,2633,2617,2278,1905,2277
소계,기타범죄,소계,외국인,일본,19,40,29,23,38,34,58,60,48,23,13,30
소계,기타범죄,소계,외국인,몽골,90,94,108,88,106,298,153,136,203,173,182,178
소계,기타범죄,소계,외국인,베트남,157,110,155,169,197,525,320,220,362,539,505,524
소계,기타범죄,소계,외국인,태국,51,50,105,503,706,1807,1012,1158,1765,979,570,536
소계,기타범죄,소계,외국인,대만,45,58,54,63,63,78,116,70,87,71,63,58
소계,기타범죄,소계,외국인,러시아,31,33,32,43,61,259,200,188,334,334,207,166
소계,기타범죄,소계,외국인,방글라데시,7,15,19,13,11,80,15,21,21,25,16,18
소계,기타범죄,소계,외국인,스리랑카,22,20,25,19,37,85,33,27,34,37,11,31
소계,기타범죄,소계,외국인,우즈베키스탄,42,51,74,100,111,244,152,149,179,234,223,244
소계,기타범죄,소계,외국인,인도네시아,16,52,28,69,49,63,39,24,33,32,18,22
소계,기타범죄,소계,외국인,캐나다,34,37,33,47,42,57,34,57,57,63,56,74
소계,기타범죄,소계,외국인,키르기스스탄,11,23,15,18,17,62,34,47,30,40,18,26
소계,기타범죄,소계,외국인,필리핀,196,34,94,159,80,183,51,52,60,65,76,64
소계,기타범죄,소계,외국인,파키스탄,21,29,38,68,57,136,68,37,214,179,57,32
소계,기타범죄,소계,외국인,기타,103,103,145,272,257,718,522,430,649,753,459,509
