대분류,중분류,소분류,교육정도별(1),교육정도별(2),2011,2012,2013,2014,2015,2016,2017,2018,2019,2020,2021,2022
총범죄,소계,소계,불취학,소계,8083,8641,9106,9120,9800,10320,9376,8925,9211,8325,7308,7226
총범죄,소계,소계,초등학교,재중,194,185,46,112,118,123,135,122,89,127,117,128
총범죄,소계,소계,초등학교,중퇴,10411,10940,11386,11448,12507,13177,12324,11742,12212,11168,9948,10215
총범죄,소계,소계,초등학교,졸업,55766,57082,58836,57543,60419,61082,55328,50343,50169,45983,39229,39262
총범죄,소계,소계,중학교,재중,19173,24597,17159,14619,13710,12635,12822,12731,13318,13946,12446,16281
총범죄,소계,소계,중학교,중퇴,25608,27043,26942,24531,24732,24353,21415,19196,18983,16556,14321,14727
총범죄,소계,소계,중학교,졸업,84657,85140,90935,90372,93220,96395,87256,82091,81559,73969,62300,63993
총범죄,소계,소계,고등학교,재중,35941,46789,34758,30206,31706,31851,30690,24571,23559,25269,22470,22809
총범죄,소계,소계,고등학교,중퇴,49023,48179,47460,43879,46511,46938,42488,40518,41361,37056,30721,32461
총범죄,소계,소계,고등학교,졸업,578850,532009,517431,506448,507205,538435,485201,435141,432926,401429,353124,368648
총범죄,소계,소계,대학(4년미만),재중,6082,5613,4804,4350,4232,4146,3633,4103,4115,3676,3267,3123
총범죄,소계,소계,대학(4년미만),중퇴,5850,5885,6520,6295,6482,6796,6117,6569,6736,6175,5282,5373
총범죄,소계,소계,대학(4년미만),졸업,54073,56944,64842,63887,65277,70288,65214,62092,61476,54972,48837,52416
총범죄,소계,소계,대학(4년이상),재중,29591,32504,29649,28394,29609,29281,26361,22829,22019,21184,19359,21078
총범죄,소계,소계,대학(4년이상),중퇴,20776,23339,27635,28241,30752,35188,33610,32013,32599,30153,26975,29581
총범죄,소계,소계,대학(4년이상),졸업,142532,150959,168540,167032,171713,189290,173552,159788,155033,143996,132027,143531
총범죄,소계,소계,대학원,소계,23719,-,-,-,-,-,-,-,-,-,-,-
총범죄,소계,소계,대학원,재중,-,4399,4322,4121,4511,4653,4151,2841,2781,2774,2702,3004
총범죄,소계,소계,대학원,중퇴,-,1923,2049,2083,2275,2565,2458,1494,1769,1636,1586,1811
총범죄,소계,소계,대학원,졸업,-,18665,19676,20130,20903,22777,22078,18324,18985,18018,17314,18694
총범죄,소계,소계,기타,소계,63918,44582,27610,27291,25013,22971,18364,14724,15128,15988,18807,22806
총범죄,소계,소계,미상,소계,600986,538397,571596,572333,610695,624341,572888,571765,581610,562021,419540,373163
소계,강력범죄,소계,불취학,소계,152,170,221,184,234,214,178,187,172,166,131,98
소계,강력범죄,소계,초등학교,재중,10,12,3,2,4,5,4,4,2,4,3,5
소계,강력범죄,소계,초등학교,중퇴,295,306,339,368,386,352,347,352,325,280,256,218
소계,강력범죄,소계,초등학교,졸업,968,998,1164,1169,1146,1116,1194,1021,972,885,707,711
소계,강력범죄,소계,중학교,재중,483,620,545,480,441,463,413,444,454,419,404,484
소계,강력범죄,소계,중학교,중퇴,838,727,764,638,595,572,566,513,449,385,342,346
소계,강력범죄,소계,중학교,졸업,1518,1373,1583,1570,1546,1495,1523,1492,1434,1317,1088,1073
소계,강력범죄,소계,고등학교,재중,1329,1549,1255,1123,944,1090,1040,921,921,768,701,680
소계,강력범죄,소계,고등학교,중퇴,1529,1316,1285,1122,1122,1053,1001,945,1009,802,662,628
소계,강력범죄,소계,고등학교,졸업,6723,6149,6781,6977,7005,7271,7555,7121,7305,6922,5936,6048
소계,강력범죄,소계,대학(4년미만),재중,171,147,183,174,166,133,134,179,175,145,117,100
소계,강력범죄,소계,대학(4년미만),중퇴,172,148,182,180,183,193,206,178,201,174,148,143
소계,강력범죄,소계,대학(4년미만),졸업,790,807,1001,1077,1143,1208,1339,1339,1369,1249,1059,1195
소계,강력범죄,소계,대학(4년이상),재중,735,922,971,1051,1066,1076,1193,1179,1139,962,872,977
소계,강력범죄,소계,대학(4년이상),중퇴,378,438,574,576,634,658,764,750,829,756,648,661
소계,강력범죄,소계,대학(4년이상),졸업,2005,2022,2609,2890,3162,3507,3899,3686,3785,3561,3035,3482
소계,강력범죄,소계,대학원,소계,484,-,-,-,-,-,-,-,-,-,-,-
소계,강력범죄,소계,대학원,재중,-,125,166,150,180,203,168,146,137,140,108,173
소계,강력범죄,소계,대학원,중퇴,-,38,46,56,67,61,73,49,48,37,43,38
소계,강력범죄,소계,대학원,졸업,-,298,390,476,593,614,687,611,648,539,549,628
소계,강력범죄,소계,기타,소계,880,514,381,356,368,423,453,279,277,235,267,336
소계,강력범죄,소계,미상,소계,5886,5110,4908,4446,4836,5364,6190,6906,7292,7225,5916,6993
소계,강력범죄,살인기수,불취학,소계,4,5,9,6,6,8,7,7,5,6,4,2
소계,강력범죄,살인기수,초등학교,재중,-,-,-,-,-,-,-,-,-,-,-,-
소계,강력범죄,살인기수,초등학교,중퇴,7,14,11,12,8,4,7,5,3,8,5,3
소계,강력범죄,살인기수,초등학교,졸업,37,36,36,32,34,25,26,19,18,17,14,12
소계,강력범죄,살인기수,중학교,재중,1,1,-,2,-,1,-,-,1,-,1,1
소계,강력범죄,살인기수,중학교,중퇴,19,12,11,15,12,12,18,16,11,17,8,12
소계,강력범죄,살인기수,중학교,졸업,38,33,27,29,32,36,30,28,26,28,19,17
소계,강력범죄,살인기수,고등학교,재중,5,5,2,5,5,-,8,2,3,1,1,1
소계,강력범죄,살인기수,고등학교,중퇴,21,32,17,19,28,18,18,14,20,19,21,15
소계,강력범죄,살인기수,고등학교,졸업,134,143,110,127,111,124,86,92,94,77,80,80
소계,강력범죄,살인기수,대학(4년미만),재중,1,2,-,-,2,-,1,1,3,1,2,2
소계,강력범죄,살인기수,대학(4년미만),중퇴,4,4,5,1,2,3,2,5,4,3,2,6
소계,강력범죄,살인기수,대학(4년미만),졸업,15,13,15,20,11,16,11,14,6,13,11,10
소계,강력범죄,살인기수,대학(4년이상),재중,5,7,5,4,3,1,4,-,3,5,5,2
소계,강력범죄,살인기수,대학(4년이상),중퇴,7,6,7,11,7,9,6,13,9,5,8,10
소계,강력범죄,살인기수,대학(4년이상),졸업,17,24,23,27,16,30,24,29,27,29,29,20
소계,강력범죄,살인기수,대학원,소계,8,-,-,-,-,-,-,-,-,-,-,-
소계,강력범죄,살인기수,대학원,재중,-,-,1,2,1,-,-,1,-,1,-,1
소계,강력범죄,살인기수,대학원,중퇴,-,-,1,-,-,-,1,-,-,-,-,-
소계,강력범죄,살인기수,대학원,졸업,-,4,4,2,4,1,4,5,1,6,2,2
소계,강력범죄,살인기수,기타,소계,18,12,5,1,4,3,4,8,2,3,2,2
소계,강력범죄,살인기수,미상,소계,108,93,88,132,103,88,87,91,109,102,93,100
소계,강력범죄,살인미수등,불취학,소계,13,9,15,10,8,10,7,9,10,13,5,3
소계,강력범죄,살인미수등,초등학교,재중,-,-,-,-,-,-,-,-,-,-,-,-
소계,강력범죄,살인미수등,초등학교,중퇴,23,19,27,23,27,15,22,16,13,10,9,11
소계,강력범죄,살인미수등,초등학교,졸업,64,38,55,48,59,57,48,38,53,30,27,36
소계,강력범죄,살인미수등,중학교,재중,-,-,5,-,3,1,1,-,3,2,2,-
소계,강력범죄,살인미수등,중학교,중퇴,39,35,29,32,25,33,24,15,20,17,15,15
소계,강력범죄,살인미수등,중학교,졸업,80,74,87,76,62,79,62,59,59,46,43,49
소계,강력범죄,살인미수등,고등학교,재중,3,6,10,3,4,6,2,2,3,2,-,4
소계,강력범죄,살인미수등,고등학교,중퇴,45,52,32,30,35,46,41,24,25,26,14,20
소계,강력범죄,살인미수등,고등학교,졸업,289,203,177,171,195,192,186,181,159,136,134,129
소계,강력범죄,살인미수등,대학(4년미만),재중,-,1,1,-,2,1,2,-,1,1,2,1
소계,강력범죄,살인미수등,대학(4년미만),중퇴,7,3,7,2,2,4,3,4,7,4,4,5
소계,강력범죄,살인미수등,대학(4년미만),졸업,23,13,24,18,22,14,15,9,11,10,17,9
소계,강력범죄,살인미수등,대학(4년이상),재중,10,2,8,7,7,5,7,10,1,9,7,5
소계,강력범죄,살인미수등,대학(4년이상),중퇴,15,16,10,13,12,11,11,12,13,9,12,10
소계,강력범죄,살인미수등,대학(4년이상),졸업,34,37,29,29,30,33,27,33,35,28,29,31
소계,강력범죄,살인미수등,대학원,소계,14,-,-,-,-,-,-,-,-,-,-,-
소계,강력범죄,살인미수등,대학원,재중,-,-,1,-,1,1,-,2,1,-,1,1
소계,강력범죄,살인미수등,대학원,중퇴,-,-,1,-,2,1,2,2,-,-,1,1
소계,강력범죄,살인미수등,대학원,졸업,-,1,-,3,1,2,4,2,3,3,3,2
소계,강력범죄,살인미수등,기타,소계,53,18,13,15,6,16,12,9,4,4,8,9
소계,강력범죄,살인미수등,미상,소계,124,83,89,95,83,89,85,89,104,104,76,88
소계,강력범죄,강도,불취학,소계,22,11,10,16,13,9,4,6,6,12,-,2
소계,강력범죄,강도,초등학교,재중,3,-,-,-,1,-,-,1,2,-,-,-
소계,강력범죄,강도,초등학교,중퇴,45,37,16,26,22,14,20,19,14,8,11,8
소계,강력범죄,강도,초등학교,졸업,138,108,81,60,62,59,43,34,41,27,23,25
소계,강력범죄,강도,중학교,재중,125,88,99,50,35,41,18,39,69,85,54,30
소계,강력범죄,강도,중학교,중퇴,329,229,221,137,125,85,68,41,56,28,33,26
소계,강력범죄,강도,중학교,졸업,397,244,221,159,201,146,105,98,82,75,64,57
소계,강력범죄,강도,고등학교,재중,367,347,154,144,121,110,84,53,107,128,77,68
소계,강력범죄,강도,고등학교,중퇴,621,438,315,230,250,180,152,136,176,126,64,89
소계,강력범죄,강도,고등학교,졸업,1474,957,744,692,643,568,505,390,452,387,208,241
소계,강력범죄,강도,대학(4년미만),재중,38,21,15,18,10,7,2,10,8,6,2,5
소계,강력범죄,강도,대학(4년미만),중퇴,43,22,24,23,25,23,8,14,19,11,4,6
소계,강력범죄,강도,대학(4년미만),졸업,87,61,66,67,53,58,34,36,22,23,21,13
소계,강력범죄,강도,대학(4년이상),재중,91,75,67,37,39,36,24,18,18,17,8,12
소계,강력범죄,강도,대학(4년이상),중퇴,78,64,58,56,61,45,50,40,25,22,19,17
소계,강력범죄,강도,대학(4년이상),졸업,171,106,103,81,75,72,91,60,52,37,31,32
소계,강력범죄,강도,대학원,소계,51,-,-,-,-,-,-,-,-,-,-,-
소계,강력범죄,강도,대학원,재중,-,16,8,3,9,5,3,-,4,1,-,-
소계,강력범죄,강도,대학원,중퇴,-,5,4,5,6,7,3,2,1,-,1,-
소계,강력범죄,강도,대학원,졸업,-,9,11,4,14,6,8,-,3,6,1,3
소계,강력범죄,강도,기타,소계,204,107,42,18,19,23,41,5,14,9,8,15
소계,강력범죄,강도,미상,소계,606,377,334,252,215,222,193,163,165,194,119,115
소계,강력범죄,강간・강제추행,불취학,소계,89,128,-,-,-,-,-,-,-,-,-,-
소계,강력범죄,강간・강제추행,초등학교,재중,4,8,-,-,-,-,-,-,-,-,-,-
소계,강력범죄,강간・강제추행,초등학교,중퇴,181,196,-,-,-,-,-,-,-,-,-,-
소계,강력범죄,강간・강제추행,초등학교,졸업,619,703,-,-,-,-,-,-,-,-,-,-
소계,강력범죄,강간・강제추행,중학교,재중,300,441,-,-,-,-,-,-,-,-,-,-
소계,강력범죄,강간・강제추행,중학교,중퇴,373,406,-,-,-,-,-,-,-,-,-,-
소계,강력범죄,강간・강제추행,중학교,졸업,862,915,-,-,-,-,-,-,-,-,-,-
소계,강력범죄,강간・강제추행,고등학교,재중,890,1118,-,-,-,-,-,-,-,-,-,-
소계,강력범죄,강간・강제추행,고등학교,중퇴,752,720,-,-,-,-,-,-,-,-,-,-
소계,강력범죄,강간・강제추행,고등학교,졸업,4352,4362,-,-,-,-,-,-,-,-,-,-
소계,강력범죄,강간・강제추행,대학(4년미만),재중,128,118,-,-,-,-,-,-,-,-,-,-
소계,강력범죄,강간・강제추행,대학(4년미만),중퇴,114,111,-,-,-,-,-,-,-,-,-,-
소계,강력범죄,강간・강제추행,대학(4년미만),졸업,631,687,-,-,-,-,-,-,-,-,-,-
소계,강력범죄,강간・강제추행,대학(4년이상),재중,610,815,-,-,-,-,-,-,-,-,-,-
소계,강력범죄,강간・강제추행,대학(4년이상),중퇴,261,331,-,-,-,-,-,-,-,-,-,-
소계,강력범죄,강간・강제추행,대학(4년이상),졸업,1716,1798,-,-,-,-,-,-,-,-,-,-
소계,강력범죄,강간・강제추행,대학원,소계,400,-,-,-,-,-,-,-,-,-,-,-
소계,강력범죄,강간・강제추행,대학원,재중,-,109,-,-,-,-,-,-,-,-,-,-
소계,강력범죄,강간・강제추행,대학원,중퇴,-,31,-,-,-,-,-,-,-,-,-,-
소계,강력범죄,강간・강제추행,대학원,졸업,-,280,-,-,-,-,-,-,-,-,-,-
소계,강력범죄,강간・강제추행,기타,소계,539,335,-,-,-,-,-,-,-,-,-,-
소계,강력범죄,강간・강제추행,미상,소계,4831,4400,-,-,-,-,-,-,-,-,-,-
소계,강력범죄,강간,불취학,소계,-,-,45,24,32,25,21,26,16,14,13,8
소계,강력범죄,강간,초등학교,재중,-,-,-,2,2,2,-,1,-,-,1,3
소계,강력범죄,강간,초등학교,중퇴,-,-,55,56,62,45,39,32,45,35,40,23
소계,강력범죄,강간,초등학교,졸업,-,-,181,166,123,147,145,106,119,96,63,59
소계,강력범죄,강간,중학교,재중,-,-,111,119,99,106,89,92,87,69,77,98
소계,강력범죄,강간,중학교,중퇴,-,-,161,133,112,114,104,89,60,77,48,51
소계,강력범죄,강간,중학교,졸업,-,-,264,268,262,244,247,212,225,227,177,146
소계,강력범죄,강간,고등학교,재중,-,-,378,332,312,316,310,292,237,191,216,153
소계,강력범죄,강간,고등학교,중퇴,-,-,326,317,262,279,261,241,227,204,172,156
소계,강력범죄,강간,고등학교,졸업,-,-,1408,1333,1348,1358,1331,1285,1301,1357,1329,1209
소계,강력범죄,강간,대학(4년미만),재중,-,-,65,54,47,40,43,55,53,47,39,21
소계,강력범죄,강간,대학(4년미만),중퇴,-,-,44,49,40,35,58,42,45,30,46,31
소계,강력범죄,강간,대학(4년미만),졸업,-,-,210,232,215,222,217,232,229,231,208,221
소계,강력범죄,강간,대학(4년이상),재중,-,-,295,288,273,253,283,237,275,252,239,303
소계,강력범죄,강간,대학(4년이상),중퇴,-,-,129,135,149,170,167,161,178,172,178,149
소계,강력범죄,강간,대학(4년이상),졸업,-,-,461,432,482,504,511,499,540,616,579,618
소계,강력범죄,강간,대학원,재중,-,-,38,32,41,47,30,19,28,26,21,54
소계,강력범죄,강간,대학원,중퇴,-,-,8,10,16,15,12,7,11,9,12,9
소계,강력범죄,강간,대학원,졸업,-,-,68,66,68,66,74,65,86,69,80,83
소계,강력범죄,강간,기타,소계,-,-,62,61,62,48,85,33,57,34,52,53
소계,강력범죄,강간,미상,소계,-,-,1547,1408,1614,1793,1916,2221,2319,2357,2003,2158
소계,강력범죄,유사강간,불취학,소계,-,-,-,1,4,3,5,6,2,3,5,3
소계,강력범죄,유사강간,초등학교,재중,-,-,-,-,-,-,-,-,-,-,-,-
소계,강력범죄,유사강간,초등학교,중퇴,-,-,4,5,8,7,6,10,5,10,8,9
소계,강력범죄,유사강간,초등학교,졸업,-,-,3,21,11,28,21,19,17,22,14,14
소계,강력범죄,유사강간,중학교,재중,-,-,8,17,20,27,33,20,23,18,26,22
소계,강력범죄,유사강간,중학교,중퇴,-,-,3,15,11,8,16,14,13,6,7,15
소계,강력범죄,유사강간,중학교,졸업,-,-,14,17,31,19,40,40,39,44,26,24
소계,강력범죄,유사강간,고등학교,재중,-,-,7,39,41,37,55,61,60,38,36,38
소계,강력범죄,유사강간,고등학교,중퇴,-,-,6,16,28,14,31,38,28,28,28,23
소계,강력범죄,유사강간,고등학교,졸업,-,-,39,89,128,162,166,200,198,242,195,235
소계,강력범죄,유사강간,대학(4년미만),재중,-,-,2,7,6,8,5,8,13,4,5,4
소계,강력범죄,유사강간,대학(4년미만),중퇴,-,-,1,-,4,3,5,4,10,8,5,4
소계,강력범죄,유사강간,대학(4년미만),졸업,-,-,7,22,22,21,27,36,50,29,36,53
소계,강력범죄,유사강간,대학(4년이상),재중,-,-,9,24,28,36,52,55,64,62,54,60
소계,강력범죄,유사강간,대학(4년이상),중퇴,-,-,1,10,5,11,20,26,36,34,19,24
소계,강력범죄,유사강간,대학(4년이상),졸업,-,-,14,29,55,65,56,95,86,104,120,125
소계,강력범죄,유사강간,대학원,재중,-,-,-,2,6,7,1,11,7,9,8,7
소계,강력범죄,유사강간,대학원,중퇴,-,-,-,1,-,-,3,1,1,1,1,5
소계,강력범죄,유사강간,대학원,졸업,-,-,5,6,4,10,7,13,6,9,21,21
소계,강력범죄,유사강간,기타,소계,-,-,-,4,7,10,9,3,8,9,6,12
소계,강력범죄,유사강간,미상,소계,-,-,13,64,116,122,136,188,229,254,214,219
소계,강력범죄,강제추행,불취학,소계,-,-,108,88,132,125,113,114,115,95,90,62
소계,강력범죄,강제추행,초등학교,재중,-,-,2,-,1,2,4,2,-,3,2,2
소계,강력범죄,강제추행,초등학교,중퇴,-,-,147,186,202,216,214,221,205,174,158,146
소계,강력범죄,강제추행,초등학교,졸업,-,-,585,673,689,676,778,667,629,594,484,479
소계,강력범죄,강제추행,중학교,재중,-,-,200,202,218,228,225,234,210,197,205,272
소계,강력범죄,강제추행,중학교,중퇴,-,-,228,208,233,251,299,279,231,211,201,187
소계,강력범죄,강제추행,중학교,졸업,-,-,710,794,777,795,899,866,848,757,660,676
소계,강력범죄,강제추행,고등학교,재중,-,-,410,418,368,484,471,433,432,343,318,362
소계,강력범죄,강제추행,고등학교,중퇴,-,-,370,338,382,402,399,413,452,344,306,270
소계,강력범죄,강제추행,고등학교,졸업,-,-,3350,3802,3902,4293,4778,4412,4523,4235,3555,3701
소계,강력범죄,강제추행,대학(4년미만),재중,-,-,78,79,87,72,81,89,90,84,64,64
소계,강력범죄,강제추행,대학(4년미만),중퇴,-,-,76,82,87,109,113,100,106,100,77,80
소계,강력범죄,강제추행,대학(4년미만),졸업,-,-,570,638,749,828,975,947,974,898,729,834
소계,강력범죄,강제추행,대학(4년이상),재중,-,-,491,613,669,714,796,823,742,593,538,566
소계,강력범죄,강제추행,대학(4년이상),중퇴,-,-,304,292,358,373,481,472,521,480,383,429
소계,강력범죄,강제추행,대학(4년이상),졸업,-,-,1782,2106,2384,2683,3078,2824,2935,2614,2177,2537
소계,강력범죄,강제추행,대학원,재중,-,-,105,104,117,139,130,112,94,102,78,107
소계,강력범죄,강제추행,대학원,중퇴,-,-,29,38,40,35,48,34,30,27,27,21
소계,강력범죄,강제추행,대학원,졸업,-,-,272,372,483,512,576,509,531,432,423,506
소계,강력범죄,강제추행,기타,소계,-,-,216,215,231,301,277,200,170,160,180,218
소계,강력범죄,강제추행,미상,소계,-,-,2463,2152,2379,2778,3537,3880,4054,3939,3227,4055
소계,강력범죄,기타 강간·강제추행등,불취학,소계,-,-,10,8,6,5,3,-,1,1,2,6
소계,강력범죄,기타 강간·강제추행등,초등학교,재중,-,-,-,-,-,1,-,-,-,1,-,-
소계,강력범죄,기타 강간·강제추행등,초등학교,중퇴,-,-,32,18,8,12,3,8,5,6,4,2
소계,강력범죄,기타 강간·강제추행등,초등학교,졸업,-,-,85,53,38,21,15,18,14,14,16,12
소계,강력범죄,기타 강간·강제추행등,중학교,재중,-,-,69,26,18,18,8,18,18,13,7,15
소계,강력범죄,기타 강간·강제추행등,중학교,중퇴,-,-,67,46,21,21,7,12,12,2,6,7
소계,강력범죄,기타 강간·강제추행등,중학교,졸업,-,-,112,85,38,34,28,30,38,20,16,13
소계,강력범죄,기타 강간·강제추행등,고등학교,재중,-,-,241,115,63,64,53,30,46,27,24,22
소계,강력범죄,기타 강간·강제추행등,고등학교,중퇴,-,-,153,84,59,37,24,31,30,18,14,8
소계,강력범죄,기타 강간·강제추행등,고등학교,졸업,-,-,517,290,164,145,108,116,146,93,96,76
소계,강력범죄,기타 강간·강제추행등,대학(4년미만),재중,-,-,20,10,7,2,-,8,3,-,1,2
소계,강력범죄,기타 강간·강제추행등,대학(4년미만),중퇴,-,-,18,17,10,4,4,3,2,6,6,2
소계,강력범죄,기타 강간·강제추행등,대학(4년미만),졸업,-,-,67,44,29,15,14,14,21,15,5,12
소계,강력범죄,기타 강간·강제추행등,대학(4년이상),재중,-,-,70,50,26,10,9,17,22,12,5,10
소계,강력범죄,기타 강간·강제추행등,대학(4년이상),중퇴,-,-,39,32,16,10,12,9,10,9,4,4
소계,강력범죄,기타 강간·강제추행등,대학(4년이상),졸업,-,-,120,92,37,33,33,45,33,31,16,29
소계,강력범죄,기타 강간·강제추행등,대학원,재중,-,-,9,7,3,3,1,-,-,1,-,-
소계,강력범죄,기타 강간·강제추행등,대학원,중퇴,-,-,2,2,2,1,-,1,2,-,-,1
소계,강력범죄,기타 강간·강제추행등,대학원,졸업,-,-,19,15,6,8,6,4,5,1,2,1
소계,강력범죄,기타 강간·강제추행등,기타,소계,-,-,19,19,13,4,2,3,11,8,-,4
소계,강력범죄,기타 강간·강제추행등,미상,소계,-,-,218,180,122,73,41,91,76,71,47,57
소계,강력범죄,방화,불취학,소계,24,17,24,31,33,29,18,19,17,22,12,12
소계,강력범죄,방화,초등학교,재중,3,4,1,-,-,-,-,-,-,-,-,-
소계,강력범죄,방화,초등학교,중퇴,39,40,47,42,49,39,36,41,35,29,21,16
소계,강력범죄,방화,초등학교,졸업,110,113,138,116,130,103,118,120,81,85,66,74
소계,강력범죄,방화,중학교,재중,57,90,53,64,48,41,39,41,43,35,32,46
소계,강력범죄,방화,중학교,중퇴,78,45,44,52,56,48,30,47,46,27,24,33
소계,강력범죄,방화,중학교,졸업,141,107,148,142,143,142,112,159,117,120,83,91
소계,강력범죄,방화,고등학교,재중,64,73,53,67,30,73,57,48,33,38,29,32
소계,강력범죄,방화,고등학교,중퇴,90,74,66,88,78,77,75,48,51,37,43,47
소계,강력범죄,방화,고등학교,졸업,474,484,436,473,514,429,395,445,432,395,339,377
소계,강력범죄,방화,대학(4년미만),재중,4,5,2,6,5,3,-,8,4,2,2,1
소계,강력범죄,방화,대학(4년미만),중퇴,4,8,7,6,13,12,13,6,8,12,4,9
소계,강력범죄,방화,대학(4년미만),졸업,34,33,42,36,42,34,46,51,56,30,32,43
소계,강력범죄,방화,대학(4년이상),재중,19,23,26,28,21,21,18,19,14,12,16,19
소계,강력범죄,방화,대학(4년이상),중퇴,17,21,26,27,26,29,17,17,37,25,25,18
소계,강력범죄,방화,대학(4년이상),졸업,67,57,77,94,83,87,79,101,77,102,54,90
소계,강력범죄,방화,대학원,소계,11,-,-,-,-,-,-,-,-,-,-,-
소계,강력범죄,방화,대학원,재중,-,-,4,-,2,1,3,1,3,-,-,3
소계,강력범죄,방화,대학원,중퇴,-,2,1,-,1,2,4,2,3,-,1,1
소계,강력범죄,방화,대학원,졸업,-,4,11,8,13,9,8,13,13,13,17,10
소계,강력범죄,방화,기타,소계,66,42,24,23,26,18,23,18,11,8,11,23
소계,강력범죄,방화,미상,소계,217,157,156,163,204,199,195,183,236,204,137,201
소계,절도범죄,소계,불취학,소계,1270,1173,1295,1381,1624,2079,2182,2200,2526,2483,2598,2783
소계,절도범죄,소계,초등학교,재중,66,43,15,56,52,46,58,38,29,46,45,46
소계,절도범죄,소계,초등학교,중퇴,1539,1419,1476,1570,1907,2216,2433,2485,2778,2697,2656,3140
소계,절도범죄,소계,초등학교,졸업,5002,4568,4943,5050,5775,6541,7052,6840,7588,7428,7301,7931
소계,절도범죄,소계,중학교,재중,9487,10957,9338,7624,7473,6196,6155,5758,6132,6491,5158,6284
소계,절도범죄,소계,중학교,중퇴,5456,5434,5317,3923,3769,3286,2894,2650,2676,2197,1895,2140
소계,절도범죄,소계,중학교,졸업,7256,6636,7440,7085,7580,7969,7829,7583,8041,7674,6545,7055
소계,절도범죄,소계,고등학교,재중,12288,14330,11810,9759,10277,9695,8392,6124,6054,6495,4962,4979
소계,절도범죄,소계,고등학교,중퇴,8515,8313,7898,6300,6476,6010,5434,5202,5099,4368,3243,3840
소계,절도범죄,소계,고등학교,졸업,27719,24202,24913,24609,27249,28854,29256,27260,27559,26710,23617,24649
소계,절도범죄,소계,대학(4년미만),재중,972,835,705,650,640,622,490,451,405,321,254,271
소계,절도범죄,소계,대학(4년미만),중퇴,551,524,556,545,594,572,564,586,612,503,422,407
소계,절도범죄,소계,대학(4년미만),졸업,2737,2697,2943,2917,3350,3520,3637,3509,3607,3342,2715,3128
소계,절도범죄,소계,대학(4년이상),재중,3467,3815,3308,3240,3471,3211,2856,2181,1980,1585,1189,1336
소계,절도범죄,소계,대학(4년이상),중퇴,1316,1365,1686,1670,1889,2199,2241,2043,2172,2006,1710,1774
소계,절도범죄,소계,대학(4년이상),졸업,5060,5032,5729,6236,6981,8218,8475,7682,7917,7874,7217,8343
소계,절도범죄,소계,대학원,소계,1160,-,-,-,-,-,-,-,-,-,-,-
소계,절도범죄,소계,대학원,재중,-,333,360,357,398,445,358,198,211,194,155,172
소계,절도범죄,소계,대학원,중퇴,-,115,139,136,167,182,159,105,94,108,92,120
소계,절도범죄,소계,대학원,졸업,-,569,663,740,827,932,933,705,866,819,811,899
소계,절도범죄,소계,기타,소계,4087,2348,1360,1325,1272,1396,1226,961,1087,1184,1319,1600
소계,절도범죄,소계,미상,소계,13442,9726,10764,10472,11395,12226,13071,12773,13862,13900,11783,13418
소계,폭력범죄,소계,불취학,소계,2447,2763,2628,2553,2710,2601,2154,2178,2047,1823,1528,1383
소계,폭력범죄,소계,초등학교,재중,54,57,9,20,29,40,25,36,27,23,25,30
소계,폭력범죄,소계,초등학교,중퇴,2988,3335,3215,3030,3293,3243,2921,2759,3040,2539,2330,2188
소계,폭력범죄,소계,초등학교,졸업,14790,15132,14630,13676,14114,13596,11926,11444,11156,10259,8908,8425
소계,폭력범죄,소계,중학교,재중,5944,8669,4261,3783,3058,3329,3569,3783,3594,3037,3090,4292
소계,폭력범죄,소계,중학교,중퇴,7253,8059,7220,6367,6422,6237,5517,5045,5115,4258,3851,3862
소계,폭력범죄,소계,중학교,졸업,22778,23342,23211,21415,21939,21720,20068,19510,19594,17626,15172,15202
소계,폭력범죄,소계,고등학교,재중,9356,14654,8446,7156,7412,7670,8526,6773,6142,5437,5566,5689
소계,폭력범죄,소계,고등학교,중퇴,13597,14053,12335,11427,12089,11979,11237,10832,10772,9306,8110,8400
소계,폭력범죄,소계,고등학교,졸업,119619,118712,108489,102418,102507,102483,97831,90939,91827,84926,76095,79055
소계,폭력범죄,소계,대학(4년미만),재중,2163,2235,1690,1566,1427,1350,1188,1269,1212,970,897,804
소계,폭력범죄,소계,대학(4년미만),중퇴,1632,1661,1671,1611,1698,1655,1412,1583,1631,1410,1188,1226
소계,폭력범죄,소계,대학(4년미만),졸업,11286,12164,12227,11694,12358,12267,11914,12178,12186,10919,9881,10491
소계,폭력범죄,소계,대학(4년이상),재중,8229,10202,8241,7686,7245,6830,6278,5577,5129,4594,4347,4283
소계,폭력범죄,소계,대학(4년이상),중퇴,5441,5912,6143,6236,6662,7169,6990,6720,6793,6363,5684,6171
소계,폭력범죄,소계,대학(4년이상),졸업,25487,27533,27299,26454,28219,29813,28120,27901,28172,26334,25060,26650
소계,폭력범죄,소계,대학원,소계,4667,-,-,-,-,-,-,-,-,-,-,-
소계,폭력범죄,소계,대학원,재중,-,1044,926,897,925,907,853,565,538,534,497,555
소계,폭력범죄,소계,대학원,중퇴,-,459,428,446,522,550,558,328,398,370,341,429
소계,폭력범죄,소계,대학원,졸업,-,3518,3502,3514,3774,4033,3879,3183,3521,3317,3383,3482
소계,폭력범죄,소계,기타,소계,14017,9710,5411,4920,4102,3876,3325,2930,3382,3428,3419,3722
소계,폭력범죄,소계,미상,소계,120294,117068,117931,121406,132218,139617,135220,133436,130285,116517,84857,88334
소계,폭력범죄,상해,불취학,소계,834,968,795,723,763,766,549,553,462,402,312,225
소계,폭력범죄,상해,초등학교,재중,10,6,2,4,3,8,6,5,5,5,6,5
소계,폭력범죄,상해,초등학교,중퇴,1009,1071,955,846,867,901,775,631,685,539,410,419
소계,폭력범죄,상해,초등학교,졸업,4992,4969,4565,3975,3737,3832,3229,2777,2432,2179,1709,1508
소계,폭력범죄,상해,중학교,재중,602,593,394,368,353,487,498,551,529,318,389,585
소계,폭력범죄,상해,중학교,중퇴,1825,1899,1785,1555,1441,1600,1372,1147,1084,829,731,632
소계,폭력범죄,상해,중학교,졸업,7163,6967,6498,5775,5243,5790,4969,4485,4161,3562,2890,2619
소계,폭력범죄,상해,고등학교,재중,1350,1630,1170,1046,1221,1433,1555,1235,1018,823,766,875
소계,폭력범죄,상해,고등학교,중퇴,3484,3324,2892,2701,2501,3005,2569,2316,2120,1783,1536,1339
소계,폭력범죄,상해,고등학교,졸업,35345,33139,28987,25274,23262,24563,22540,19699,18238,16381,13421,12437
소계,폭력범죄,상해,대학(4년미만),재중,552,504,419,409,306,340,257,289,282,193,170,120
소계,폭력범죄,상해,대학(4년미만),중퇴,458,469,464,426,416,437,377,379,342,316,237,223
소계,폭력범죄,상해,대학(4년미만),졸업,3602,3657,3458,3186,3027,3151,2918,2637,2522,2170,1686,1613
소계,폭력범죄,상해,대학(4년이상),재중,2091,2322,2019,1836,1718,1574,1452,1199,1012,824,737,636
소계,폭력범죄,상해,대학(4년이상),중퇴,1581,1744,1680,1621,1609,1715,1562,1483,1353,1300,1003,962
소계,폭력범죄,상해,대학(4년이상),졸업,7505,7814,7379,6669,6269,6631,6046,5538,5171,4671,3971,3429
소계,폭력범죄,상해,대학원,소계,1428,-,-,-,-,-,-,-,-,-,-,-
소계,폭력범죄,상해,대학원,재중,-,280,244,231,234,203,173,108,85,95,78,98
소계,폭력범죄,상해,대학원,중퇴,-,141,117,96,110,115,123,56,73,67,49,46
소계,폭력범죄,상해,대학원,졸업,-,1079,988,966,870,890,777,583,590,534,477,414
소계,폭력범죄,상해,기타,소계,3989,2576,1294,1198,837,841,696,550,597,564,492,506
소계,폭력범죄,상해,미상,소계,11318,9698,9101,7980,7272,7413,6408,6646,6093,5997,4518,4507
소계,폭력범죄,폭행,불취학,소계,788,909,990,965,1044,1131,1061,1024,983,857,733,707
소계,폭력범죄,폭행,초등학교,재중,12,10,2,4,7,12,5,18,9,7,11,7
소계,폭력범죄,폭행,초등학교,중퇴,991,1124,1127,1136,1268,1486,1345,1392,1517,1218,1223,1118
소계,폭력범죄,폭행,초등학교,졸업,4946,5109,5113,5061,5542,6221,5631,5577,5466,5089,4512,4416
소계,폭력범죄,폭행,중학교,재중,371,1049,562,549,553,729,871,880,898,748,974,1441
소계,폭력범죄,폭행,중학교,중퇴,1872,2165,2207,2046,2255,2672,2382,2347,2374,1999,1867,1976
소계,폭력범죄,폭행,중학교,졸업,7124,7469,7808,7520,8531,9586,9346,9400,9583,8389,7447,7750
소계,폭력범죄,폭행,고등학교,재중,1107,2821,1665,1504,1902,2366,2632,2052,1886,1729,1958,1998
소계,폭력범죄,폭행,고등학교,중퇴,3452,3514,3499,3470,4096,4675,4622,4535,4576,4063,3561,3831
소계,폭력범죄,폭행,고등학교,졸업,36827,37596,36781,36500,40359,46435,45171,43367,44524,40382,37105,40497
소계,폭력범죄,폭행,대학(4년미만),재중,403,466,376,389,420,472,435,498,476,381,362,331
소계,폭력범죄,폭행,대학(4년미만),중퇴,461,439,482,475,609,653,591,699,763,607,531,589
소계,폭력범죄,폭행,대학(4년미만),졸업,3284,3628,3927,3958,4812,5350,5410,5774,5922,5241,4954,5597
소계,폭력범죄,폭행,대학(4년이상),재중,1706,2705,2048,2128,2237,2637,2528,2386,2268,2082,1863,1923
소계,폭력범죄,폭행,대학(4년이상),중퇴,1743,1847,2068,2160,2472,3210,3223,3216,3416,2989,2715,3284
소계,폭력범죄,폭행,대학(4년이상),졸업,8509,9349,9930,10087,12048,14169,13368,13815,14240,13093,12969,14794
소계,폭력범죄,폭행,대학원,소계,1538,-,-,-,-,-,-,-,-,-,-,-
소계,폭력범죄,폭행,대학원,재중,-,314,270,287,344,399,378,259,280,283,232,255
소계,폭력범죄,폭행,대학원,중퇴,-,144,162,165,223,257,265,175,209,163,158,234
소계,폭력범죄,폭행,대학원,졸업,-,1196,1267,1316,1597,1987,1965,1631,1829,1691,1797,1987
소계,폭력범죄,폭행,기타,소계,4198,3144,1848,1747,1724,1847,1639,1501,1750,1720,1768,1933
소계,폭력범죄,폭행,미상,소계,82450,82977,84205,89699,100265,110563,107877,104255,99741,85717,58894,61564
소계,폭력범죄,체포・감금,불취학,소계,7,2,3,5,4,2,6,9,1,5,4,6
소계,폭력범죄,체포・감금,초등학교,재중,-,-,-,-,-,-,-,-,-,-,-,-
소계,폭력범죄,체포・감금,초등학교,중퇴,1,2,5,6,4,7,12,4,4,6,5,7
소계,폭력범죄,체포・감금,초등학교,졸업,36,30,35,24,41,49,31,19,21,29,20,21
소계,폭력범죄,체포・감금,중학교,재중,2,3,-,1,4,11,20,12,18,14,14,13
소계,폭력범죄,체포・감금,중학교,중퇴,16,29,15,17,20,37,29,14,17,18,13,10
소계,폭력범죄,체포・감금,중학교,졸업,46,43,56,56,52,85,89,75,69,69,55,54
소계,폭력범죄,체포・감금,고등학교,재중,6,12,9,3,18,21,44,21,28,46,30,33
소계,폭력범죄,체포・감금,고등학교,중퇴,33,40,26,28,41,78,80,79,72,59,49,54
소계,폭력범죄,체포・감금,고등학교,졸업,239,278,281,276,280,432,500,410,429,412,421,396
소계,폭력범죄,체포・감금,대학(4년미만),재중,4,4,3,2,8,4,5,7,8,6,3,6
소계,폭력범죄,체포・감금,대학(4년미만),중퇴,4,3,2,5,14,13,13,11,4,13,16,8
소계,폭력범죄,체포・감금,대학(4년미만),졸업,24,38,34,28,38,63,42,48,53,49,42,42
소계,폭력범죄,체포・감금,대학(4년이상),재중,15,18,12,14,7,42,24,24,40,30,21,17
소계,폭력범죄,체포・감금,대학(4년이상),중퇴,14,17,13,14,20,42,45,41,19,33,35,39
소계,폭력범죄,체포・감금,대학(4년이상),졸업,63,87,91,71,79,138,169,109,99,122,129,115
소계,폭력범죄,체포・감금,대학원,소계,26,-,-,-,-,-,-,-,-,-,-,-
소계,폭력범죄,체포・감금,대학원,재중,-,2,2,-,7,4,4,3,4,1,2,9
소계,폭력범죄,체포・감금,대학원,중퇴,-,3,1,2,3,4,5,1,1,1,3,1
소계,폭력범죄,체포・감금,대학원,졸업,-,15,16,17,24,24,22,10,13,18,18,11
소계,폭력범죄,체포・감금,기타,소계,39,9,8,15,24,12,18,9,18,11,18,16
소계,폭력범죄,체포・감금,미상,소계,394,478,474,534,538,619,753,702,736,753,623,574
소계,폭력범죄,협박,불취학,소계,21,29,16,20,60,122,96,124,137,132,123,117
소계,폭력범죄,협박,초등학교,재중,-,1,-,-,1,2,-,-,-,1,2,1
소계,폭력범죄,협박,초등학교,중퇴,25,45,38,35,101,189,201,188,247,221,208,224
소계,폭력범죄,협박,초등학교,졸업,147,176,164,181,339,750,687,751,896,839,796,770
소계,폭력범죄,협박,중학교,재중,17,52,22,27,23,42,63,100,111,138,136,171
소계,폭력범죄,협박,중학교,중퇴,49,64,81,60,131,334,346,288,402,361,363,359
소계,폭력범죄,협박,중학교,졸업,191,244,258,250,512,1095,1088,1192,1357,1328,1330,1328
소계,폭력범죄,협박,고등학교,재중,28,82,45,50,71,131,165,187,177,232,249,271
소계,폭력범죄,협박,고등학교,중퇴,72,125,107,139,270,592,549,549,703,628,609,698
소계,폭력범죄,협박,고등학교,졸업,880,1139,1115,1170,2385,5048,4913,5144,6345,6205,6297,6464
소계,폭력범죄,협박,대학(4년미만),재중,6,6,5,3,15,27,35,40,44,36,35,37
소계,폭력범죄,협박,대학(4년미만),중퇴,14,16,15,18,36,87,53,87,119,106,101,110
소계,폭력범죄,협박,대학(4년미만),졸업,107,112,131,138,318,595,623,703,856,841,876,860
소계,폭력범죄,협박,대학(4년이상),재중,23,44,35,44,96,206,183,179,203,192,239,225
소계,폭력범죄,협박,대학(4년이상),중퇴,53,70,84,74,165,342,366,384,472,489,520,453
소계,폭력범죄,협박,대학(4년이상),졸업,272,362,356,392,776,1644,1612,1765,2024,2140,2263,2212
소계,폭력범죄,협박,대학원,소계,54,-,-,-,-,-,-,-,-,-,-,-
소계,폭력범죄,협박,대학원,재중,-,8,6,12,22,31,29,25,37,25,43,40
소계,폭력범죄,협박,대학원,중퇴,-,6,5,9,15,21,22,20,38,38,44,49
소계,폭력범죄,협박,대학원,졸업,-,54,76,75,137,219,201,233,299,312,320,313
소계,폭력범죄,협박,기타,소계,116,92,41,57,98,225,177,148,217,265,295,322
소계,폭력범죄,협박,미상,소계,1780,2005,2082,2406,3626,5123,5190,6230,7693,7978,7174,7427
소계,폭력범죄,약취・유인,불취학,소계,4,3,3,3,1,1,2,-,-,1,1,2
소계,폭력범죄,약취・유인,초등학교,재중,-,-,-,-,-,-,-,-,-,-,-,-
소계,폭력범죄,약취・유인,초등학교,중퇴,2,6,2,4,3,2,2,5,3,5,2,3
소계,폭력범죄,약취・유인,초등학교,졸업,14,8,9,10,9,12,6,6,14,6,5,8
소계,폭력범죄,약취・유인,중학교,재중,1,-,1,1,4,-,1,2,4,6,-,1
소계,폭력범죄,약취・유인,중학교,중퇴,10,15,4,9,10,8,5,6,7,-,5,3
소계,폭력범죄,약취・유인,중학교,졸업,18,19,11,14,16,12,16,21,12,14,12,12
소계,폭력범죄,약취・유인,고등학교,재중,3,1,10,1,1,1,8,3,2,6,4,8
소계,폭력범죄,약취・유인,고등학교,중퇴,16,13,12,8,11,9,11,10,20,4,9,11
소계,폭력범죄,약취・유인,고등학교,졸업,91,80,52,61,64,99,66,58,61,56,70,64
소계,폭력범죄,약취・유인,대학(4년미만),재중,5,2,1,2,1,1,2,-,-,-,2,-
소계,폭력범죄,약취・유인,대학(4년미만),중퇴,1,2,4,2,2,2,2,1,-,3,1,2
소계,폭력범죄,약취・유인,대학(4년미만),졸업,11,6,7,11,4,15,9,11,12,11,9,11
소계,폭력범죄,약취・유인,대학(4년이상),재중,5,3,3,5,1,1,8,1,3,4,4,4
소계,폭력범죄,약취・유인,대학(4년이상),중퇴,6,9,5,8,2,6,5,7,5,5,8,5
소계,폭력범죄,약취・유인,대학(4년이상),졸업,27,17,24,24,15,27,35,29,43,28,34,33
소계,폭력범죄,약취・유인,대학원,소계,3,-,-,-,-,-,-,-,-,-,-,-
소계,폭력범죄,약취・유인,대학원,재중,-,1,2,1,3,1,-,1,-,2,-,1
소계,폭력범죄,약취・유인,대학원,중퇴,-,-,2,-,-,-,-,1,-,-,1,1
소계,폭력범죄,약취・유인,대학원,졸업,-,1,6,3,4,6,9,5,12,5,11,4
소계,폭력범죄,약취・유인,기타,소계,16,3,2,6,2,3,2,1,6,4,34,3
소계,폭력범죄,약취・유인,미상,소계,107,81,100,79,99,99,96,92,147,136,106,145
소계,폭력범죄,폭력행위등,불취학,소계,474,537,479,460,469,147,90,92,69,61,47,35
소계,폭력범죄,폭력행위등,초등학교,재중,28,21,2,12,17,16,12,6,8,10,2,9
소계,폭력범죄,폭력행위등,초등학교,중퇴,601,688,669,614,623,194,116,87,81,71,62,45
소계,폭력범죄,폭력행위등,초등학교,졸업,3083,3157,3036,2704,2660,885,639,542,484,359,305,296
소계,폭력범죄,폭력행위등,중학교,재중,4394,5820,2788,2510,1806,1673,1733,1820,1569,1321,1133,1452
소계,폭력범죄,폭력행위등,중학교,중퇴,2627,2872,2285,1936,1791,739,587,465,445,338,227,251
소계,폭력범죄,폭력행위등,중학교,졸업,5918,6050,6053,5297,4978,2285,1842,1709,1549,1391,987,1076
소계,폭력범죄,폭력행위등,고등학교,재중,6193,8732,4916,4055,3691,3051,3326,2572,2329,1910,1868,1785
소계,폭력범죄,폭력행위등,고등학교,중퇴,5173,5484,4490,3836,3825,2190,1960,1817,1758,1277,1019,1154
소계,폭력범죄,폭력행위등,고등학교,졸업,34881,34585,30196,27445,24745,12870,11848,9830,8703,8185,6594,6780
소계,폭력범죄,폭력행위등,대학(4년미만),재중,1054,1131,770,609,544,381,326,296,277,237,197,194
소계,폭력범죄,폭력행위등,대학(4년미만),중퇴,558,580,557,491,438,257,217,182,167,142,126,112
소계,폭력범죄,폭력행위등,대학(4년미만),졸업,3101,3409,3276,2940,2620,1443,1256,1094,890,746,589,611
소계,폭력범죄,폭력행위등,대학(4년이상),재중,3828,4407,3437,2970,2445,1619,1358,1075,909,776,863,753
소계,폭력범죄,폭력행위등,대학(4년이상),중퇴,1547,1621,1651,1625,1543,964,819,654,541,506,415,459
소계,폭력범죄,폭력행위등,대학(4년이상),졸업,6136,6670,6266,5635,5312,2991,2592,2223,1815,1597,1310,1398
소계,폭력범죄,폭력행위등,대학원,소계,1086,-,-,-,-,-,-,-,-,-,-,-
소계,폭력범죄,폭력행위등,대학원,재중,-,346,313,268,201,158,132,79,51,45,62,53
소계,폭력범죄,폭력행위등,대학원,중퇴,-,115,104,116,106,76,53,32,20,26,19,29
소계,폭력범죄,폭력행위등,대학원,졸업,-,741,685,629,615,336,254,150,154,154,138,133
소계,폭력범죄,폭력행위등,기타,소계,4207,2851,1641,1323,967,444,329,311,296,313,247,319
소계,폭력범죄,폭력행위등,미상,소계,18534,16439,16244,14638,13606,8244,7158,6849,6510,5877,4316,4482
소계,폭력범죄,공갈,불취학,소계,7,9,14,12,2,13,3,11,6,2,3,3
소계,폭력범죄,공갈,초등학교,재중,1,4,2,-,-,-,-,3,3,-,-,2
소계,폭력범죄,공갈,초등학교,중퇴,21,27,18,24,21,20,15,8,8,7,6,6
소계,폭력범죄,공갈,초등학교,졸업,49,108,51,111,54,90,56,62,55,29,28,18
소계,폭력범죄,공갈,중학교,재중,480,1013,368,243,177,241,265,293,277,250,211,278
소계,폭력범죄,공갈,중학교,중퇴,280,333,178,141,102,111,66,73,69,55,41,33
소계,폭력범죄,공갈,중학교,졸업,195,260,149,231,172,249,170,134,148,153,121,100
소계,폭력범죄,공갈,고등학교,재중,444,1051,354,260,213,292,418,380,345,325,277,271
소계,폭력범죄,공갈,고등학교,중퇴,344,476,269,240,182,234,263,276,298,239,190,190
소계,폭력범죄,공갈,고등학교,졸업,629,972,634,965,681,862,800,696,698,674,559,531
소계,폭력범죄,공갈,대학(4년미만),재중,8,16,7,8,9,13,13,10,8,11,15,20
소계,폭력범죄,공갈,대학(4년미만),중퇴,9,14,10,19,19,23,13,18,13,15,12,7
소계,폭력범죄,공갈,대학(4년미만),졸업,64,68,45,84,59,65,71,65,85,68,68,46
소계,폭력범죄,공갈,대학(4년이상),재중,28,35,29,34,34,37,46,36,47,42,43,53
소계,폭력범죄,공갈,대학(4년이상),중퇴,37,44,40,63,49,84,62,48,55,54,52,33
소계,폭력범죄,공갈,대학(4년이상),졸업,119,166,156,215,182,191,209,159,180,208,192,175
소계,폭력범죄,공갈,대학원,소계,26,-,-,-,-,-,-,-,-,-,-,-
소계,폭력범죄,공갈,대학원,재중,-,3,2,1,8,8,6,5,2,5,3,12
소계,폭력범죄,공갈,대학원,중퇴,-,5,5,4,3,6,2,3,6,2,3,3
소계,폭력범죄,공갈,대학원,졸업,-,14,32,33,23,25,26,20,32,21,30,23
소계,폭력범죄,공갈,기타,소계,114,55,37,50,31,42,32,19,37,42,25,24
소계,폭력범죄,공갈,미상,소계,931,782,789,936,909,1032,1037,1202,1180,1232,896,926
소계,폭력범죄,손괴,불취학,소계,312,306,328,365,367,419,347,365,389,363,305,288
소계,폭력범죄,손괴,초등학교,재중,3,15,1,-,1,2,2,4,2,-,4,6
소계,폭력범죄,손괴,초등학교,중퇴,338,372,401,365,406,444,455,444,495,472,414,366
소계,폭력범죄,손괴,초등학교,졸업,1523,1575,1657,1610,1732,1757,1647,1710,1788,1729,1533,1388
소계,폭력범죄,손괴,중학교,재중,77,139,126,84,138,146,118,125,188,242,233,351
소계,폭력범죄,손괴,중학교,중퇴,574,682,665,603,672,736,730,705,717,658,604,598
소계,폭력범죄,손괴,중학교,졸업,2123,2290,2378,2272,2435,2618,2548,2494,2715,2720,2330,2263
소계,폭력범죄,손괴,고등학교,재중,225,325,277,237,295,375,378,323,357,366,414,448
소계,폭력범죄,손괴,고등학교,중퇴,1023,1077,1040,1005,1163,1196,1183,1250,1225,1253,1137,1123
소계,폭력범죄,손괴,고등학교,졸업,10727,10923,10443,10727,10731,12174,11993,11735,12829,12631,11628,11886
소계,폭력범죄,손괴,대학(4년미만),재중,131,106,109,144,124,112,115,129,117,106,113,96
소계,폭력범죄,손괴,대학(4년미만),중퇴,127,138,137,175,164,183,146,206,223,208,164,175
소계,폭력범죄,손괴,대학(4년미만),졸업,1093,1246,1349,1349,1480,1585,1585,1846,1846,1793,1657,1711
소계,폭력범죄,손괴,대학(4년이상),재중,533,668,658,655,707,714,679,677,647,644,577,672
소계,폭력범죄,손괴,대학(4년이상),중퇴,460,560,602,671,802,806,908,887,932,987,936,936
소계,폭력범죄,손괴,대학(4년이상),졸업,2856,3068,3097,3361,3538,4022,4089,4263,4600,4475,4192,4494
소계,폭력범죄,손괴,대학원,소계,506,-,-,-,-,-,-,-,-,-,-,-
소계,폭력범죄,손괴,대학원,재중,-,90,87,97,106,103,131,85,79,78,77,87
소계,폭력범죄,손괴,대학원,중퇴,-,45,32,54,62,71,88,40,51,73,64,66
소계,폭력범죄,손괴,대학원,졸업,-,418,432,475,504,546,625,551,592,582,592,597
소계,폭력범죄,손괴,기타,소계,1338,980,540,524,419,462,432,391,461,509,540,599
소계,폭력범죄,손괴,미상,소계,4780,4608,4936,5134,5903,6524,6701,7460,8185,8827,8330,8709
소계,지능범죄,소계,불취학,소계,631,605,711,699,698,674,677,682,774,731,582,581
소계,지능범죄,소계,초등학교,재중,10,7,2,14,10,11,10,5,9,17,7,12
소계,지능범죄,소계,초등학교,중퇴,939,959,1065,994,1132,1125,1023,1096,1145,1075,841,862
소계,지능범죄,소계,초등학교,졸업,5162,5337,5699,5517,5899,5401,4871,4988,5180,4880,3416,3424
소계,지능범죄,소계,중학교,재중,582,934,882,870,1049,849,830,946,1115,1467,1308,1910
소계,지능범죄,소계,중학교,중퇴,3297,3288,3772,3633,3618,3218,2771,2816,2847,2558,1900,1872
소계,지능범죄,소계,중학교,졸업,8923,9209,10305,10824,11445,10922,9798,10682,11358,11244,7688,7978
소계,지능범죄,소계,고등학교,재중,3417,4902,4435,4216,4793,4769,3912,3649,3735,4447,3406,3144
소계,지능범죄,소계,고등학교,중퇴,6925,6778,8022,7471,8057,7573,6931,7699,8415,8245,5896,5818
소계,지능범죄,소계,고등학교,졸업,61624,58143,59057,60446,63083,62997,61128,65905,74121,72185,55271,54624
소계,지능범죄,소계,대학(4년미만),재중,403,411,424,332,410,480,401,615,681,758,658,523
소계,지능범죄,소계,대학(4년미만),중퇴,770,805,1006,976,1070,1137,1011,1388,1411,1489,1143,1091
소계,지능범죄,소계,대학(4년미만),졸업,5355,5654,6418,6529,7210,7056,7228,7956,8990,8273,6284,6447
소계,지능범죄,소계,대학(4년이상),재중,1724,1923,2042,2219,2909,2961,2970,3049,3222,3665,3125,3306
소계,지능범죄,소계,대학(4년이상),중퇴,3124,3684,4664,4770,5386,5879,5796,6436,7125,7181,5627,6012
소계,지능범죄,소계,대학(4년이상),졸업,15425,15660,17502,18028,18554,19441,19791,20676,22519,21921,16427,16548
소계,지능범죄,소계,대학원,소계,3116,-,-,-,-,-,-,-,-,-,-,-
소계,지능범죄,소계,대학원,재중,-,258,272,334,458,442,469,329,372,423,379,403
소계,지능범죄,소계,대학원,중퇴,-,327,406,409,442,479,454,279,391,362,356,378
소계,지능범죄,소계,대학원,졸업,-,2537,2726,2789,2877,2974,3046,2738,3125,3001,2257,2239
소계,지능범죄,소계,기타,소계,6214,4232,2446,2763,2736,2153,1687,1654,2105,2305,2506,3001
소계,지능범죄,소계,미상,소계,201758,154590,172169,152266,152543,146484,134313,148526,150142,151479,91304,99527
소계,지능범죄,직무유기,불취학,소계,-,-,-,1,-,-,-,-,-,-,-,-
소계,지능범죄,직무유기,초등학교,재중,-,-,-,-,-,-,-,-,-,-,-,-
소계,지능범죄,직무유기,초등학교,중퇴,-,-,-,-,-,-,-,-,-,1,-,-
소계,지능범죄,직무유기,초등학교,졸업,-,2,1,1,1,3,-,-,-,-,-,-
소계,지능범죄,직무유기,중학교,재중,-,-,-,-,-,-,-,-,-,-,-,-
소계,지능범죄,직무유기,중학교,중퇴,-,1,1,-,-,-,-,-,-,-,-,-
소계,지능범죄,직무유기,중학교,졸업,2,3,2,1,1,1,-,-,-,-,-,-
소계,지능범죄,직무유기,고등학교,재중,-,-,-,-,-,-,-,-,-,-,-,-
소계,지능범죄,직무유기,고등학교,중퇴,-,1,-,-,-,-,-,-,-,-,-,-
소계,지능범죄,직무유기,고등학교,졸업,51,43,43,26,34,27,15,19,21,12,15,17
소계,지능범죄,직무유기,대학(4년미만),재중,-,-,1,-,-,-,-,-,-,-,-,-
소계,지능범죄,직무유기,대학(4년미만),중퇴,-,-,-,-,-,-,-,-,1,1,1,-
소계,지능범죄,직무유기,대학(4년미만),졸업,17,23,9,14,16,12,17,6,6,2,5,6
소계,지능범죄,직무유기,대학(4년이상),재중,1,-,1,-,-,-,-,2,-,-,-,-
소계,지능범죄,직무유기,대학(4년이상),중퇴,3,2,6,6,3,5,1,3,4,2,2,2
소계,지능범죄,직무유기,대학(4년이상),졸업,91,94,87,76,102,90,78,50,52,51,48,25
소계,지능범죄,직무유기,대학원,소계,20,-,-,-,-,-,-,-,-,-,-,-
소계,지능범죄,직무유기,대학원,재중,-,-,-,1,-,-,-,-,-,-,-,-
소계,지능범죄,직무유기,대학원,중퇴,-,-,-,1,-,-,-,-,-,-,-,-
소계,지능범죄,직무유기,대학원,졸업,-,10,9,12,7,9,8,6,8,6,4,2
소계,지능범죄,직무유기,기타,소계,-,9,4,-,3,-,-,-,1,-,19,2
소계,지능범죄,직무유기,미상,소계,484,635,638,662,693,495,544,627,695,872,716,780
소계,지능범죄,직권남용,불취학,소계,-,-,-,-,-,-,1,-,-,1,-,-
소계,지능범죄,직권남용,초등학교,재중,-,-,-,-,-,-,-,-,-,-,-,-
소계,지능범죄,직권남용,초등학교,중퇴,-,2,-,-,-,-,-,-,-,-,-,-
소계,지능범죄,직권남용,초등학교,졸업,-,-,-,-,-,2,-,1,-,-,-,-
소계,지능범죄,직권남용,중학교,재중,-,-,-,-,-,-,-,-,-,-,-,-
소계,지능범죄,직권남용,중학교,중퇴,-,-,-,1,-,-,-,-,-,-,-,1
소계,지능범죄,직권남용,중학교,졸업,-,1,2,-,1,-,-,2,1,-,-,-
소계,지능범죄,직권남용,고등학교,재중,-,-,-,-,-,-,-,-,-,-,-,-
소계,지능범죄,직권남용,고등학교,중퇴,-,-,-,-,1,-,-,-,-,-,-,-
소계,지능범죄,직권남용,고등학교,졸업,25,33,32,24,22,20,34,34,19,23,22,7
소계,지능범죄,직권남용,대학(4년미만),재중,-,-,-,-,-,-,-,-,-,1,-,-
소계,지능범죄,직권남용,대학(4년미만),중퇴,-,-,1,-,-,-,-,1,-,-,-,-
소계,지능범죄,직권남용,대학(4년미만),졸업,2,5,11,5,8,7,13,13,17,9,5,7
소계,지능범죄,직권남용,대학(4년이상),재중,1,1,-,1,1,1,1,-,1,2,-,-
소계,지능범죄,직권남용,대학(4년이상),중퇴,2,1,3,5,3,5,5,5,3,3,2,2
소계,지능범죄,직권남용,대학(4년이상),졸업,52,37,58,44,41,49,62,93,82,74,58,43
소계,지능범죄,직권남용,대학원,소계,8,-,-,-,-,-,-,-,-,-,-,-
소계,지능범죄,직권남용,대학원,재중,-,-,-,-,-,-,-,1,-,-,-,-
소계,지능범죄,직권남용,대학원,중퇴,-,1,1,-,-,-,-,1,-,-,-,-
소계,지능범죄,직권남용,대학원,졸업,-,5,6,18,12,9,15,25,28,14,21,3
소계,지능범죄,직권남용,기타,소계,2,1,1,3,-,2,4,-,-,-,27,1
소계,지능범죄,직권남용,미상,소계,265,322,408,494,498,482,544,635,823,894,722,956
소계,지능범죄,증수뢰,불취학,소계,2,1,1,5,1,1,-,2,1,-,1,-
소계,지능범죄,증수뢰,초등학교,재중,-,-,-,-,-,-,-,-,-,-,-,-
소계,지능범죄,증수뢰,초등학교,중퇴,-,-,2,3,2,-,3,1,2,1,1,3
소계,지능범죄,증수뢰,초등학교,졸업,11,11,11,6,12,15,26,19,11,4,1,7
소계,지능범죄,증수뢰,중학교,재중,-,-,-,-,-,-,-,-,-,-,-,-
소계,지능범죄,증수뢰,중학교,중퇴,5,3,2,2,5,3,8,6,4,3,3,2
소계,지능범죄,증수뢰,중학교,졸업,22,16,22,17,18,23,15,25,14,8,9,7
소계,지능범죄,증수뢰,고등학교,재중,-,1,-,-,-,-,-,-,-,-,-,-
소계,지능범죄,증수뢰,고등학교,중퇴,10,6,3,8,2,9,7,12,6,5,4,4
소계,지능범죄,증수뢰,고등학교,졸업,384,231,195,179,163,194,291,248,181,142,119,102
소계,지능범죄,증수뢰,대학(4년미만),재중,2,1,-,-,-,-,1,-,-,-,-,-
소계,지능범죄,증수뢰,대학(4년미만),중퇴,-,-,-,3,-,1,1,1,2,5,3,-
소계,지능범죄,증수뢰,대학(4년미만),졸업,66,44,54,61,33,71,70,60,50,35,29,25
소계,지능범죄,증수뢰,대학(4년이상),재중,6,4,-,3,2,2,3,2,3,-,-,3
소계,지능범죄,증수뢰,대학(4년이상),중퇴,17,9,12,8,2,13,14,13,12,13,8,7
소계,지능범죄,증수뢰,대학(4년이상),졸업,352,242,266,289,262,201,313,340,321,215,137,163
소계,지능범죄,증수뢰,대학원,소계,70,-,-,-,-,-,-,-,-,-,-,-
소계,지능범죄,증수뢰,대학원,재중,-,5,4,2,6,2,3,4,1,4,2,1
소계,지능범죄,증수뢰,대학원,중퇴,-,1,-,-,1,-,2,-,1,1,2,-
소계,지능범죄,증수뢰,대학원,졸업,-,55,67,51,62,48,95,65,68,67,34,43
소계,지능범죄,증수뢰,기타,소계,52,20,-,8,25,6,3,5,2,14,14,15
소계,지능범죄,증수뢰,미상,소계,240,182,216,203,246,199,273,328,263,290,284,321
소계,지능범죄,통화,불취학,소계,-,-,-,-,-,-,1,2,-,-,-,-
소계,지능범죄,통화,초등학교,재중,-,-,-,-,-,1,-,-,-,-,-,-
소계,지능범죄,통화,초등학교,중퇴,-,1,-,1,1,-,6,-,-,2,-,1
소계,지능범죄,통화,초등학교,졸업,-,7,4,2,4,5,1,2,3,3,3,-
소계,지능범죄,통화,중학교,재중,6,5,3,2,6,15,5,2,-,-,-,2
소계,지능범죄,통화,중학교,중퇴,6,5,3,-,4,4,3,1,-,-,-,-
소계,지능범죄,통화,중학교,졸업,5,12,11,2,3,3,8,8,8,2,1,-
소계,지능범죄,통화,고등학교,재중,12,7,16,9,11,6,7,1,9,5,5,-
소계,지능범죄,통화,고등학교,중퇴,11,11,7,5,11,11,6,12,4,1,2,-
소계,지능범죄,통화,고등학교,졸업,27,18,43,35,33,34,75,34,17,11,5,8
소계,지능범죄,통화,대학(4년미만),재중,1,3,-,1,-,-,1,1,1,-,-,-
소계,지능범죄,통화,대학(4년미만),중퇴,1,1,-,-,2,1,-,-,-,-,-,-
소계,지능범죄,통화,대학(4년미만),졸업,1,2,11,7,9,1,5,5,9,1,1,-
소계,지능범죄,통화,대학(4년이상),재중,1,9,2,3,4,3,2,1,7,-,-,-
소계,지능범죄,통화,대학(4년이상),중퇴,2,2,5,4,3,1,2,-,4,-,-,-
소계,지능범죄,통화,대학(4년이상),졸업,8,6,6,7,7,5,6,3,-,2,3,4
소계,지능범죄,통화,대학원,재중,-,-,-,-,-,-,1,-,-,-,-,-
소계,지능범죄,통화,대학원,중퇴,-,1,-,-,-,-,2,-,-,-,-,-
소계,지능범죄,통화,대학원,졸업,-,-,2,1,-,-,1,-,-,-,-,-
소계,지능범죄,통화,기타,소계,2,9,1,1,4,-,1,2,-,-,1,1
소계,지능범죄,통화,미상,소계,38,64,320,254,184,130,398,181,81,59,37,26
소계,지능범죄,문서・인장,불취학,소계,66,55,68,37,55,41,29,24,36,24,18,24
소계,지능범죄,문서・인장,초등학교,재중,2,1,-,4,2,-,2,2,-,2,-,-
소계,지능범죄,문서・인장,초등학교,중퇴,88,71,58,63,60,60,40,37,46,27,29,28
소계,지능범죄,문서・인장,초등학교,졸업,483,424,456,369,389,289,285,220,233,193,134,161
소계,지능범죄,문서・인장,중학교,재중,56,106,89,99,91,78,66,72,67,71,69,90
소계,지능범죄,문서・인장,중학교,중퇴,248,234,262,225,213,175,132,97,95,87,72,70
소계,지능범죄,문서・인장,중학교,졸업,810,586,656,675,629,543,457,388,375,375,303,306
소계,지능범죄,문서・인장,고등학교,재중,1101,1777,1287,1066,1109,1258,1030,802,650,614,378,457
소계,지능범죄,문서・인장,고등학교,중퇴,520,579,572,459,482,506,391,411,386,385,178,303
소계,지능범죄,문서・인장,고등학교,졸업,4403,3396,3763,3639,3630,3296,2683,2542,2770,2494,2020,2078
소계,지능범죄,문서・인장,대학(4년미만),재중,30,46,38,21,23,41,24,42,29,38,16,10
소계,지능범죄,문서・인장,대학(4년미만),중퇴,33,47,39,79,54,61,37,32,29,35,27,27
소계,지능범죄,문서・인장,대학(4년미만),졸업,520,502,495,433,478,456,391,361,442,358,344,306
소계,지능범죄,문서・인장,대학(4년이상),재중,160,227,168,160,157,156,203,191,220,162,78,93
소계,지능범죄,문서・인장,대학(4년이상),중퇴,191,228,303,345,310,341,300,247,261,230,202,184
소계,지능범죄,문서・인장,대학(4년이상),졸업,1707,1450,1668,1549,1387,1414,1358,1268,1331,1225,1075,1146
소계,지능범죄,문서・인장,대학원,소계,376,-,-,-,-,-,-,-,-,-,-,-
소계,지능범죄,문서・인장,대학원,재중,-,23,28,28,26,34,33,19,24,24,16,15
소계,지능범죄,문서・인장,대학원,중퇴,-,25,29,34,24,30,29,6,16,20,13,10
소계,지능범죄,문서・인장,대학원,졸업,-,263,331,277,259,264,226,212,251,240,224,239
소계,지능범죄,문서・인장,기타,소계,561,405,172,215,164,117,75,55,78,90,108,113
소계,지능범죄,문서・인장,미상,소계,10750,9034,9924,9683,9480,8864,8127,8548,8914,8771,6137,6204
소계,지능범죄,유가증권인지,불취학,소계,-,-,2,1,-,-,1,5,1,-,-,-
소계,지능범죄,유가증권인지,초등학교,재중,-,-,-,-,-,-,-,-,-,-,-,-
소계,지능범죄,유가증권인지,초등학교,중퇴,1,1,7,2,2,3,1,2,2,-,-,-
소계,지능범죄,유가증권인지,초등학교,졸업,17,11,12,12,9,9,6,6,1,2,-,2
소계,지능범죄,유가증권인지,중학교,재중,-,-,-,-,-,-,1,-,-,-,-,-
소계,지능범죄,유가증권인지,중학교,중퇴,10,3,1,6,4,2,1,5,1,-,-,-
소계,지능범죄,유가증권인지,중학교,졸업,14,13,12,20,9,6,10,7,5,1,1,2
소계,지능범죄,유가증권인지,고등학교,재중,-,-,-,-,12,-,1,7,-,-,-,-
소계,지능범죄,유가증권인지,고등학교,중퇴,12,5,2,2,7,3,5,5,-,1,-,-
소계,지능범죄,유가증권인지,고등학교,졸업,147,108,89,104,64,71,66,27,23,20,10,7
소계,지능범죄,유가증권인지,대학(4년미만),재중,-,-,-,-,-,-,-,-,-,-,-,-
소계,지능범죄,유가증권인지,대학(4년미만),중퇴,5,1,2,1,2,-,1,-,1,1,-,-
소계,지능범죄,유가증권인지,대학(4년미만),졸업,12,15,8,9,8,7,8,6,5,-,-,2
소계,지능범죄,유가증권인지,대학(4년이상),재중,3,2,-,-,1,-,1,-,-,1,-,-
소계,지능범죄,유가증권인지,대학(4년이상),중퇴,5,6,4,8,6,6,2,1,3,-,2,-
소계,지능범죄,유가증권인지,대학(4년이상),졸업,49,51,30,38,34,18,30,12,18,11,7,9
소계,지능범죄,유가증권인지,대학원,소계,13,-,-,-,-,-,-,-,-,-,-,-
소계,지능범죄,유가증권인지,대학원,재중,-,-,-,-,-,-,-,1,-,1,-,-
소계,지능범죄,유가증권인지,대학원,중퇴,-,-,-,-,-,-,-,1,-,-,-,-
소계,지능범죄,유가증권인지,대학원,졸업,-,9,5,6,4,6,4,1,4,3,2,-
소계,지능범죄,유가증권인지,기타,소계,26,2,2,6,2,5,1,2,1,1,-,-
소계,지능범죄,유가증권인지,미상,소계,711,406,372,337,235,237,191,207,143,75,46,56
소계,지능범죄,사기,불취학,소계,480,449,505,515,474,408,375,334,367,306,183,165
소계,지능범죄,사기,초등학교,재중,8,6,1,7,8,9,6,1,9,12,7,8
소계,지능범죄,사기,초등학교,중퇴,741,762,843,762,842,767,629,668,622,576,367,330
소계,지능범죄,사기,초등학교,졸업,4049,4169,4356,4241,4302,3803,3261,3340,3429,3079,1773,1708
소계,지능범죄,사기,중학교,재중,347,553,560,605,749,599,582,668,849,1137,1028,1393
소계,지능범죄,사기,중학교,중퇴,2754,2697,3096,3006,2950,2570,2149,2282,2296,2041,1441,1392
소계,지능범죄,사기,중학교,졸업,7201,7496,8303,8829,9193,8676,7709,8614,9228,9032,5923,6075
소계,지능범죄,사기,고등학교,재중,1679,2276,2186,2401,2821,2660,2129,2148,2469,3188,2496,2098
소계,지능범죄,사기,고등학교,중퇴,5770,5496,6619,6302,6730,6183,5757,6485,7240,7075,5103,4828
소계,지능범죄,사기,고등학교,졸업,49473,47271,46754,48135,50430,50322,49199,54625,62523,60871,46238,45037
소계,지능범죄,사기,대학(4년미만),재중,302,300,316,254,319,360,310,494,578,661,600,469
소계,지능범죄,사기,대학(4년미만),중퇴,650,667,848,769,898,949,846,1220,1240,1310,1001,961
소계,지능범죄,사기,대학(4년미만),졸업,3928,4129,4604,4739,5282,5273,5376,6145,7134,6524,4924,5023
소계,지능범죄,사기,대학(4년이상),재중,1201,1297,1438,1664,2251,2283,2230,2375,2581,3130,2770,2883
소계,지능범죄,사기,대학(4년이상),중퇴,2572,2998,3787,3823,4438,4741,4777,5426,6063,6245,4892,5225
소계,지능범죄,사기,대학(4년이상),졸업,10436,10929,11874,12373,12856,13986,13954,14976,16893,16588,11859,11839
소계,지능범죄,사기,대학원,소계,1993,-,-,-,-,-,-,-,-,-,-,-
소계,지능범죄,사기,대학원,재중,-,176,171,222,344,331,344,247,290,342,305,356
소계,지능범죄,사기,대학원,중퇴,-,254,322,330,348,380,367,230,323,296,300,326
소계,지능범죄,사기,대학원,졸업,-,1710,1729,1756,1797,1960,2000,1788,2148,2047,1499,1461
소계,지능범죄,사기,기타,소계,4740,3191,1945,2141,2184,1719,1353,1347,1784,1859,1978,2453
소계,지능범죄,사기,미상,소계,166310,124061,139052,119299,118989,115231,105129,116441,118094,118690,68149,75498
소계,지능범죄,횡령,불취학,소계,75,86,117,127,160,215,262,303,363,395,377,387
소계,지능범죄,횡령,초등학교,재중,-,-,1,3,-,1,2,2,-,3,-,4
소계,지능범죄,횡령,초등학교,중퇴,93,103,136,141,203,289,336,377,455,461,439,498
소계,지능범죄,횡령,초등학교,졸업,515,606,730,754,1091,1180,1201,1314,1409,1544,1468,1502
소계,지능범죄,횡령,중학교,재중,173,270,230,164,203,157,176,204,199,259,211,425
소계,지능범죄,횡령,중학교,중퇴,256,316,372,371,414,440,450,404,432,416,376,396
소계,지능범죄,횡령,중학교,졸업,741,955,1148,1101,1446,1508,1461,1547,1636,1740,1388,1525
소계,지능범죄,횡령,고등학교,재중,624,834,946,740,839,843,745,691,607,638,526,589
소계,지능범죄,횡령,고등학교,중퇴,556,635,774,645,781,805,715,738,737,745,583,665
소계,지능범죄,횡령,고등학교,졸업,6035,6091,6950,6697,7692,8003,7642,7379,7677,7799,6220,6906
소계,지능범죄,횡령,대학(4년미만),재중,67,60,69,56,67,78,62,76,72,56,41,44
소계,지능범죄,횡령,대학(4년미만),중퇴,75,79,105,110,108,118,110,129,128,130,106,94
소계,지능범죄,횡령,대학(4년미만),졸업,672,785,1014,966,1129,1028,1149,1163,1134,1175,851,975
소계,지능범죄,횡령,대학(4년이상),재중,336,378,423,372,483,493,517,466,397,358,274,321
소계,지능범죄,횡령,대학(4년이상),중퇴,292,382,472,485,552,712,625,693,702,620,472,550
소계,지능범죄,횡령,대학(4년이상),졸업,2028,2043,2669,2639,2969,2866,3088,3056,3090,3050,2688,2812
소계,지능범죄,횡령,대학원,소계,493,-,-,-,-,-,-,-,-,-,-,-
소계,지능범죄,횡령,대학원,재중,-,49,63,74,75,66,78,53,50,45,52,29
소계,지능범죄,횡령,대학원,중퇴,-,39,48,39,55,64,45,34,40,36,33,36
소계,지능범죄,횡령,대학원,졸업,-,345,427,447,553,508,527,448,483,480,361,384
소계,지능범죄,횡령,기타,소계,696,478,268,293,319,286,225,214,217,259,304,382
소계,지능범죄,횡령,미상,소계,17662,14973,15761,15751,16806,15923,14164,15979,15335,15721,11200,11482
소계,지능범죄,배임,불취학,소계,8,14,18,13,8,9,8,12,6,5,3,5
소계,지능범죄,배임,초등학교,재중,-,-,-,-,-,-,-,-,-,-,-,-
소계,지능범죄,배임,초등학교,중퇴,16,19,19,22,22,6,8,11,18,7,5,2
소계,지능범죄,배임,초등학교,졸업,87,107,129,132,91,95,91,86,94,55,37,44
소계,지능범죄,배임,중학교,재중,-,-,-,-,-,-,-,-,-,-,-,-
소계,지능범죄,배임,중학교,중퇴,18,29,35,22,28,24,28,21,19,11,8,11
소계,지능범죄,배임,중학교,졸업,128,127,149,179,145,162,138,91,91,86,63,63
소계,지능범죄,배임,고등학교,재중,1,7,-,-,1,2,-,-,-,2,1,-
소계,지능범죄,배임,고등학교,중퇴,46,45,45,50,43,56,50,36,42,33,26,18
소계,지능범죄,배임,고등학교,졸업,1079,952,1188,1607,1015,1030,1123,997,890,813,622,462
소계,지능범죄,배임,대학(4년미만),재중,1,1,-,-,1,1,3,2,1,2,1,-
소계,지능범죄,배임,대학(4년미만),중퇴,6,10,11,14,6,7,16,5,10,7,5,9
소계,지능범죄,배임,대학(4년미만),졸업,137,149,212,295,247,201,199,197,193,169,125,103
소계,지능범죄,배임,대학(4년이상),재중,15,5,10,16,10,23,13,12,13,12,3,6
소계,지능범죄,배임,대학(4년이상),중퇴,40,56,72,86,69,55,70,48,73,68,47,42
소계,지능범죄,배임,대학(4년이상),졸업,702,808,844,1013,896,812,902,878,732,705,552,507
소계,지능범죄,배임,대학원,소계,143,-,-,-,-,-,-,-,-,-,-,-
소계,지능범죄,배임,대학원,재중,-,5,6,7,7,9,10,4,7,7,4,2
소계,지능범죄,배임,대학원,중퇴,-,6,6,5,14,5,9,7,11,9,8,6
소계,지능범죄,배임,대학원,졸업,-,140,150,221,183,170,170,193,135,144,112,107
소계,지능범죄,배임,기타,소계,135,117,53,96,35,18,25,29,22,82,55,34
소계,지능범죄,배임,미상,소계,5298,4913,5478,5583,5412,4923,4943,5580,5794,6107,4013,4204
소계,풍속범죄,소계,불취학,소계,393,379,361,299,349,276,284,231,262,179,149,107
소계,풍속범죄,소계,초등학교,재중,3,7,-,-,2,1,1,3,2,5,7,3
소계,풍속범죄,소계,초등학교,중퇴,458,419,402,349,431,393,341,323,343,341,200,173
소계,풍속범죄,소계,초등학교,졸업,3216,3059,2732,2597,2644,2144,1997,1736,1718,1587,1101,966
소계,풍속범죄,소계,중학교,재중,73,131,113,151,146,279,283,342,342,507,647,826
소계,풍속범죄,소계,중학교,중퇴,793,875,813,707,831,829,643,569,540,482,405,350
소계,풍속범죄,소계,중학교,졸업,4966,4413,4086,3674,3891,3626,3039,2909,2810,2473,1926,1627
소계,풍속범죄,소계,고등학교,재중,389,535,471,474,580,823,886,908,878,1276,1452,2064
소계,풍속범죄,소계,고등학교,중퇴,1517,1423,1224,1185,1149,1269,1050,978,929,890,778,714
소계,풍속범죄,소계,고등학교,졸업,26247,20992,18642,16040,15870,17943,13340,11657,12308,12504,9594,9415
소계,풍속범죄,소계,대학(4년미만),재중,202,128,142,126,126,157,119,144,138,167,157,197
소계,풍속범죄,소계,대학(4년미만),중퇴,190,204,239,197,223,260,259,146,200,228,149,175
소계,풍속범죄,소계,대학(4년미만),졸업,2224,1999,2335,1993,1877,2704,1956,1692,1855,1713,1314,1377
소계,풍속범죄,소계,대학(4년이상),재중,2341,1756,2194,1288,1293,1660,1199,1075,1066,1339,1272,1813
소계,풍속범죄,소계,대학(4년이상),중퇴,799,831,993,842,892,1424,985,815,915,943,752,812
소계,풍속범죄,소계,대학(4년이상),졸업,4525,4148,4677,3960,3917,5459,4184,3637,3957,4095,3331,3377
소계,풍속범죄,소계,대학원,소계,660,-,-,-,-,-,-,-,-,-,-,-
소계,풍속범죄,소계,대학원,재중,-,184,192,174,168,185,112,109,116,131,139,140
소계,풍속범죄,소계,대학원,중퇴,-,54,71,58,60,72,54,37,49,44,50,42
소계,풍속범죄,소계,대학원,졸업,-,400,446,414,355,479,390,303,308,332,265,304
소계,풍속범죄,소계,기타,소계,3830,2164,1012,918,793,769,461,365,482,485,530,465
소계,풍속범죄,소계,미상,소계,8557,6804,6869,6248,5486,4397,4198,4204,4561,4950,4812,6044
소계,풍속범죄,성풍속범죄,불취학,소계,22,51,44,30,30,35,46,44,47,34,25,27
소계,풍속범죄,성풍속범죄,초등학교,재중,-,7,-,-,1,1,1,1,2,4,6,3
소계,풍속범죄,성풍속범죄,초등학교,중퇴,24,58,62,46,57,62,73,76,68,70,45,46
소계,풍속범죄,성풍속범죄,초등학교,졸업,168,277,319,274,229,217,241,198,222,232,191,185
소계,풍속범죄,성풍속범죄,중학교,재중,71,116,112,151,145,274,279,341,338,502,636,818
소계,풍속범죄,성풍속범죄,중학교,중퇴,96,153,190,169,192,149,115,128,121,127,116,97
소계,풍속범죄,성풍속범죄,중학교,졸업,333,548,548,506,470,396,431,399,397,350,433,413
소계,풍속범죄,성풍속범죄,고등학교,재중,355,495,464,457,553,734,839,876,843,1231,1417,2021
소계,풍속범죄,성풍속범죄,고등학교,중퇴,220,330,360,314,252,241,252,286,269,269,298,353
소계,풍속범죄,성풍속범죄,고등학교,졸업,4293,4845,5371,3666,3250,3291,3282,3442,3324,3381,3455,4323
소계,풍속범죄,성풍속범죄,대학(4년미만),재중,154,92,123,93,93,89,91,132,113,139,139,190
소계,풍속범죄,성풍속범죄,대학(4년미만),중퇴,63,102,116,89,76,51,99,75,95,112,84,121
소계,풍속범죄,성풍속범죄,대학(4년미만),졸업,799,1016,1288,917,760,710,784,871,844,790,808,1031
소계,풍속범죄,성풍속범죄,대학(4년이상),재중,2002,1569,2016,1049,1022,954,902,912,805,1025,1086,1732
소계,풍속범죄,성풍속범죄,대학(4년이상),중퇴,315,448,608,406,346,446,391,451,447,423,453,586
소계,풍속범죄,성풍속범죄,대학(4년이상),졸업,2020,2501,2946,2183,2048,1956,2066,2253,2111,2173,2348,2569
소계,풍속범죄,성풍속범죄,대학원,소계,335,-,-,-,-,-,-,-,-,-,-,-
소계,풍속범죄,성풍속범죄,대학원,재중,-,152,176,140,140,117,93,100,92,114,128,132
소계,풍속범죄,성풍속범죄,대학원,중퇴,-,32,50,36,31,31,30,17,28,21,37,35
소계,풍속범죄,성풍속범죄,대학원,졸업,-,240,301,263,203,218,236,207,189,214,214,240
소계,풍속범죄,성풍속범죄,기타,소계,384,267,189,157,181,148,143,116,139,133,205,236
소계,풍속범죄,성풍속범죄,미상,소계,3555,3022,3405,2999,1838,1087,1652,1788,1979,2202,2425,4193
소계,풍속범죄,도박범죄,불취학,소계,371,328,317,269,319,241,238,187,215,145,124,80
소계,풍속범죄,도박범죄,초등학교,재중,3,-,-,-,1,-,-,2,-,1,1,-
소계,풍속범죄,도박범죄,초등학교,중퇴,434,361,340,303,374,331,268,247,275,271,155,127
소계,풍속범죄,도박범죄,초등학교,졸업,3048,2782,2413,2323,2415,1927,1756,1538,1496,1355,910,781
소계,풍속범죄,도박범죄,중학교,재중,2,15,1,-,1,5,4,1,4,5,11,8
소계,풍속범죄,도박범죄,중학교,중퇴,697,722,623,538,639,680,528,441,419,355,289,253
소계,풍속범죄,도박범죄,중학교,졸업,4633,3865,3538,3168,3421,3230,2608,2510,2413,2123,1493,1214
소계,풍속범죄,도박범죄,고등학교,재중,34,40,7,17,27,89,47,32,35,45,35,43
소계,풍속범죄,도박범죄,고등학교,중퇴,1297,1093,864,871,897,1028,798,692,660,621,480,361
소계,풍속범죄,도박범죄,고등학교,졸업,21954,16147,13271,12374,12620,14652,10058,8215,8984,9123,6139,5092
소계,풍속범죄,도박범죄,대학(4년미만),재중,48,36,19,33,33,68,28,12,25,28,18,7
소계,풍속범죄,도박범죄,대학(4년미만),중퇴,127,102,123,108,147,209,160,71,105,116,65,54
소계,풍속범죄,도박범죄,대학(4년미만),졸업,1425,983,1047,1076,1117,1994,1172,821,1011,923,506,346
소계,풍속범죄,도박범죄,대학(4년이상),재중,339,187,178,239,271,706,297,163,261,314,186,81
소계,풍속범죄,도박범죄,대학(4년이상),중퇴,484,383,385,436,546,978,594,364,468,520,299,226
소계,풍속범죄,도박범죄,대학(4년이상),졸업,2505,1647,1731,1777,1869,3503,2118,1384,1846,1922,983,808
소계,풍속범죄,도박범죄,대학원,소계,325,-,-,-,-,-,-,-,-,-,-,-
소계,풍속범죄,도박범죄,대학원,재중,-,32,16,34,28,68,19,9,24,17,11,8
소계,풍속범죄,도박범죄,대학원,중퇴,-,22,21,22,29,41,24,20,21,23,13,7
소계,풍속범죄,도박범죄,대학원,졸업,-,160,145,151,152,261,154,96,119,118,51,64
소계,풍속범죄,도박범죄,기타,소계,3446,1897,823,761,612,621,318,249,343,352,325,229
소계,풍속범죄,도박범죄,미상,소계,5002,3782,3464,3249,3648,3310,2546,2416,2582,2748,2387,1851
소계,특별경제범죄,소계,불취학,소계,305,445,422,480,492,465,365,380,336,270,207,157
소계,특별경제범죄,소계,초등학교,재중,1,20,1,-,-,1,4,4,1,3,1,2
소계,특별경제범죄,소계,초등학교,중퇴,490,566,557,644,656,586,536,540,563,449,326,277
소계,특별경제범죄,소계,초등학교,졸업,2456,3041,2769,3274,3176,2731,2421,2275,2390,1881,1352,1254
소계,특별경제범죄,소계,중학교,재중,103,240,142,76,96,67,55,53,52,61,72,96
소계,특별경제범죄,소계,중학교,중퇴,1011,1189,1177,1266,1333,1199,1040,1006,1006,812,566,562
소계,특별경제범죄,소계,중학교,졸업,3945,4496,4274,4951,4907,4459,4084,4134,4408,3494,2239,2310
소계,특별경제범죄,소계,고등학교,재중,392,557,351,308,490,305,214,199,264,227,131,104
소계,특별경제범죄,소계,고등학교,중퇴,1823,2116,1919,2042,2266,1990,1764,1839,1886,1528,1036,1048
소계,특별경제범죄,소계,고등학교,졸업,29231,30508,24007,26043,26360,23954,23664,24731,26598,21675,14237,14737
소계,특별경제범죄,소계,대학(4년미만),재중,234,207,130,122,152,112,98,130,185,105,69,59
소계,특별경제범죄,소계,대학(4년미만),중퇴,346,381,358,350,364,327,329,336,341,283,186,184
소계,특별경제범죄,소계,대학(4년미만),졸업,3247,3385,2996,3271,3460,3028,3114,3290,3900,3063,1955,2003
소계,특별경제범죄,소계,대학(4년이상),재중,1626,1508,1266,1272,1764,1108,1046,893,947,720,454,455
소계,특별경제범죄,소계,대학(4년이상),중퇴,1308,1547,1427,1687,1798,1631,1708,1881,2000,1596,1130,1224
소계,특별경제범죄,소계,대학(4년이상),졸업,6930,7518,7000,7986,8281,7726,7531,8259,8863,7627,5289,5455
소계,특별경제범죄,소계,대학원,소계,1324,-,-,-,-,-,-,-,-,-,-,-
소계,특별경제범죄,소계,대학원,재중,-,241,167,196,252,149,141,113,133,120,94,98
소계,특별경제범죄,소계,대학원,중퇴,-,130,115,141,138,130,104,84,92,66,69,69
소계,특별경제범죄,소계,대학원,졸업,-,1155,958,1085,1156,1066,1159,1113,1116,1010,716,792
소계,특별경제범죄,소계,기타,소계,2741,2104,894,1033,1181,1090,727,653,678,783,759,789
소계,특별경제범죄,소계,미상,소계,34109,32073,32378,31421,32034,25545,22348,23435,23416,22131,15958,18998
소계,마약범죄,소계,불취학,소계,149,130,122,134,191,233,270,258,240,306,183,271
소계,마약범죄,소계,초등학교,재중,1,-,-,1,-,-,-,3,-,2,-,2
소계,마약범죄,소계,초등학교,중퇴,64,75,80,69,126,151,149,127,157,189,116,133
소계,마약범죄,소계,초등학교,졸업,308,259,345,285,521,574,574,493,644,766,535,749
소계,마약범죄,소계,중학교,재중,1,-,1,3,5,1,1,-,-,4,10,33
소계,마약범죄,소계,중학교,중퇴,208,274,242,277,368,385,360,310,305,332,240,265
소계,마약범죄,소계,중학교,졸업,509,456,497,509,713,853,911,795,982,1038,835,1099
소계,마약범죄,소계,고등학교,재중,15,5,4,27,28,9,17,10,13,58,72,83
소계,마약범죄,소계,고등학교,중퇴,451,341,302,355,480,534,489,427,551,525,429,420
소계,마약범죄,소계,고등학교,졸업,1726,1603,1806,1862,2247,2706,2796,2501,3380,4005,3595,4330
소계,마약범죄,소계,대학(4년미만),재중,10,12,7,3,5,11,8,10,24,38,34,48
소계,마약범죄,소계,대학(4년미만),중퇴,27,19,35,44,36,64,46,67,86,64,77,79
소계,마약범죄,소계,대학(4년미만),졸업,100,110,143,146,207,248,212,244,318,362,289,364
소계,마약범죄,소계,대학(4년이상),재중,49,59,63,96,121,104,110,127,213,268,244,276
소계,마약범죄,소계,대학(4년이상),중퇴,63,105,95,146,160,215,279,265,343,344,347,480
소계,마약범죄,소계,대학(4년이상),졸업,332,317,443,458,511,644,717,753,997,1225,924,1162
소계,마약범죄,소계,대학원,소계,94,-,-,-,-,-,-,-,-,-,-,-
소계,마약범죄,소계,대학원,재중,-,6,13,19,18,19,24,18,24,33,22,33
소계,마약범죄,소계,대학원,중퇴,-,11,5,11,9,15,16,14,21,13,12,14
소계,마약범죄,소계,대학원,졸업,-,64,107,74,77,105,98,114,109,151,127,152
소계,마약범죄,소계,기타,소계,272,177,96,73,111,160,126,71,78,149,243,255
소계,마약범죄,소계,미상,소계,1030,708,643,672,979,1412,1309,1070,1390,1758,1839,1700
소계,보건범죄,소계,불취학,소계,196,233,275,208,219,202,162,156,177,162,169,147
소계,보건범죄,소계,초등학교,재중,-,-,-,-,-,-,-,1,2,-,-,-
소계,보건범죄,소계,초등학교,중퇴,206,204,274,240,205,178,171,183,176,186,212,235
소계,보건범죄,소계,초등학교,졸업,1272,1216,1637,1403,1181,1241,957,890,933,897,1123,1234
소계,보건범죄,소계,중학교,재중,2,3,-,2,1,2,-,1,4,9,16,23
소계,보건범죄,소계,중학교,중퇴,216,228,316,266,212,229,204,156,186,208,353,424
소계,보건범죄,소계,중학교,졸업,1687,1521,1944,1670,1523,1542,1289,1239,1379,1341,2122,2631
소계,보건범죄,소계,고등학교,재중,27,14,9,8,3,8,8,5,3,27,94,86
소계,보건범죄,소계,고등학교,중퇴,411,380,414,391,329,330,301,263,312,311,679,993
소계,보건범죄,소계,고등학교,졸업,8371,7078,8526,7912,6726,6843,5976,4847,5791,6967,15261,22548
소계,보건범죄,소계,대학(4년미만),재중,22,19,33,17,13,12,11,14,13,26,61,148
소계,보건범죄,소계,대학(4년미만),중퇴,66,51,74,72,64,43,46,51,64,78,184,194
소계,보건범죄,소계,대학(4년미만),졸업,781,768,1019,927,974,1118,1007,907,1021,1116,2112,2922
소계,보건범죄,소계,대학(4년이상),재중,162,128,131,139,116,124,111,116,136,254,747,1257
소계,보건범죄,소계,대학(4년이상),중퇴,230,308,371,353,352,417,379,321,379,571,1316,1653
소계,보건범죄,소계,대학(4년이상),졸업,2604,3433,3729,3923,4142,4709,3918,3739,3383,4249,6527,9119
소계,보건범죄,소계,대학원,소계,665,-,-,-,-,-,-,-,-,-,-,-
소계,보건범죄,소계,대학원,재중,-,51,60,47,53,52,53,29,33,63,112,196
소계,보건범죄,소계,대학원,중퇴,-,20,27,39,29,36,26,26,33,38,66,73
소계,보건범죄,소계,대학원,졸업,-,667,685,788,774,843,847,662,567,757,893,1027
소계,보건범죄,소계,기타,소계,846,487,267,294,273,204,139,140,165,295,1099,2942
소계,보건범죄,소계,미상,소계,2681,2722,3255,3386,3532,3516,3525,3219,3267,4255,5797,8868
소계,환경범죄,소계,불취학,소계,28,25,24,20,19,24,21,19,30,22,12,20
소계,환경범죄,소계,초등학교,재중,-,-,-,-,-,-,-,-,-,-,-,-
소계,환경범죄,소계,초등학교,중퇴,30,38,42,34,26,41,48,46,27,29,34,28
소계,환경범죄,소계,초등학교,졸업,238,228,241,192,263,224,246,256,284,246,191,174
소계,환경범죄,소계,중학교,재중,2,-,-,-,1,4,2,-,2,-,-,-
소계,환경범죄,소계,중학교,중퇴,51,46,57,43,64,48,64,53,89,62,39,43
소계,환경범죄,소계,중학교,졸업,285,248,323,279,250,311,389,341,425,315,312,266
소계,환경범죄,소계,고등학교,재중,5,-,-,1,-,5,2,1,2,2,3,2
소계,환경범죄,소계,고등학교,중퇴,59,69,65,49,64,71,86,95,131,106,90,92
소계,환경범죄,소계,고등학교,졸업,1152,1108,1207,1051,993,1285,1494,1255,1751,1535,1268,1249
소계,환경범죄,소계,대학(4년미만),재중,1,1,1,1,-,1,2,-,7,1,1,2
소계,환경범죄,소계,대학(4년미만),중퇴,6,5,7,4,11,11,13,12,14,10,14,9
소계,환경범죄,소계,대학(4년미만),졸업,182,201,242,171,168,266,275,248,324,279,268,273
소계,환경범죄,소계,대학(4년이상),재중,7,7,7,13,15,15,12,10,18,11,9,10
소계,환경범죄,소계,대학(4년이상),중퇴,27,34,50,54,57,55,84,64,111,84,54,65
소계,환경범죄,소계,대학(4년이상),졸업,396,489,587,589,564,725,812,809,901,735,800,685
소계,환경범죄,소계,대학원,소계,66,-,-,-,-,-,-,-,-,-,-,-
소계,환경범죄,소계,대학원,재중,-,4,5,2,11,6,2,7,5,3,6,4
소계,환경범죄,소계,대학원,중퇴,-,6,4,4,3,7,10,4,14,3,5,4
소계,환경범죄,소계,대학원,졸업,-,71,85,117,131,119,145,120,106,116,131,111
소계,환경범죄,소계,기타,소계,116,118,81,38,45,41,22,39,21,29,38,30
소계,환경범죄,소계,미상,소계,462,549,560,474,491,543,649,687,826,741,578,622
소계,교통범죄,소계,불취학,소계,1240,1240,1508,1455,1664,1774,1512,1206,1174,1033,846,763
소계,교통범죄,소계,초등학교,재중,26,22,14,13,13,10,20,17,7,14,17,11
소계,교통범죄,소계,초등학교,중퇴,1761,1847,2059,2010,2265,2490,2215,1847,1744,1624,1473,1447
소계,교통범죄,소계,초등학교,졸업,12469,13115,14209,13683,14743,15315,12807,10841,9719,8872,7688,7672
소계,교통범죄,소계,중학교,재중,1469,1735,1043,947,801,739,857,699,807,1015,932,1176
소계,교통범죄,소계,중학교,중퇴,3091,3364,3695,3673,3778,3932,3499,2951,2618,2340,2184,2363
소계,교통범죄,소계,중학교,졸업,18198,18699,22001,21468,22456,22807,19998,17514,15337,13943,12499,12533
소계,교통범죄,소계,고등학교,재중,6039,6502,4447,4062,3937,4233,4507,3373,3151,3639,3298,3136
소계,교통범죄,소계,고등학교,중퇴,6752,6206,6447,6170,6563,7118,6474,5771,5580,5021,4507,4904
소계,교통범죄,소계,고등학교,졸업,206582,182400,181895,174421,168936,170130,144942,117049,101072,92812,83667,84139
소계,교통범죄,소계,대학(4년미만),재중,1210,994,821,724,708,609,572,658,639,594,514,485
소계,교통범죄,소계,대학(4년미만),중퇴,985,1041,1211,1121,1035,1054,989,1005,944,919,811,831
소계,교통범죄,소계,대학(4년미만),졸업,17856,20023,25379,24519,23459,23484,21246,18717,15783,13944,12932,13641
소계,교통범죄,소계,대학(4년이상),재중,7236,7600,6858,6559,6670,6116,5454,4297,3931,4022,3725,3477
소계,교통범죄,소계,대학(4년이상),중퇴,3754,4258,5682,5738,6550,7285,7048,6127,5439,4930,4811,5040
소계,교통범죄,소계,대학(4년이상),졸업,57088,61808,73976,69090,69188,70062,62322,51967,43515,37965,35405,38191
소계,교통범죄,소계,대학원,소계,6674,-,-,-,-,-,-,-,-,-,-,-
소계,교통범죄,소계,대학원,재중,-,1367,1398,1199,1230,1229,1120,738,659,623,620,620
소계,교통범죄,소계,대학원,중퇴,-,319,333,311,315,350,401,238,237,253,193,240
소계,교통범죄,소계,대학원,졸업,-,5501,6197,5798,5784,5931,5703,4439,3994,3571,3705,4163
소계,교통범죄,소계,기타,소계,21309,17052,12142,11804,10530,8249,7370,5656,4490,4537,5442,5882
소계,교통범죄,소계,미상,소계,150611,156983,165441,178361,198749,202435,175496,158037,162877,154775,125963,49502
소계,노동범죄,소계,불취학,소계,11,12,8,9,11,25,21,8,2,4,1,2
소계,노동범죄,소계,초등학교,재중,-,-,-,-,-,-,-,-,-,-,-,-
소계,노동범죄,소계,초등학교,중퇴,19,23,15,10,18,53,45,18,2,3,-,4
소계,노동범죄,소계,초등학교,졸업,78,146,135,90,128,330,320,107,31,9,14,12
소계,노동범죄,소계,중학교,재중,-,2,-,-,3,-,-,-,-,-,-,-
소계,노동범죄,소계,중학교,중퇴,55,45,35,32,23,73,55,30,16,14,2,4
소계,노동범죄,소계,중학교,졸업,176,226,168,158,197,442,369,179,56,38,32,34
소계,노동범죄,소계,고등학교,재중,4,-,1,-,3,1,1,3,-,-,1,2
소계,노동범죄,소계,고등학교,중퇴,90,96,69,58,77,135,114,51,37,16,24,11
소계,노동범죄,소계,고등학교,졸업,1326,1053,1115,1005,1165,2870,2307,877,343,222,176,208
소계,노동범죄,소계,대학(4년미만),재중,4,2,1,-,1,1,1,1,1,-,2,3
소계,노동범죄,소계,대학(4년미만),중퇴,23,5,14,11,7,30,17,14,7,4,3,3
소계,노동범죄,소계,대학(4년미만),졸업,118,104,137,106,142,400,329,150,51,33,88,35
소계,노동범죄,소계,대학(4년이상),재중,21,20,7,3,7,22,15,9,2,1,2,2
소계,노동범죄,소계,대학(4년이상),중퇴,32,32,40,39,40,101,86,34,25,18,14,21
소계,노동범죄,소계,대학(4년이상),졸업,175,213,213,183,222,634,595,286,88,77,152,133
소계,노동범죄,소계,대학원,소계,36,-,-,-,-,-,-,-,-,-,-,-
소계,노동범죄,소계,대학원,재중,-,3,3,1,4,8,4,2,-,-,-,1
소계,노동범죄,소계,대학원,중퇴,-,5,3,5,1,14,5,2,1,1,1,1
소계,노동범죄,소계,대학원,졸업,-,17,22,17,28,54,53,17,12,9,30,21
소계,노동범죄,소계,기타,소계,93,44,14,50,29,93,46,11,6,9,10,6
소계,노동범죄,소계,미상,소계,380,330,309,354,289,574,581,274,185,155,118,114
소계,안보범죄,소계,불취학,소계,-,1,-,1,1,1,-,-,-,1,1,-
소계,안보범죄,소계,초등학교,재중,-,-,-,-,-,-,-,-,-,-,-,-
소계,안보범죄,소계,초등학교,중퇴,1,1,-,-,1,-,2,-,1,1,-,2
소계,안보범죄,소계,초등학교,졸업,4,1,5,1,3,-,2,1,3,4,9,1
소계,안보범죄,소계,중학교,재중,-,2,-,-,-,1,1,-,-,-,-,-
소계,안보범죄,소계,중학교,중퇴,5,2,5,2,3,2,2,1,10,1,4,6
소계,안보범죄,소계,중학교,졸업,3,2,2,1,3,1,7,4,18,28,17,20
소계,안보범죄,소계,고등학교,재중,-,-,1,-,-,-,4,-,-,2,-,-
소계,안보범죄,소계,고등학교,중퇴,4,2,4,2,5,-,11,2,21,32,9,18
소계,안보범죄,소계,고등학교,졸업,27,37,15,20,71,40,99,76,290,385,335,352
소계,안보범죄,소계,대학(4년미만),재중,-,-,-,-,-,-,1,-,2,3,-,3
소계,안보범죄,소계,대학(4년미만),중퇴,3,2,1,1,-,-,-,1,6,2,7,7
소계,안보범죄,소계,대학(4년미만),졸업,9,7,4,9,5,3,8,13,17,30,22,28
소계,안보범죄,소계,대학(4년이상),재중,1,3,2,1,4,4,2,2,10,11,8,5
소계,안보범죄,소계,대학(4년이상),중퇴,6,7,5,5,13,1,9,6,27,28,24,38
소계,안보범죄,소계,대학(4년이상),졸업,35,33,66,14,25,19,52,18,38,47,60,71
소계,안보범죄,소계,대학원,소계,10,-,-,-,-,-,-,-,-,-,-,-
소계,안보범죄,소계,대학원,재중,-,-,2,1,2,-,1,1,-,-,1,-
소계,안보범죄,소계,대학원,중퇴,-,1,1,-,-,-,1,1,1,-,-,2
소계,안보범죄,소계,대학원,졸업,-,5,6,3,3,1,3,5,1,3,4,4
소계,안보범죄,소계,기타,소계,4,1,2,3,1,4,2,3,11,4,8,44
소계,안보범죄,소계,미상,소계,48,19,31,26,34,74,44,53,89,96,230,81
소계,선거범죄,소계,불취학,소계,2,7,-,9,18,9,17,9,2,2,1,20
소계,선거범죄,소계,초등학교,재중,-,-,-,-,-,-,-,1,-,-,-,-
소계,선거범죄,소계,초등학교,중퇴,1,9,3,12,8,3,18,14,6,8,2,32
소계,선거범죄,소계,초등학교,졸업,23,49,16,97,121,25,42,113,55,34,7,87
소계,선거범죄,소계,중학교,재중,-,2,-,-,1,-,-,4,-,-,1,18
소계,선거범죄,소계,중학교,중퇴,5,8,3,23,14,6,13,16,11,8,2,25
소계,선거범죄,소계,중학교,졸업,13,56,21,132,69,60,32,130,87,50,7,111
소계,선거범죄,소계,고등학교,재중,-,9,1,2,-,1,2,8,1,11,1,20
소계,선거범죄,소계,고등학교,중퇴,3,15,2,24,13,14,13,40,13,13,1,23
소계,선거범죄,소계,고등학교,졸업,106,497,92,633,327,299,212,709,373,269,46,725
소계,선거범죄,소계,대학(4년미만),재중,-,2,4,6,1,3,1,5,-,9,2,6
소계,선거범죄,소계,대학(4년미만),중퇴,2,5,2,9,3,4,3,8,-,5,-,10
소계,선거범죄,소계,대학(4년미만),졸업,22,65,18,130,57,58,39,157,54,47,6,153
소계,선거범죄,소계,대학(4년이상),재중,1,45,10,40,7,22,15,33,1,54,3,65
소계,선거범죄,소계,대학(4년이상),중퇴,4,22,9,46,6,13,23,48,9,16,5,65
소계,선거범죄,소계,대학(4년이상),졸업,98,372,98,567,169,326,140,654,158,249,55,701
소계,선거범죄,소계,대학원,소계,28,-,-,-,-,-,-,-,-,-,-,-
소계,선거범죄,소계,대학원,재중,-,19,3,18,3,10,3,23,6,8,1,21
소계,선거범죄,소계,대학원,중퇴,-,5,1,7,3,4,1,5,1,-,-,6
소계,선거범죄,소계,대학원,졸업,-,157,28,207,50,139,47,257,44,98,26,277
소계,선거범죄,소계,기타,소계,10,38,1,18,9,23,3,6,7,7,7,41
소계,선거범죄,소계,미상,소계,82,473,97,820,242,506,163,1040,352,657,139,1361
소계,병역범죄,소계,불취학,소계,4,2,2,4,2,4,-,3,-,2,-,1
소계,병역범죄,소계,초등학교,재중,-,1,-,-,-,-,-,-,-,-,-,-
소계,병역범죄,소계,초등학교,중퇴,8,13,10,4,7,5,3,3,12,2,1,1
소계,병역범죄,소계,초등학교,졸업,42,52,60,37,33,37,29,30,22,10,7,12
소계,병역범죄,소계,중학교,재중,2,3,1,2,-,-,-,-,-,-,-,-
소계,병역범죄,소계,중학교,중퇴,49,83,102,98,141,87,84,34,57,10,16,19
소계,병역범죄,소계,중학교,졸업,756,933,1174,1225,1244,958,790,696,578,244,153,204
소계,병역범죄,소계,고등학교,재중,9,9,2,4,2,2,2,2,-,-,-,1
소계,병역범죄,소계,고등학교,중퇴,1203,1259,1545,1267,1395,1040,763,621,469,214,128,166
소계,병역범죄,소계,고등학교,졸업,7441,8300,10345,8788,8831,7656,7266,6768,5998,1547,631,1965
소계,병역범죄,소계,대학(4년미만),재중,88,92,113,88,58,52,63,62,48,13,9,22
소계,병역범죄,소계,대학(4년미만),중퇴,239,244,326,266,235,190,170,165,176,51,30,47
소계,병역범죄,소계,대학(4년미만),졸업,764,910,1143,876,703,677,710,609,568,101,30,175
소계,병역범죄,소계,대학(4년이상),재중,684,843,1042,726,710,647,642,554,536,101,50,206
소계,병역범죄,소계,대학(4년이상),중퇴,1156,1445,2087,1660,1621,1441,1387,1318,1161,278,98,347
소계,병역범죄,소계,대학(4년이상),졸업,1338,1727,2055,1547,1504,1497,1373,1306,1243,197,77,405
소계,병역범죄,소계,대학원,소계,408,-,-,-,-,-,-,-,-,-,-,-
소계,병역범죄,소계,대학원,재중,-,137,171,108,117,89,89,47,57,17,9,28
소계,병역범죄,소계,대학원,중퇴,-,124,176,126,107,107,82,53,41,13,6,25
소계,병역범죄,소계,대학원,졸업,-,158,165,118,116,128,111,70,79,20,14,32
소계,병역범죄,소계,기타,소계,544,357,356,319,235,156,152,98,65,20,16,55
소계,병역범죄,소계,미상,소계,8017,1667,2325,1260,1180,886,858,815,699,324,120,198
소계,기타범죄,소계,불취학,소계,1255,1456,1529,1684,1568,1739,1533,1408,1469,1141,900,893
소계,기타범죄,소계,초등학교,재중,23,16,2,6,8,9,13,10,10,13,12,17
소계,기타범죄,소계,초등학교,중퇴,1612,1726,1849,2114,2046,2341,2072,1949,1893,1745,1501,1475
소계,기타범죄,소계,초등학교,졸업,9738,9881,10251,10472,10672,11807,10890,9308,9474,8225,6870,6610
소계,기타범죄,소계,중학교,재중,1025,1299,833,681,635,705,656,701,816,936,808,1139
소계,기타범죄,소계,중학교,중퇴,3280,3421,3424,3583,3561,4250,3703,3046,3058,2889,2522,2446
소계,기타범죄,소계,중학교,졸업,13644,13530,13906,15411,15457,19230,17130,14883,15052,13144,11665,11850
소계,기타범죄,소계,고등학교,재중,2671,3723,3525,3066,3237,3240,3177,2595,2395,2880,2783,2819
소계,기타범죄,소계,고등학교,중퇴,6144,5812,5929,6016,6426,7822,6820,5753,6137,5679,5129,5386
소계,기타범죄,소계,고등학교,졸업,80956,71227,70541,74223,75835,103104,87335,73446,74210,68765,63395,64604
소계,기타범죄,소계,대학(4년미만),재중,602,528,550,541,525,603,544,565,585,526,492,452
소계,기타범죄,소계,대학(4년미만),중퇴,838,790,838,908,959,1256,1052,1029,1043,955,920,967
소계,기타범죄,소계,대학(4년미만),졸업,8602,8050,8837,9522,10164,14251,12200,11083,11433,10501,9882,10184
소계,기타범죄,소계,대학(4년이상),재중,3308,3673,3507,4061,4211,5381,4458,3727,3689,3597,3312,3610
소계,기타범죄,소계,대학(4년이상),중퇴,3138,3351,3809,4419,4692,6700,5831,5185,5271,5039,4755,5218
소계,기타범죄,소계,대학(4년이상),졸업,21034,20654,22557,25107,26274,36510,31623,28415,29497,27840,27668,29209
소계,기타범죄,소계,대학원,소계,4327,-,-,-,-,-,-,-,-,-,-,-
소계,기타범죄,소계,대학원,재중,-,627,584,618,692,909,754,516,490,485,559,560
소계,기타범죄,소계,대학원,중퇴,-,309,294,334,412,558,514,269,348,328,352,370
소계,기타범죄,소계,대학원,졸업,-,3548,3696,3990,4358,5359,4977,3987,4489,4275,4403,4563
소계,기타범죄,소계,기타,소계,8955,5236,3147,3377,3328,4334,2625,1858,2274,2518,3144,3638
소계,기타범죄,소계,미상,소계,53629,49575,53916,60721,66687,80762,74923,77290,82367,83058,70126,77403
